freq,indic_is,unit,geo,year,value_raw,value
A,I_DSK2_AB,PC_IND,AL,2025,8.07 ,8.07
A,I_DSK2_AB,PC_IND,AT,2025,34.26 ,34.26
A,I_DSK2_AB,PC_IND,AT1,2025,36.81 ,36.81
A,I_DSK2_AB,PC_IND,AT2,2025,31.11 ,31.11
A,I_DSK2_AB,PC_IND,AT3,2025,32.85 ,32.85
A,I_DSK2_AB,PC_IND,BA,2025,9.75 ,9.75
A,I_DSK2_AB,PC_IND,BE,2025,29.69 ,29.69
A,I_DSK2_AB,PC_IND,BE1,2025,35.82 ,35.82
A,I_DSK2_AB,PC_IND,BE2,2025,29.59 ,29.59
A,I_DSK2_AB,PC_IND,BE3,2025,27.81 ,27.81
A,I_DSK2_AB,PC_IND,BG,2025,11.77 ,11.77
A,I_DSK2_AB,PC_IND,BG3,2025,10.92 ,10.92
A,I_DSK2_AB,PC_IND,BG4,2025,12.55 ,12.55
A,I_DSK2_AB,PC_IND,CH,2025,45.47 ,45.47
A,I_DSK2_AB,PC_IND,CY,2025,18.26 ,18.26
A,I_DSK2_AB,PC_IND,CZ,2025,37.34 ,37.34
A,I_DSK2_AB,PC_IND,DE,2025,24.21 ,24.21
A,I_DSK2_AB,PC_IND,DE1,2025,28.00 ,28.0
A,I_DSK2_AB,PC_IND,DE2,2025,19.75 ,19.75
A,I_DSK2_AB,PC_IND,DE3,2025,36.42 ,36.42
A,I_DSK2_AB,PC_IND,DE4,2025,24.27 ,24.27
A,I_DSK2_AB,PC_IND,DE6,2025,33.63 ,33.63
A,I_DSK2_AB,PC_IND,DE7,2025,21.20 ,21.2
A,I_DSK2_AB,PC_IND,DE8,2025,10.88 u,10.88
A,I_DSK2_AB,PC_IND,DE9,2025,25.25 ,25.25
A,I_DSK2_AB,PC_IND,DEA,2025,25.96 ,25.96
A,I_DSK2_AB,PC_IND,DED,2025,25.65 ,25.65
A,I_DSK2_AB,PC_IND,DEE,2025,13.88 ,13.88
A,I_DSK2_AB,PC_IND,DEF,2025,25.58 ,25.58
A,I_DSK2_AB,PC_IND,DK,2025,53.04 ,53.04
A,I_DSK2_AB,PC_IND,EE,2025,33.65 ,33.65
A,I_DSK2_AB,PC_IND,EL,2025,27.47 ,27.47
A,I_DSK2_AB,PC_IND,EL3,2025,23.58 ,23.58
A,I_DSK2_AB,PC_IND,EL4,2025,29.01 ,29.01
A,I_DSK2_AB,PC_IND,EL5,2025,35.21 ,35.21
A,I_DSK2_AB,PC_IND,EL6,2025,23.74 ,23.74
A,I_DSK2_AB,PC_IND,ES,2025,38.86 ,38.86
A,I_DSK2_AB,PC_IND,ES1,2025,36.81 ,36.81
A,I_DSK2_AB,PC_IND,ES2,2025,36.73 ,36.73
A,I_DSK2_AB,PC_IND,ES3,2025,44.75 ,44.75
A,I_DSK2_AB,PC_IND,ES4,2025,34.60 ,34.6
A,I_DSK2_AB,PC_IND,ES5,2025,41.55 ,41.55
A,I_DSK2_AB,PC_IND,ES6,2025,35.54 ,35.54
A,I_DSK2_AB,PC_IND,ES7,2025,36.37 ,36.37
A,I_DSK2_AB,PC_IND,FI,2025,54.91 ,54.91
A,I_DSK2_AB,PC_IND,FR,2025,34.99 ,34.99
A,I_DSK2_AB,PC_IND,FR1,2025,41.04 u,41.04
A,I_DSK2_AB,PC_IND,FRB,2025,34.36 u,34.36
A,I_DSK2_AB,PC_IND,FRC,2025,25.49 u,25.49
A,I_DSK2_AB,PC_IND,FRD,2025,33.16 u,33.16
A,I_DSK2_AB,PC_IND,FRE,2025,30.81 u,30.81
A,I_DSK2_AB,PC_IND,FRF,2025,30.93 u,30.93
A,I_DSK2_AB,PC_IND,FRG,2025,37.46 u,37.46
A,I_DSK2_AB,PC_IND,FRH,2025,35.45 u,35.45
A,I_DSK2_AB,PC_IND,FRI,2025,33.32 u,33.32
A,I_DSK2_AB,PC_IND,FRJ,2025,34.53 u,34.53
A,I_DSK2_AB,PC_IND,FRK,2025,37.73 u,37.73
A,I_DSK2_AB,PC_IND,FRL,2025,33.99 u,33.99
A,I_DSK2_AB,PC_IND,FRM,2025,38.57 u,38.57
A,I_DSK2_AB,PC_IND,FRY,2025,28.51 u,28.51
A,I_DSK2_AB,PC_IND,HR,2025,27.66 ,27.66
A,I_DSK2_AB,PC_IND,HU,2025,34.05 ,34.05
A,I_DSK2_AB,PC_IND,HU1,2025,46.07 ,46.07
A,I_DSK2_AB,PC_IND,HU2,2025,29.00 ,29.0
A,I_DSK2_AB,PC_IND,HU3,2025,27.92 ,27.92
A,I_DSK2_AB,PC_IND,IE,2025,54.41 ,54.41
A,I_DSK2_AB,PC_IND,IT,2025,31.51 ,31.51
A,I_DSK2_AB,PC_IND,ITC,2025,36.33 ,36.33
A,I_DSK2_AB,PC_IND,ITF,2025,23.40 ,23.4
A,I_DSK2_AB,PC_IND,ITG,2025,25.02 ,25.02
A,I_DSK2_AB,PC_IND,ITH,2025,35.74 ,35.74
A,I_DSK2_AB,PC_IND,ITI,2025,33.70 ,33.7
A,I_DSK2_AB,PC_IND,LT,2025,27.33 ,27.33
A,I_DSK2_AB,PC_IND,LU,2025,28.12 ,28.12
A,I_DSK2_AB,PC_IND,LV,2025,20.14 ,20.14
A,I_DSK2_AB,PC_IND,ME,2025,10.72 ,10.72
A,I_DSK2_AB,PC_IND,MK,2025,6.14 ,6.14
A,I_DSK2_AB,PC_IND,MT,2025,38.04 ,38.04
A,I_DSK2_AB,PC_IND,NL,2025,55.61 ,55.61
A,I_DSK2_AB,PC_IND,NL1,2025,50.42 ,50.42
A,I_DSK2_AB,PC_IND,NL2,2025,53.06 ,53.06
A,I_DSK2_AB,PC_IND,NL3,2025,59.42 ,59.42
A,I_DSK2_AB,PC_IND,NL4,2025,51.83 ,51.83
A,I_DSK2_AB,PC_IND,NO,2025,51.16 ,51.16
A,I_DSK2_AB,PC_IND,PL,2025,23.55 ,23.55
A,I_DSK2_AB,PC_IND,PL2,2025,27.28 ,27.28
A,I_DSK2_AB,PC_IND,PL4,2025,22.59 ,22.59
A,I_DSK2_AB,PC_IND,PL5,2025,23.38 ,23.38
A,I_DSK2_AB,PC_IND,PL6,2025,20.56 ,20.56
A,I_DSK2_AB,PC_IND,PL7,2025,15.72 ,15.72
A,I_DSK2_AB,PC_IND,PL8,2025,17.72 ,17.72
A,I_DSK2_AB,PC_IND,PL9,2025,33.17 ,33.17
A,I_DSK2_AB,PC_IND,PT,2025,31.97 ,31.97
A,I_DSK2_AB,PC_IND,PT1,2025,32.48 ,32.48
A,I_DSK2_AB,PC_IND,PT2,2025,21.86 ,21.86
A,I_DSK2_AB,PC_IND,PT3,2025,22.49 ,22.49
A,I_DSK2_AB,PC_IND,RO,2025,11.13 ,11.13
A,I_DSK2_AB,PC_IND,RO1,2025,11.93 ,11.93
A,I_DSK2_AB,PC_IND,RO2,2025,9.10 ,9.1
A,I_DSK2_AB,PC_IND,RO3,2025,14.55 ,14.55
A,I_DSK2_AB,PC_IND,RO4,2025,8.19 ,8.19
A,I_DSK2_AB,PC_IND,RS,2025,12.84 ,12.84
A,I_DSK2_AB,PC_IND,RS1,2025,16.13 ,16.13
A,I_DSK2_AB,PC_IND,RS2,2025,9.34 ,9.34
A,I_DSK2_AB,PC_IND,SE,2025,38.10 ,38.1
A,I_DSK2_AB,PC_IND,SE1,2025,39.55 ,39.55
A,I_DSK2_AB,PC_IND,SE2,2025,37.47 ,37.47
A,I_DSK2_AB,PC_IND,SE3,2025,36.17 ,36.17
A,I_DSK2_AB,PC_IND,SI,2025,19.80 ,19.8
A,I_DSK2_AB,PC_IND,SK,2025,21.16 ,21.16
A,I_DSK2_AB,PC_IND,TR,2025,9.91 ,9.91
A,I_DSK2_AB,PC_IND,TR1,2025,14.83 ,14.83
A,I_DSK2_AB,PC_IND,TR2,2025,8.40 ,8.4
A,I_DSK2_AB,PC_IND,TR3,2025,9.13 ,9.13
A,I_DSK2_AB,PC_IND,TR4,2025,14.70 ,14.7
A,I_DSK2_AB,PC_IND,TR5,2025,13.09 ,13.09
A,I_DSK2_AB,PC_IND,TR6,2025,7.77 ,7.77
A,I_DSK2_AB,PC_IND,TR7,2025,6.54 ,6.54
A,I_DSK2_AB,PC_IND,TR8,2025,7.67 ,7.67
A,I_DSK2_AB,PC_IND,TR9,2025,6.68 ,6.68
A,I_DSK2_AB,PC_IND,TRA,2025,5.16 ,5.16
A,I_DSK2_AB,PC_IND,TRB,2025,4.75 ,4.75
A,I_DSK2_AB,PC_IND,TRC,2025,3.70 ,3.7
A,I_DSK2_AB,PC_IND,XK,2025,9.14 ,9.14
A,I_DSK2_AB,PC_IND_IU3,AL,2025,9.26 ,9.26
A,I_DSK2_AB,PC_IND_IU3,AT,2025,35.94 ,35.94
A,I_DSK2_AB,PC_IND_IU3,AT1,2025,38.06 ,38.06
A,I_DSK2_AB,PC_IND_IU3,AT2,2025,33.23 ,33.23
A,I_DSK2_AB,PC_IND_IU3,AT3,2025,34.76 ,34.76
A,I_DSK2_AB,PC_IND_IU3,BA,2025,10.82 ,10.82
A,I_DSK2_AB,PC_IND_IU3,BE,2025,30.78 ,30.78
A,I_DSK2_AB,PC_IND_IU3,BE1,2025,37.89 ,37.89
A,I_DSK2_AB,PC_IND_IU3,BE2,2025,30.51 ,30.51
A,I_DSK2_AB,PC_IND_IU3,BE3,2025,28.91 ,28.91
A,I_DSK2_AB,PC_IND_IU3,BG,2025,13.55 ,13.55
A,I_DSK2_AB,PC_IND_IU3,BG3,2025,12.71 ,12.71
A,I_DSK2_AB,PC_IND_IU3,BG4,2025,14.31 ,14.31
A,I_DSK2_AB,PC_IND_IU3,CH,2025,45.96 ,45.96
A,I_DSK2_AB,PC_IND_IU3,CY,2025,19.46 ,19.46
A,I_DSK2_AB,PC_IND_IU3,CZ,2025,39.50 ,39.5
A,I_DSK2_AB,PC_IND_IU3,DE,2025,25.60 ,25.6
A,I_DSK2_AB,PC_IND_IU3,DE1,2025,29.18 ,29.18
A,I_DSK2_AB,PC_IND_IU3,DE2,2025,20.85 ,20.85
A,I_DSK2_AB,PC_IND_IU3,DE3,2025,39.14 ,39.14
A,I_DSK2_AB,PC_IND_IU3,DE4,2025,26.85 ,26.85
A,I_DSK2_AB,PC_IND_IU3,DE6,2025,34.86 ,34.86
A,I_DSK2_AB,PC_IND_IU3,DE7,2025,22.19 ,22.19
A,I_DSK2_AB,PC_IND_IU3,DE8,2025,11.63 u,11.63
A,I_DSK2_AB,PC_IND_IU3,DE9,2025,26.55 ,26.55
A,I_DSK2_AB,PC_IND_IU3,DEA,2025,27.41 ,27.41
A,I_DSK2_AB,PC_IND_IU3,DED,2025,26.99 ,26.99
A,I_DSK2_AB,PC_IND_IU3,DEE,2025,15.44 ,15.44
A,I_DSK2_AB,PC_IND_IU3,DEF,2025,27.01 ,27.01
A,I_DSK2_AB,PC_IND_IU3,DK,2025,53.20 ,53.2
A,I_DSK2_AB,PC_IND_IU3,EE,2025,35.47 ,35.47
A,I_DSK2_AB,PC_IND_IU3,EL,2025,30.82 ,30.82
A,I_DSK2_AB,PC_IND_IU3,EL3,2025,25.00 ,25.0
A,I_DSK2_AB,PC_IND_IU3,EL4,2025,33.69 ,33.69
A,I_DSK2_AB,PC_IND_IU3,EL5,2025,39.38 ,39.38
A,I_DSK2_AB,PC_IND_IU3,EL6,2025,28.88 ,28.88
A,I_DSK2_AB,PC_IND_IU3,ES,2025,40.34 ,40.34
A,I_DSK2_AB,PC_IND_IU3,ES1,2025,39.08 ,39.08
A,I_DSK2_AB,PC_IND_IU3,ES2,2025,38.13 ,38.13
A,I_DSK2_AB,PC_IND_IU3,ES3,2025,45.64 ,45.64
A,I_DSK2_AB,PC_IND_IU3,ES4,2025,36.36 ,36.36
A,I_DSK2_AB,PC_IND_IU3,ES5,2025,42.59 ,42.59
A,I_DSK2_AB,PC_IND_IU3,ES6,2025,37.45 ,37.45
A,I_DSK2_AB,PC_IND_IU3,ES7,2025,37.74 ,37.74
A,I_DSK2_AB,PC_IND_IU3,FI,2025,55.99 ,55.99
A,I_DSK2_AB,PC_IND_IU3,FR,2025,36.84 ,36.84
A,I_DSK2_AB,PC_IND_IU3,FR1,2025,42.53 u,42.53
A,I_DSK2_AB,PC_IND_IU3,FRB,2025,36.00 u,36.0
A,I_DSK2_AB,PC_IND_IU3,FRC,2025,27.56 u,27.56
A,I_DSK2_AB,PC_IND_IU3,FRD,2025,34.90 u,34.9
A,I_DSK2_AB,PC_IND_IU3,FRE,2025,32.95 u,32.95
A,I_DSK2_AB,PC_IND_IU3,FRF,2025,33.01 u,33.01
A,I_DSK2_AB,PC_IND_IU3,FRG,2025,38.91 u,38.91
A,I_DSK2_AB,PC_IND_IU3,FRH,2025,37.19 u,37.19
A,I_DSK2_AB,PC_IND_IU3,FRI,2025,34.90 u,34.9
A,I_DSK2_AB,PC_IND_IU3,FRJ,2025,36.41 u,36.41
A,I_DSK2_AB,PC_IND_IU3,FRK,2025,39.64 u,39.64
A,I_DSK2_AB,PC_IND_IU3,FRL,2025,35.48 u,35.48
A,I_DSK2_AB,PC_IND_IU3,FRM,2025,41.73 u,41.73
A,I_DSK2_AB,PC_IND_IU3,FRY,2025,32.13 u,32.13
A,I_DSK2_AB,PC_IND_IU3,HR,2025,32.20 ,32.2
A,I_DSK2_AB,PC_IND_IU3,HU,2025,36.69 ,36.69
A,I_DSK2_AB,PC_IND_IU3,HU1,2025,48.39 ,48.39
A,I_DSK2_AB,PC_IND_IU3,HU2,2025,31.31 ,31.31
A,I_DSK2_AB,PC_IND_IU3,HU3,2025,30.70 ,30.7
A,I_DSK2_AB,PC_IND_IU3,IE,2025,54.53 ,54.53
A,I_DSK2_AB,PC_IND_IU3,IT,2025,34.89 ,34.89
A,I_DSK2_AB,PC_IND_IU3,ITC,2025,39.10 ,39.1
A,I_DSK2_AB,PC_IND_IU3,ITF,2025,27.63 ,27.63
A,I_DSK2_AB,PC_IND_IU3,ITG,2025,28.87 ,28.87
A,I_DSK2_AB,PC_IND_IU3,ITH,2025,38.63 ,38.63
A,I_DSK2_AB,PC_IND_IU3,ITI,2025,36.18 ,36.18
A,I_DSK2_AB,PC_IND_IU3,LT,2025,30.60 ,30.6
A,I_DSK2_AB,PC_IND_IU3,LU,2025,28.36 ,28.36
A,I_DSK2_AB,PC_IND_IU3,LV,2025,21.30 ,21.3
A,I_DSK2_AB,PC_IND_IU3,ME,2025,11.38 ,11.38
A,I_DSK2_AB,PC_IND_IU3,MK,2025,6.67 ,6.67
A,I_DSK2_AB,PC_IND_IU3,MT,2025,39.62 ,39.62
A,I_DSK2_AB,PC_IND_IU3,NL,2025,55.78 ,55.78
A,I_DSK2_AB,PC_IND_IU3,NL1,2025,50.49 ,50.49
A,I_DSK2_AB,PC_IND_IU3,NL2,2025,53.18 ,53.18
A,I_DSK2_AB,PC_IND_IU3,NL3,2025,59.56 ,59.56
A,I_DSK2_AB,PC_IND_IU3,NL4,2025,52.13 ,52.13
A,I_DSK2_AB,PC_IND_IU3,NO,2025,51.77 ,51.77
A,I_DSK2_AB,PC_IND_IU3,PL,2025,26.26 ,26.26
A,I_DSK2_AB,PC_IND_IU3,PL2,2025,30.27 ,30.27
A,I_DSK2_AB,PC_IND_IU3,PL4,2025,24.78 ,24.78
A,I_DSK2_AB,PC_IND_IU3,PL5,2025,24.99 ,24.99
A,I_DSK2_AB,PC_IND_IU3,PL6,2025,23.08 ,23.08
A,I_DSK2_AB,PC_IND_IU3,PL7,2025,18.52 ,18.52
A,I_DSK2_AB,PC_IND_IU3,PL8,2025,20.24 ,20.24
A,I_DSK2_AB,PC_IND_IU3,PL9,2025,36.38 ,36.38
A,I_DSK2_AB,PC_IND_IU3,PT,2025,35.75 ,35.75
A,I_DSK2_AB,PC_IND_IU3,PT1,2025,36.29 ,36.29
A,I_DSK2_AB,PC_IND_IU3,PT2,2025,24.52 ,24.52
A,I_DSK2_AB,PC_IND_IU3,PT3,2025,25.46 ,25.46
A,I_DSK2_AB,PC_IND_IU3,RO,2025,11.95 ,11.95
A,I_DSK2_AB,PC_IND_IU3,RO1,2025,12.68 ,12.68
A,I_DSK2_AB,PC_IND_IU3,RO2,2025,9.87 ,9.87
A,I_DSK2_AB,PC_IND_IU3,RO3,2025,15.58 ,15.58
A,I_DSK2_AB,PC_IND_IU3,RO4,2025,8.81 ,8.81
A,I_DSK2_AB,PC_IND_IU3,RS,2025,14.26 ,14.26
A,I_DSK2_AB,PC_IND_IU3,RS1,2025,17.58 ,17.58
A,I_DSK2_AB,PC_IND_IU3,RS2,2025,10.58 ,10.58
A,I_DSK2_AB,PC_IND_IU3,SE,2025,38.78 ,38.78
A,I_DSK2_AB,PC_IND_IU3,SE1,2025,40.36 ,40.36
A,I_DSK2_AB,PC_IND_IU3,SE2,2025,38.03 ,38.03
A,I_DSK2_AB,PC_IND_IU3,SE3,2025,36.82 ,36.82
A,I_DSK2_AB,PC_IND_IU3,SI,2025,21.62 ,21.62
A,I_DSK2_AB,PC_IND_IU3,SK,2025,22.88 ,22.88
A,I_DSK2_AB,PC_IND_IU3,TR,2025,11.04 ,11.04
A,I_DSK2_AB,PC_IND_IU3,TR1,2025,15.42 ,15.42
A,I_DSK2_AB,PC_IND_IU3,TR2,2025,9.59 ,9.59
A,I_DSK2_AB,PC_IND_IU3,TR3,2025,10.29 ,10.29
A,I_DSK2_AB,PC_IND_IU3,TR4,2025,15.86 ,15.86
A,I_DSK2_AB,PC_IND_IU3,TR5,2025,14.49 ,14.49
A,I_DSK2_AB,PC_IND_IU3,TR6,2025,8.71 ,8.71
A,I_DSK2_AB,PC_IND_IU3,TR7,2025,7.39 ,7.39
A,I_DSK2_AB,PC_IND_IU3,TR8,2025,8.82 ,8.82
A,I_DSK2_AB,PC_IND_IU3,TR9,2025,7.87 ,7.87
A,I_DSK2_AB,PC_IND_IU3,TRA,2025,6.12 ,6.12
A,I_DSK2_AB,PC_IND_IU3,TRB,2025,6.04 ,6.04
A,I_DSK2_AB,PC_IND_IU3,TRC,2025,4.27 ,4.27
A,I_DSK2_AB,PC_IND_IU3,XK,2025,9.29 ,9.29
A,I_DSK2_B,PC_IND,AL,2025,19.57 ,19.57
A,I_DSK2_B,PC_IND,AT,2025,35.52 ,35.52
A,I_DSK2_B,PC_IND,AT1,2025,33.84 ,33.84
A,I_DSK2_B,PC_IND,AT2,2025,38.39 ,38.39
A,I_DSK2_B,PC_IND,AT3,2025,35.99 ,35.99
A,I_DSK2_B,PC_IND,BA,2025,26.50 ,26.5
A,I_DSK2_B,PC_IND,BE,2025,31.53 ,31.53
A,I_DSK2_B,PC_IND,BE1,2025,29.37 ,29.37
A,I_DSK2_B,PC_IND,BE2,2025,31.61 ,31.61
A,I_DSK2_B,PC_IND,BE3,2025,32.11 ,32.11
A,I_DSK2_B,PC_IND,BG,2025,26.49 ,26.49
A,I_DSK2_B,PC_IND,BG3,2025,24.27 ,24.27
A,I_DSK2_B,PC_IND,BG4,2025,28.52 ,28.52
A,I_DSK2_B,PC_IND,CH,2025,32.55 ,32.55
A,I_DSK2_B,PC_IND,CY,2025,37.49 ,37.49
A,I_DSK2_B,PC_IND,CZ,2025,33.11 ,33.11
A,I_DSK2_B,PC_IND,DE,2025,35.33 ,35.33
A,I_DSK2_B,PC_IND,DE1,2025,39.13 ,39.13
A,I_DSK2_B,PC_IND,DE2,2025,27.94 ,27.94
A,I_DSK2_B,PC_IND,DE3,2025,32.81 ,32.81
A,I_DSK2_B,PC_IND,DE4,2025,37.46 ,37.46
A,I_DSK2_B,PC_IND,DE6,2025,29.06 ,29.06
A,I_DSK2_B,PC_IND,DE7,2025,31.27 ,31.27
A,I_DSK2_B,PC_IND,DE8,2025,33.28 ,33.28
A,I_DSK2_B,PC_IND,DE9,2025,39.55 ,39.55
A,I_DSK2_B,PC_IND,DEA,2025,37.97 ,37.97
A,I_DSK2_B,PC_IND,DED,2025,36.35 ,36.35
A,I_DSK2_B,PC_IND,DEE,2025,29.26 ,29.26
A,I_DSK2_B,PC_IND,DEF,2025,38.81 ,38.81
A,I_DSK2_B,PC_IND,DK,2025,28.41 ,28.41
A,I_DSK2_B,PC_IND,EE,2025,28.87 ,28.87
A,I_DSK2_B,PC_IND,EL,2025,23.49 ,23.49
A,I_DSK2_B,PC_IND,EL3,2025,26.92 ,26.92
A,I_DSK2_B,PC_IND,EL4,2025,25.55 ,25.55
A,I_DSK2_B,PC_IND,EL5,2025,22.11 ,22.11
A,I_DSK2_B,PC_IND,EL6,2025,18.84 ,18.84
A,I_DSK2_B,PC_IND,ES,2025,27.65 ,27.65
A,I_DSK2_B,PC_IND,ES1,2025,25.89 ,25.89
A,I_DSK2_B,PC_IND,ES2,2025,29.36 ,29.36
A,I_DSK2_B,PC_IND,ES3,2025,27.18 ,27.18
A,I_DSK2_B,PC_IND,ES4,2025,27.59 ,27.59
A,I_DSK2_B,PC_IND,ES5,2025,27.43 ,27.43
A,I_DSK2_B,PC_IND,ES6,2025,27.74 ,27.74
A,I_DSK2_B,PC_IND,ES7,2025,30.05 ,30.05
A,I_DSK2_B,PC_IND,FI,2025,26.07 ,26.07
A,I_DSK2_B,PC_IND,FR,2025,30.75 ,30.75
A,I_DSK2_B,PC_IND,FR1,2025,30.05 u,30.05
A,I_DSK2_B,PC_IND,FRB,2025,28.57 u,28.57
A,I_DSK2_B,PC_IND,FRC,2025,33.08 u,33.08
A,I_DSK2_B,PC_IND,FRD,2025,29.34 u,29.34
A,I_DSK2_B,PC_IND,FRE,2025,29.91 u,29.91
A,I_DSK2_B,PC_IND,FRF,2025,30.68 u,30.68
A,I_DSK2_B,PC_IND,FRG,2025,29.74 u,29.74
A,I_DSK2_B,PC_IND,FRH,2025,32.41 u,32.41
A,I_DSK2_B,PC_IND,FRI,2025,32.12 u,32.12
A,I_DSK2_B,PC_IND,FRJ,2025,31.54 u,31.54
A,I_DSK2_B,PC_IND,FRK,2025,31.59 u,31.59
A,I_DSK2_B,PC_IND,FRL,2025,33.52 u,33.52
A,I_DSK2_B,PC_IND,FRM,2025,28.75 u,28.75
A,I_DSK2_B,PC_IND,FRY,2025,21.50 u,21.5
A,I_DSK2_B,PC_IND,HR,2025,35.72 ,35.72
A,I_DSK2_B,PC_IND,HU,2025,23.27 ,23.27
A,I_DSK2_B,PC_IND,HU1,2025,22.75 ,22.75
A,I_DSK2_B,PC_IND,HU2,2025,24.58 ,24.58
A,I_DSK2_B,PC_IND,HU3,2025,22.67 ,22.67
A,I_DSK2_B,PC_IND,IE,2025,28.42 ,28.42
A,I_DSK2_B,PC_IND,IT,2025,22.76 ,22.76
A,I_DSK2_B,PC_IND,ITC,2025,24.02 ,24.02
A,I_DSK2_B,PC_IND,ITF,2025,20.12 ,20.12
A,I_DSK2_B,PC_IND,ITG,2025,22.34 ,22.34
A,I_DSK2_B,PC_IND,ITH,2025,23.97 ,23.97
A,I_DSK2_B,PC_IND,ITI,2025,23.15 ,23.15
A,I_DSK2_B,PC_IND,LT,2025,26.48 ,26.48
A,I_DSK2_B,PC_IND,LU,2025,34.29 ,34.29
A,I_DSK2_B,PC_IND,LV,2025,28.30 ,28.3
A,I_DSK2_B,PC_IND,ME,2025,33.48 ,33.48
A,I_DSK2_B,PC_IND,MK,2025,22.35 ,22.35
A,I_DSK2_B,PC_IND,MT,2025,28.76 ,28.76
A,I_DSK2_B,PC_IND,NL,2025,27.99 ,27.99
A,I_DSK2_B,PC_IND,NL1,2025,30.59 ,30.59
A,I_DSK2_B,PC_IND,NL2,2025,31.17 ,31.17
A,I_DSK2_B,PC_IND,NL3,2025,25.74 ,25.74
A,I_DSK2_B,PC_IND,NL4,2025,28.78 ,28.78
A,I_DSK2_B,PC_IND,NO,2025,28.64 ,28.64
A,I_DSK2_B,PC_IND,PL,2025,26.87 ,26.87
A,I_DSK2_B,PC_IND,PL2,2025,26.69 ,26.69
A,I_DSK2_B,PC_IND,PL4,2025,26.02 ,26.02
A,I_DSK2_B,PC_IND,PL5,2025,30.27 ,30.27
A,I_DSK2_B,PC_IND,PL6,2025,26.08 ,26.08
A,I_DSK2_B,PC_IND,PL7,2025,29.82 ,29.82
A,I_DSK2_B,PC_IND,PL8,2025,24.05 ,24.05
A,I_DSK2_B,PC_IND,PL9,2025,27.83 ,27.83
A,I_DSK2_B,PC_IND,PT,2025,27.18 ,27.18
A,I_DSK2_B,PC_IND,PT1,2025,27.11 ,27.11
A,I_DSK2_B,PC_IND,PT2,2025,31.09 ,31.09
A,I_DSK2_B,PC_IND,PT3,2025,26.14 ,26.14
A,I_DSK2_B,PC_IND,RO,2025,20.71 ,20.71
A,I_DSK2_B,PC_IND,RO1,2025,17.94 ,17.94
A,I_DSK2_B,PC_IND,RO2,2025,21.81 ,21.81
A,I_DSK2_B,PC_IND,RO3,2025,23.38 ,23.38
A,I_DSK2_B,PC_IND,RO4,2025,18.89 ,18.89
A,I_DSK2_B,PC_IND,RS,2025,29.18 ,29.18
A,I_DSK2_B,PC_IND,RS1,2025,29.63 ,29.63
A,I_DSK2_B,PC_IND,RS2,2025,28.69 ,28.69
A,I_DSK2_B,PC_IND,SE,2025,31.88 ,31.88
A,I_DSK2_B,PC_IND,SE1,2025,31.12 ,31.12
A,I_DSK2_B,PC_IND,SE2,2025,33.08 ,33.08
A,I_DSK2_B,PC_IND,SE3,2025,30.76 ,30.76
A,I_DSK2_B,PC_IND,SI,2025,26.70 ,26.7
A,I_DSK2_B,PC_IND,SK,2025,32.40 ,32.4
A,I_DSK2_B,PC_IND,TR,2025,21.57 ,21.57
A,I_DSK2_B,PC_IND,TR1,2025,24.59 ,24.59
A,I_DSK2_B,PC_IND,TR2,2025,18.37 ,18.37
A,I_DSK2_B,PC_IND,TR3,2025,20.74 ,20.74
A,I_DSK2_B,PC_IND,TR4,2025,31.58 ,31.58
A,I_DSK2_B,PC_IND,TR5,2025,29.63 ,29.63
A,I_DSK2_B,PC_IND,TR6,2025,18.12 ,18.12
A,I_DSK2_B,PC_IND,TR7,2025,16.11 ,16.11
A,I_DSK2_B,PC_IND,TR8,2025,16.81 ,16.81
A,I_DSK2_B,PC_IND,TR9,2025,18.58 ,18.58
A,I_DSK2_B,PC_IND,TRA,2025,13.41 ,13.41
A,I_DSK2_B,PC_IND,TRB,2025,14.68 ,14.68
A,I_DSK2_B,PC_IND,TRC,2025,15.04 ,15.04
A,I_DSK2_B,PC_IND,XK,2025,66.44 ,66.44
A,I_DSK2_B,PC_IND_IU3,AL,2025,22.45 ,22.45
A,I_DSK2_B,PC_IND_IU3,AT,2025,37.27 ,37.27
A,I_DSK2_B,PC_IND_IU3,AT1,2025,34.99 ,34.99
A,I_DSK2_B,PC_IND_IU3,AT2,2025,41.01 ,41.01
A,I_DSK2_B,PC_IND_IU3,AT3,2025,38.09 ,38.09
A,I_DSK2_B,PC_IND_IU3,BA,2025,29.41 ,29.41
A,I_DSK2_B,PC_IND_IU3,BE,2025,32.69 ,32.69
A,I_DSK2_B,PC_IND_IU3,BE1,2025,31.07 ,31.07
A,I_DSK2_B,PC_IND_IU3,BE2,2025,32.60 ,32.6
A,I_DSK2_B,PC_IND_IU3,BE3,2025,33.38 ,33.38
A,I_DSK2_B,PC_IND_IU3,BG,2025,30.50 ,30.5
A,I_DSK2_B,PC_IND_IU3,BG3,2025,28.25 ,28.25
A,I_DSK2_B,PC_IND_IU3,BG4,2025,32.53 ,32.53
A,I_DSK2_B,PC_IND_IU3,CH,2025,32.90 ,32.9
A,I_DSK2_B,PC_IND_IU3,CY,2025,39.98 ,39.98
A,I_DSK2_B,PC_IND_IU3,CZ,2025,35.03 ,35.03
A,I_DSK2_B,PC_IND_IU3,DE,2025,37.36 ,37.36
A,I_DSK2_B,PC_IND_IU3,DE1,2025,40.79 ,40.79
A,I_DSK2_B,PC_IND_IU3,DE2,2025,29.50 ,29.5
A,I_DSK2_B,PC_IND_IU3,DE3,2025,35.26 ,35.26
A,I_DSK2_B,PC_IND_IU3,DE4,2025,41.44 ,41.44
A,I_DSK2_B,PC_IND_IU3,DE6,2025,30.13 ,30.13
A,I_DSK2_B,PC_IND_IU3,DE7,2025,32.73 ,32.73
A,I_DSK2_B,PC_IND_IU3,DE8,2025,35.57 ,35.57
A,I_DSK2_B,PC_IND_IU3,DE9,2025,41.58 ,41.58
A,I_DSK2_B,PC_IND_IU3,DEA,2025,40.10 ,40.1
A,I_DSK2_B,PC_IND_IU3,DED,2025,38.24 ,38.24
A,I_DSK2_B,PC_IND_IU3,DEE,2025,32.55 ,32.55
A,I_DSK2_B,PC_IND_IU3,DEF,2025,40.98 ,40.98
A,I_DSK2_B,PC_IND_IU3,DK,2025,28.49 ,28.49
A,I_DSK2_B,PC_IND_IU3,EE,2025,30.44 ,30.44
A,I_DSK2_B,PC_IND_IU3,EL,2025,26.34 ,26.34
A,I_DSK2_B,PC_IND_IU3,EL3,2025,28.55 ,28.55
A,I_DSK2_B,PC_IND_IU3,EL4,2025,29.66 ,29.66
A,I_DSK2_B,PC_IND_IU3,EL5,2025,24.73 ,24.73
A,I_DSK2_B,PC_IND_IU3,EL6,2025,22.92 ,22.92
A,I_DSK2_B,PC_IND_IU3,ES,2025,28.70 ,28.7
A,I_DSK2_B,PC_IND_IU3,ES1,2025,27.49 ,27.49
A,I_DSK2_B,PC_IND_IU3,ES2,2025,30.47 ,30.47
A,I_DSK2_B,PC_IND_IU3,ES3,2025,27.71 ,27.71
A,I_DSK2_B,PC_IND_IU3,ES4,2025,29.00 ,29.0
A,I_DSK2_B,PC_IND_IU3,ES5,2025,28.11 ,28.11
A,I_DSK2_B,PC_IND_IU3,ES6,2025,29.23 ,29.23
A,I_DSK2_B,PC_IND_IU3,ES7,2025,31.18 ,31.18
A,I_DSK2_B,PC_IND_IU3,FI,2025,26.58 ,26.58
A,I_DSK2_B,PC_IND_IU3,FR,2025,32.38 ,32.38
A,I_DSK2_B,PC_IND_IU3,FR1,2025,31.14 u,31.14
A,I_DSK2_B,PC_IND_IU3,FRB,2025,29.93 u,29.93
A,I_DSK2_B,PC_IND_IU3,FRC,2025,35.76 u,35.76
A,I_DSK2_B,PC_IND_IU3,FRD,2025,30.88 u,30.88
A,I_DSK2_B,PC_IND_IU3,FRE,2025,31.99 u,31.99
A,I_DSK2_B,PC_IND_IU3,FRF,2025,32.74 u,32.74
A,I_DSK2_B,PC_IND_IU3,FRG,2025,30.89 u,30.89
A,I_DSK2_B,PC_IND_IU3,FRH,2025,34.00 u,34.0
A,I_DSK2_B,PC_IND_IU3,FRI,2025,33.65 u,33.65
A,I_DSK2_B,PC_IND_IU3,FRJ,2025,33.25 u,33.25
A,I_DSK2_B,PC_IND_IU3,FRK,2025,33.18 u,33.18
A,I_DSK2_B,PC_IND_IU3,FRL,2025,34.99 u,34.99
A,I_DSK2_B,PC_IND_IU3,FRM,2025,31.10 u,31.1
A,I_DSK2_B,PC_IND_IU3,FRY,2025,24.23 u,24.23
A,I_DSK2_B,PC_IND_IU3,HR,2025,41.58 ,41.58
A,I_DSK2_B,PC_IND_IU3,HU,2025,25.08 ,25.08
A,I_DSK2_B,PC_IND_IU3,HU1,2025,23.90 ,23.9
A,I_DSK2_B,PC_IND_IU3,HU2,2025,26.54 ,26.54
A,I_DSK2_B,PC_IND_IU3,HU3,2025,24.94 ,24.94
A,I_DSK2_B,PC_IND_IU3,IE,2025,28.48 ,28.48
A,I_DSK2_B,PC_IND_IU3,IT,2025,25.20 ,25.2
A,I_DSK2_B,PC_IND_IU3,ITC,2025,25.85 ,25.85
A,I_DSK2_B,PC_IND_IU3,ITF,2025,23.75 ,23.75
A,I_DSK2_B,PC_IND_IU3,ITG,2025,25.77 ,25.77
A,I_DSK2_B,PC_IND_IU3,ITH,2025,25.91 ,25.91
A,I_DSK2_B,PC_IND_IU3,ITI,2025,24.85 ,24.85
A,I_DSK2_B,PC_IND_IU3,LT,2025,29.65 ,29.65
A,I_DSK2_B,PC_IND_IU3,LU,2025,34.59 ,34.59
A,I_DSK2_B,PC_IND_IU3,LV,2025,29.93 ,29.93
A,I_DSK2_B,PC_IND_IU3,ME,2025,35.53 ,35.53
A,I_DSK2_B,PC_IND_IU3,MK,2025,24.26 ,24.26
A,I_DSK2_B,PC_IND_IU3,MT,2025,29.96 ,29.96
A,I_DSK2_B,PC_IND_IU3,NL,2025,28.08 ,28.08
A,I_DSK2_B,PC_IND_IU3,NL1,2025,30.64 ,30.64
A,I_DSK2_B,PC_IND_IU3,NL2,2025,31.24 ,31.24
A,I_DSK2_B,PC_IND_IU3,NL3,2025,25.80 ,25.8
A,I_DSK2_B,PC_IND_IU3,NL4,2025,28.95 ,28.95
A,I_DSK2_B,PC_IND_IU3,NO,2025,28.99 ,28.99
A,I_DSK2_B,PC_IND_IU3,PL,2025,29.97 ,29.97
A,I_DSK2_B,PC_IND_IU3,PL2,2025,29.62 ,29.62
A,I_DSK2_B,PC_IND_IU3,PL4,2025,28.54 ,28.54
A,I_DSK2_B,PC_IND_IU3,PL5,2025,32.37 ,32.37
A,I_DSK2_B,PC_IND_IU3,PL6,2025,29.27 ,29.27
A,I_DSK2_B,PC_IND_IU3,PL7,2025,35.12 ,35.12
A,I_DSK2_B,PC_IND_IU3,PL8,2025,27.48 ,27.48
A,I_DSK2_B,PC_IND_IU3,PL9,2025,30.53 ,30.53
A,I_DSK2_B,PC_IND_IU3,PT,2025,30.38 ,30.38
A,I_DSK2_B,PC_IND_IU3,PT1,2025,30.29 ,30.29
A,I_DSK2_B,PC_IND_IU3,PT2,2025,34.86 ,34.86
A,I_DSK2_B,PC_IND_IU3,PT3,2025,29.60 ,29.6
A,I_DSK2_B,PC_IND_IU3,RO,2025,22.24 ,22.24
A,I_DSK2_B,PC_IND_IU3,RO1,2025,19.07 ,19.07
A,I_DSK2_B,PC_IND_IU3,RO2,2025,23.66 ,23.66
A,I_DSK2_B,PC_IND_IU3,RO3,2025,25.04 ,25.04
A,I_DSK2_B,PC_IND_IU3,RO4,2025,20.31 ,20.31
A,I_DSK2_B,PC_IND_IU3,RS,2025,32.40 ,32.4
A,I_DSK2_B,PC_IND_IU3,RS1,2025,32.30 ,32.3
A,I_DSK2_B,PC_IND_IU3,RS2,2025,32.52 ,32.52
A,I_DSK2_B,PC_IND_IU3,SE,2025,32.45 ,32.45
A,I_DSK2_B,PC_IND_IU3,SE1,2025,31.76 ,31.76
A,I_DSK2_B,PC_IND_IU3,SE2,2025,33.58 ,33.58
A,I_DSK2_B,PC_IND_IU3,SE3,2025,31.31 ,31.31
A,I_DSK2_B,PC_IND_IU3,SI,2025,29.16 ,29.16
A,I_DSK2_B,PC_IND_IU3,SK,2025,35.03 ,35.03
A,I_DSK2_B,PC_IND_IU3,TR,2025,24.03 ,24.03
A,I_DSK2_B,PC_IND_IU3,TR1,2025,25.58 ,25.58
A,I_DSK2_B,PC_IND_IU3,TR2,2025,20.96 ,20.96
A,I_DSK2_B,PC_IND_IU3,TR3,2025,23.39 ,23.39
A,I_DSK2_B,PC_IND_IU3,TR4,2025,34.07 ,34.07
A,I_DSK2_B,PC_IND_IU3,TR5,2025,32.81 ,32.81
A,I_DSK2_B,PC_IND_IU3,TR6,2025,20.30 ,20.3
A,I_DSK2_B,PC_IND_IU3,TR7,2025,18.19 ,18.19
A,I_DSK2_B,PC_IND_IU3,TR8,2025,19.34 ,19.34
A,I_DSK2_B,PC_IND_IU3,TR9,2025,21.90 ,21.9
A,I_DSK2_B,PC_IND_IU3,TRA,2025,15.93 ,15.93
A,I_DSK2_B,PC_IND_IU3,TRB,2025,18.67 ,18.67
A,I_DSK2_B,PC_IND_IU3,TRC,2025,17.37 ,17.37
A,I_DSK2_B,PC_IND_IU3,XK,2025,67.48 ,67.48
A,I_DSK2_BAB,PC_IND,AL,2025,27.65 ,27.65
A,I_DSK2_BAB,PC_IND,AT,2025,69.77 ,69.77
A,I_DSK2_BAB,PC_IND,AT1,2025,70.65 ,70.65
A,I_DSK2_BAB,PC_IND,AT2,2025,69.50 ,69.5
A,I_DSK2_BAB,PC_IND,AT3,2025,68.84 ,68.84
A,I_DSK2_BAB,PC_IND,BA,2025,36.25 ,36.25
A,I_DSK2_BAB,PC_IND,BE,2025,61.22 ,61.22
A,I_DSK2_BAB,PC_IND,BE1,2025,65.19 ,65.19
A,I_DSK2_BAB,PC_IND,BE2,2025,61.20 ,61.2
A,I_DSK2_BAB,PC_IND,BE3,2025,59.91 ,59.91
A,I_DSK2_BAB,PC_IND,BG,2025,38.26 ,38.26
A,I_DSK2_BAB,PC_IND,BG3,2025,35.19 ,35.19
A,I_DSK2_BAB,PC_IND,BG4,2025,41.08 ,41.08
A,I_DSK2_BAB,PC_IND,CH,2025,78.01 ,78.01
A,I_DSK2_BAB,PC_IND,CY,2025,55.75 ,55.75
A,I_DSK2_BAB,PC_IND,CZ,2025,70.45 ,70.45
A,I_DSK2_BAB,PC_IND,DE,2025,59.55 ,59.55
A,I_DSK2_BAB,PC_IND,DE1,2025,67.13 ,67.13
A,I_DSK2_BAB,PC_IND,DE2,2025,47.70 ,47.7
A,I_DSK2_BAB,PC_IND,DE3,2025,69.23 ,69.23
A,I_DSK2_BAB,PC_IND,DE4,2025,61.73 ,61.73
A,I_DSK2_BAB,PC_IND,DE6,2025,62.69 ,62.69
A,I_DSK2_BAB,PC_IND,DE7,2025,52.46 ,52.46
A,I_DSK2_BAB,PC_IND,DE8,2025,44.17 ,44.17
A,I_DSK2_BAB,PC_IND,DE9,2025,64.80 ,64.8
A,I_DSK2_BAB,PC_IND,DEA,2025,63.93 ,63.93
A,I_DSK2_BAB,PC_IND,DED,2025,62.00 ,62.0
A,I_DSK2_BAB,PC_IND,DEE,2025,43.14 ,43.14
A,I_DSK2_BAB,PC_IND,DEF,2025,64.39 ,64.39
A,I_DSK2_BAB,PC_IND,DK,2025,81.45 ,81.45
A,I_DSK2_BAB,PC_IND,EE,2025,62.52 ,62.52
A,I_DSK2_BAB,PC_IND,EL,2025,50.96 ,50.96
A,I_DSK2_BAB,PC_IND,EL3,2025,50.50 ,50.5
A,I_DSK2_BAB,PC_IND,EL4,2025,54.56 ,54.56
A,I_DSK2_BAB,PC_IND,EL5,2025,57.32 ,57.32
A,I_DSK2_BAB,PC_IND,EL6,2025,42.58 ,42.58
A,I_DSK2_BAB,PC_IND,ES,2025,66.50 ,66.5
A,I_DSK2_BAB,PC_IND,ES1,2025,62.70 ,62.7
A,I_DSK2_BAB,PC_IND,ES2,2025,66.09 ,66.09
A,I_DSK2_BAB,PC_IND,ES3,2025,71.93 ,71.93
A,I_DSK2_BAB,PC_IND,ES4,2025,62.19 ,62.19
A,I_DSK2_BAB,PC_IND,ES5,2025,68.98 ,68.98
A,I_DSK2_BAB,PC_IND,ES6,2025,63.27 ,63.27
A,I_DSK2_BAB,PC_IND,ES7,2025,66.43 ,66.43
A,I_DSK2_BAB,PC_IND,FI,2025,80.98 ,80.98
A,I_DSK2_BAB,PC_IND,FR,2025,65.74 ,65.74
A,I_DSK2_BAB,PC_IND,FR1,2025,71.09 u,71.09
A,I_DSK2_BAB,PC_IND,FRB,2025,62.93 u,62.93
A,I_DSK2_BAB,PC_IND,FRC,2025,58.56 u,58.56
A,I_DSK2_BAB,PC_IND,FRD,2025,62.49 u,62.49
A,I_DSK2_BAB,PC_IND,FRE,2025,60.72 u,60.72
A,I_DSK2_BAB,PC_IND,FRF,2025,61.61 u,61.61
A,I_DSK2_BAB,PC_IND,FRG,2025,67.19 u,67.19
A,I_DSK2_BAB,PC_IND,FRH,2025,67.85 u,67.85
A,I_DSK2_BAB,PC_IND,FRI,2025,65.44 u,65.44
A,I_DSK2_BAB,PC_IND,FRJ,2025,66.07 u,66.07
A,I_DSK2_BAB,PC_IND,FRK,2025,69.32 u,69.32
A,I_DSK2_BAB,PC_IND,FRL,2025,67.51 u,67.51
A,I_DSK2_BAB,PC_IND,FRM,2025,67.32 u,67.32
A,I_DSK2_BAB,PC_IND,FRY,2025,50.01 u,50.01
A,I_DSK2_BAB,PC_IND,HR,2025,63.38 ,63.38
A,I_DSK2_BAB,PC_IND,HU,2025,57.32 ,57.32
A,I_DSK2_BAB,PC_IND,HU1,2025,68.82 ,68.82
A,I_DSK2_BAB,PC_IND,HU2,2025,53.58 ,53.58
A,I_DSK2_BAB,PC_IND,HU3,2025,50.59 ,50.59
A,I_DSK2_BAB,PC_IND,IE,2025,82.82 ,82.82
A,I_DSK2_BAB,PC_IND,IT,2025,54.27 ,54.27
A,I_DSK2_BAB,PC_IND,ITC,2025,60.34 ,60.34
A,I_DSK2_BAB,PC_IND,ITF,2025,43.52 ,43.52
A,I_DSK2_BAB,PC_IND,ITG,2025,47.37 ,47.37
A,I_DSK2_BAB,PC_IND,ITH,2025,59.70 ,59.7
A,I_DSK2_BAB,PC_IND,ITI,2025,56.86 ,56.86
A,I_DSK2_BAB,PC_IND,LT,2025,53.80 ,53.8
A,I_DSK2_BAB,PC_IND,LU,2025,62.40 ,62.4
A,I_DSK2_BAB,PC_IND,LV,2025,48.43 ,48.43
A,I_DSK2_BAB,PC_IND,ME,2025,44.20 ,44.2
A,I_DSK2_BAB,PC_IND,MK,2025,28.50 ,28.5
A,I_DSK2_BAB,PC_IND,MT,2025,66.80 ,66.8
A,I_DSK2_BAB,PC_IND,NL,2025,83.61 ,83.61
A,I_DSK2_BAB,PC_IND,NL1,2025,81.02 ,81.02
A,I_DSK2_BAB,PC_IND,NL2,2025,84.24 ,84.24
A,I_DSK2_BAB,PC_IND,NL3,2025,85.17 ,85.17
A,I_DSK2_BAB,PC_IND,NL4,2025,80.60 ,80.6
A,I_DSK2_BAB,PC_IND,NO,2025,79.80 ,79.8
A,I_DSK2_BAB,PC_IND,PL,2025,50.42 ,50.42
A,I_DSK2_BAB,PC_IND,PL2,2025,53.96 ,53.96
A,I_DSK2_BAB,PC_IND,PL4,2025,48.61 ,48.61
A,I_DSK2_BAB,PC_IND,PL5,2025,53.65 ,53.65
A,I_DSK2_BAB,PC_IND,PL6,2025,46.63 ,46.63
A,I_DSK2_BAB,PC_IND,PL7,2025,45.55 ,45.55
A,I_DSK2_BAB,PC_IND,PL8,2025,41.77 ,41.77
A,I_DSK2_BAB,PC_IND,PL9,2025,61.00 ,61.0
A,I_DSK2_BAB,PC_IND,PT,2025,59.15 ,59.15
A,I_DSK2_BAB,PC_IND,PT1,2025,59.59 ,59.59
A,I_DSK2_BAB,PC_IND,PT2,2025,52.95 ,52.95
A,I_DSK2_BAB,PC_IND,PT3,2025,48.63 ,48.63
A,I_DSK2_BAB,PC_IND,RO,2025,31.84 ,31.84
A,I_DSK2_BAB,PC_IND,RO1,2025,29.87 ,29.87
A,I_DSK2_BAB,PC_IND,RO2,2025,30.91 ,30.91
A,I_DSK2_BAB,PC_IND,RO3,2025,37.92 ,37.92
A,I_DSK2_BAB,PC_IND,RO4,2025,27.09 ,27.09
A,I_DSK2_BAB,PC_IND,RS,2025,42.02 ,42.02
A,I_DSK2_BAB,PC_IND,RS1,2025,45.75 ,45.75
A,I_DSK2_BAB,PC_IND,RS2,2025,38.03 ,38.03
A,I_DSK2_BAB,PC_IND,SE,2025,69.99 ,69.99
A,I_DSK2_BAB,PC_IND,SE1,2025,70.67 ,70.67
A,I_DSK2_BAB,PC_IND,SE2,2025,70.54 ,70.54
A,I_DSK2_BAB,PC_IND,SE3,2025,66.93 ,66.93
A,I_DSK2_BAB,PC_IND,SI,2025,46.50 ,46.5
A,I_DSK2_BAB,PC_IND,SK,2025,53.56 ,53.56
A,I_DSK2_BAB,PC_IND,TR,2025,31.49 ,31.49
A,I_DSK2_BAB,PC_IND,TR1,2025,39.43 ,39.43
A,I_DSK2_BAB,PC_IND,TR2,2025,26.77 ,26.77
A,I_DSK2_BAB,PC_IND,TR3,2025,29.87 ,29.87
A,I_DSK2_BAB,PC_IND,TR4,2025,46.27 ,46.27
A,I_DSK2_BAB,PC_IND,TR5,2025,42.72 ,42.72
A,I_DSK2_BAB,PC_IND,TR6,2025,25.89 ,25.89
A,I_DSK2_BAB,PC_IND,TR7,2025,22.65 ,22.65
A,I_DSK2_BAB,PC_IND,TR8,2025,24.47 ,24.47
A,I_DSK2_BAB,PC_IND,TR9,2025,25.25 ,25.25
A,I_DSK2_BAB,PC_IND,TRA,2025,18.56 ,18.56
A,I_DSK2_BAB,PC_IND,TRB,2025,19.43 ,19.43
A,I_DSK2_BAB,PC_IND,TRC,2025,18.74 ,18.74
A,I_DSK2_BAB,PC_IND,XK,2025,75.59 ,75.59
A,I_DSK2_BAB,PC_IND_IU3,AL,2025,31.71 ,31.71
A,I_DSK2_BAB,PC_IND_IU3,AT,2025,73.21 ,73.21
A,I_DSK2_BAB,PC_IND_IU3,AT1,2025,73.05 ,73.05
A,I_DSK2_BAB,PC_IND_IU3,AT2,2025,74.24 ,74.24
A,I_DSK2_BAB,PC_IND_IU3,AT3,2025,72.84 ,72.84
A,I_DSK2_BAB,PC_IND_IU3,BA,2025,40.22 ,40.22
A,I_DSK2_BAB,PC_IND_IU3,BE,2025,63.47 ,63.47
A,I_DSK2_BAB,PC_IND_IU3,BE1,2025,68.97 ,68.97
A,I_DSK2_BAB,PC_IND_IU3,BE2,2025,63.11 ,63.11
A,I_DSK2_BAB,PC_IND_IU3,BE3,2025,62.29 ,62.29
A,I_DSK2_BAB,PC_IND_IU3,BG,2025,44.05 ,44.05
A,I_DSK2_BAB,PC_IND_IU3,BG3,2025,40.96 ,40.96
A,I_DSK2_BAB,PC_IND_IU3,BG4,2025,46.84 ,46.84
A,I_DSK2_BAB,PC_IND_IU3,CH,2025,78.86 ,78.86
A,I_DSK2_BAB,PC_IND_IU3,CY,2025,59.44 ,59.44
A,I_DSK2_BAB,PC_IND_IU3,CZ,2025,74.54 ,74.54
A,I_DSK2_BAB,PC_IND_IU3,DE,2025,62.96 ,62.96
A,I_DSK2_BAB,PC_IND_IU3,DE1,2025,69.97 ,69.97
A,I_DSK2_BAB,PC_IND_IU3,DE2,2025,50.36 ,50.36
A,I_DSK2_BAB,PC_IND_IU3,DE3,2025,74.40 ,74.4
A,I_DSK2_BAB,PC_IND_IU3,DE4,2025,68.29 ,68.29
A,I_DSK2_BAB,PC_IND_IU3,DE6,2025,65.00 ,65.0
A,I_DSK2_BAB,PC_IND_IU3,DE7,2025,54.93 ,54.93
A,I_DSK2_BAB,PC_IND_IU3,DE8,2025,47.20 ,47.2
A,I_DSK2_BAB,PC_IND_IU3,DE9,2025,68.14 ,68.14
A,I_DSK2_BAB,PC_IND_IU3,DEA,2025,67.51 ,67.51
A,I_DSK2_BAB,PC_IND_IU3,DED,2025,65.23 ,65.23
A,I_DSK2_BAB,PC_IND_IU3,DEE,2025,47.99 ,47.99
A,I_DSK2_BAB,PC_IND_IU3,DEF,2025,67.99 ,67.99
A,I_DSK2_BAB,PC_IND_IU3,DK,2025,81.69 ,81.69
A,I_DSK2_BAB,PC_IND_IU3,EE,2025,65.90 ,65.9
A,I_DSK2_BAB,PC_IND_IU3,EL,2025,57.16 ,57.16
A,I_DSK2_BAB,PC_IND_IU3,EL3,2025,53.55 ,53.55
A,I_DSK2_BAB,PC_IND_IU3,EL4,2025,63.35 ,63.35
A,I_DSK2_BAB,PC_IND_IU3,EL5,2025,64.12 ,64.12
A,I_DSK2_BAB,PC_IND_IU3,EL6,2025,51.80 ,51.8
A,I_DSK2_BAB,PC_IND_IU3,ES,2025,69.03 ,69.03
A,I_DSK2_BAB,PC_IND_IU3,ES1,2025,66.58 ,66.58
A,I_DSK2_BAB,PC_IND_IU3,ES2,2025,68.60 ,68.6
A,I_DSK2_BAB,PC_IND_IU3,ES3,2025,73.35 ,73.35
A,I_DSK2_BAB,PC_IND_IU3,ES4,2025,65.36 ,65.36
A,I_DSK2_BAB,PC_IND_IU3,ES5,2025,70.70 ,70.7
A,I_DSK2_BAB,PC_IND_IU3,ES6,2025,66.67 ,66.67
A,I_DSK2_BAB,PC_IND_IU3,ES7,2025,68.93 ,68.93
A,I_DSK2_BAB,PC_IND_IU3,FI,2025,82.57 ,82.57
A,I_DSK2_BAB,PC_IND_IU3,FR,2025,69.22 ,69.22
A,I_DSK2_BAB,PC_IND_IU3,FR1,2025,73.67 u,73.67
A,I_DSK2_BAB,PC_IND_IU3,FRB,2025,65.93 u,65.93
A,I_DSK2_BAB,PC_IND_IU3,FRC,2025,63.32 u,63.32
A,I_DSK2_BAB,PC_IND_IU3,FRD,2025,65.78 u,65.78
A,I_DSK2_BAB,PC_IND_IU3,FRE,2025,64.94 u,64.94
A,I_DSK2_BAB,PC_IND_IU3,FRF,2025,65.75 u,65.75
A,I_DSK2_BAB,PC_IND_IU3,FRG,2025,69.80 u,69.8
A,I_DSK2_BAB,PC_IND_IU3,FRH,2025,71.19 u,71.19
A,I_DSK2_BAB,PC_IND_IU3,FRI,2025,68.55 u,68.55
A,I_DSK2_BAB,PC_IND_IU3,FRJ,2025,69.66 u,69.66
A,I_DSK2_BAB,PC_IND_IU3,FRK,2025,72.82 u,72.82
A,I_DSK2_BAB,PC_IND_IU3,FRL,2025,70.47 u,70.47
A,I_DSK2_BAB,PC_IND_IU3,FRM,2025,72.83 u,72.83
A,I_DSK2_BAB,PC_IND_IU3,FRY,2025,56.36 u,56.36
A,I_DSK2_BAB,PC_IND_IU3,HR,2025,73.78 ,73.78
A,I_DSK2_BAB,PC_IND_IU3,HU,2025,61.77 ,61.77
A,I_DSK2_BAB,PC_IND_IU3,HU1,2025,72.29 ,72.29
A,I_DSK2_BAB,PC_IND_IU3,HU2,2025,57.84 ,57.84
A,I_DSK2_BAB,PC_IND_IU3,HU3,2025,55.64 ,55.64
A,I_DSK2_BAB,PC_IND_IU3,IE,2025,83.01 ,83.01
A,I_DSK2_BAB,PC_IND_IU3,IT,2025,60.08 ,60.08
A,I_DSK2_BAB,PC_IND_IU3,ITC,2025,64.95 ,64.95
A,I_DSK2_BAB,PC_IND_IU3,ITF,2025,51.38 ,51.38
A,I_DSK2_BAB,PC_IND_IU3,ITG,2025,54.64 ,54.64
A,I_DSK2_BAB,PC_IND_IU3,ITH,2025,64.54 ,64.54
A,I_DSK2_BAB,PC_IND_IU3,ITI,2025,61.03 ,61.03
A,I_DSK2_BAB,PC_IND_IU3,LT,2025,60.25 ,60.25
A,I_DSK2_BAB,PC_IND_IU3,LU,2025,62.95 ,62.95
A,I_DSK2_BAB,PC_IND_IU3,LV,2025,51.24 ,51.24
A,I_DSK2_BAB,PC_IND_IU3,ME,2025,46.91 ,46.91
A,I_DSK2_BAB,PC_IND_IU3,MK,2025,30.93 ,30.93
A,I_DSK2_BAB,PC_IND_IU3,MT,2025,69.58 ,69.58
A,I_DSK2_BAB,PC_IND_IU3,NL,2025,83.85 ,83.85
A,I_DSK2_BAB,PC_IND_IU3,NL1,2025,81.13 ,81.13
A,I_DSK2_BAB,PC_IND_IU3,NL2,2025,84.43 ,84.43
A,I_DSK2_BAB,PC_IND_IU3,NL3,2025,85.36 ,85.36
A,I_DSK2_BAB,PC_IND_IU3,NL4,2025,81.07 ,81.07
A,I_DSK2_BAB,PC_IND_IU3,NO,2025,80.76 ,80.76
A,I_DSK2_BAB,PC_IND_IU3,PL,2025,56.24 ,56.24
A,I_DSK2_BAB,PC_IND_IU3,PL2,2025,59.89 ,59.89
A,I_DSK2_BAB,PC_IND_IU3,PL4,2025,53.32 ,53.32
A,I_DSK2_BAB,PC_IND_IU3,PL5,2025,57.36 ,57.36
A,I_DSK2_BAB,PC_IND_IU3,PL6,2025,52.35 ,52.35
A,I_DSK2_BAB,PC_IND_IU3,PL7,2025,53.64 ,53.64
A,I_DSK2_BAB,PC_IND_IU3,PL8,2025,47.72 ,47.72
A,I_DSK2_BAB,PC_IND_IU3,PL9,2025,66.91 ,66.91
A,I_DSK2_BAB,PC_IND_IU3,PT,2025,66.13 ,66.13
A,I_DSK2_BAB,PC_IND_IU3,PT1,2025,66.59 ,66.59
A,I_DSK2_BAB,PC_IND_IU3,PT2,2025,59.38 ,59.38
A,I_DSK2_BAB,PC_IND_IU3,PT3,2025,55.05 ,55.05
A,I_DSK2_BAB,PC_IND_IU3,RO,2025,34.18 ,34.18
A,I_DSK2_BAB,PC_IND_IU3,RO1,2025,31.75 ,31.75
A,I_DSK2_BAB,PC_IND_IU3,RO2,2025,33.53 ,33.53
A,I_DSK2_BAB,PC_IND_IU3,RO3,2025,40.62 ,40.62
A,I_DSK2_BAB,PC_IND_IU3,RO4,2025,29.12 ,29.12
A,I_DSK2_BAB,PC_IND_IU3,RS,2025,46.67 ,46.67
A,I_DSK2_BAB,PC_IND_IU3,RS1,2025,49.88 ,49.88
A,I_DSK2_BAB,PC_IND_IU3,RS2,2025,43.10 ,43.1
A,I_DSK2_BAB,PC_IND_IU3,SE,2025,71.23 ,71.23
A,I_DSK2_BAB,PC_IND_IU3,SE1,2025,72.12 ,72.12
A,I_DSK2_BAB,PC_IND_IU3,SE2,2025,71.61 ,71.61
A,I_DSK2_BAB,PC_IND_IU3,SE3,2025,68.13 ,68.13
A,I_DSK2_BAB,PC_IND_IU3,SI,2025,50.79 ,50.79
A,I_DSK2_BAB,PC_IND_IU3,SK,2025,57.91 ,57.91
A,I_DSK2_BAB,PC_IND_IU3,TR,2025,35.07 ,35.07
A,I_DSK2_BAB,PC_IND_IU3,TR1,2025,41.00 ,41.0
A,I_DSK2_BAB,PC_IND_IU3,TR2,2025,30.55 ,30.55
A,I_DSK2_BAB,PC_IND_IU3,TR3,2025,33.68 ,33.68
A,I_DSK2_BAB,PC_IND_IU3,TR4,2025,49.93 ,49.93
A,I_DSK2_BAB,PC_IND_IU3,TR5,2025,47.30 ,47.3
A,I_DSK2_BAB,PC_IND_IU3,TR6,2025,29.01 ,29.01
A,I_DSK2_BAB,PC_IND_IU3,TR7,2025,25.58 ,25.58
A,I_DSK2_BAB,PC_IND_IU3,TR8,2025,28.16 ,28.16
A,I_DSK2_BAB,PC_IND_IU3,TR9,2025,29.77 ,29.77
A,I_DSK2_BAB,PC_IND_IU3,TRA,2025,22.05 ,22.05
A,I_DSK2_BAB,PC_IND_IU3,TRB,2025,24.72 ,24.72
A,I_DSK2_BAB,PC_IND_IU3,TRC,2025,21.63 ,21.63
A,I_DSK2_BAB,PC_IND_IU3,XK,2025,76.76 ,76.76
A,I_DSK2_CC_AB,PC_IND,AL,2025,84.34 ,84.34
A,I_DSK2_CC_AB,PC_IND,AT,2025,90.24 ,90.24
A,I_DSK2_CC_AB,PC_IND,AT1,2025,90.73 ,90.73
A,I_DSK2_CC_AB,PC_IND,AT2,2025,89.07 ,89.07
A,I_DSK2_CC_AB,PC_IND,AT3,2025,90.29 ,90.29
A,I_DSK2_CC_AB,PC_IND,BA,2025,87.05 ,87.05
A,I_DSK2_CC_AB,PC_IND,BE,2025,86.19 ,86.19
A,I_DSK2_CC_AB,PC_IND,BE1,2025,85.39 ,85.39
A,I_DSK2_CC_AB,PC_IND,BE2,2025,87.49 ,87.49
A,I_DSK2_CC_AB,PC_IND,BE3,2025,84.09 ,84.09
A,I_DSK2_CC_AB,PC_IND,BG,2025,78.49 ,78.49
A,I_DSK2_CC_AB,PC_IND,BG3,2025,76.89 ,76.89
A,I_DSK2_CC_AB,PC_IND,BG4,2025,79.95 ,79.95
A,I_DSK2_CC_AB,PC_IND,CH,2025,94.92 ,94.92
A,I_DSK2_CC_AB,PC_IND,CY,2025,90.57 ,90.57
A,I_DSK2_CC_AB,PC_IND,CZ,2025,88.90 ,88.9
A,I_DSK2_CC_AB,PC_IND,DE,2025,88.50 ,88.5
A,I_DSK2_CC_AB,PC_IND,DE1,2025,89.82 ,89.82
A,I_DSK2_CC_AB,PC_IND,DE2,2025,88.72 ,88.72
A,I_DSK2_CC_AB,PC_IND,DE3,2025,86.06 ,86.06
A,I_DSK2_CC_AB,PC_IND,DE4,2025,84.73 ,84.73
A,I_DSK2_CC_AB,PC_IND,DE6,2025,91.60 ,91.6
A,I_DSK2_CC_AB,PC_IND,DE7,2025,88.52 ,88.52
A,I_DSK2_CC_AB,PC_IND,DE8,2025,85.59 ,85.59
A,I_DSK2_CC_AB,PC_IND,DE9,2025,88.24 ,88.24
A,I_DSK2_CC_AB,PC_IND,DEA,2025,90.27 ,90.27
A,I_DSK2_CC_AB,PC_IND,DED,2025,87.65 ,87.65
A,I_DSK2_CC_AB,PC_IND,DEE,2025,82.54 ,82.54
A,I_DSK2_CC_AB,PC_IND,DEF,2025,88.23 ,88.23
A,I_DSK2_CC_AB,PC_IND,DK,2025,95.99 ,95.99
A,I_DSK2_CC_AB,PC_IND,EE,2025,84.87 ,84.87
A,I_DSK2_CC_AB,PC_IND,EL,2025,84.64 ,84.64
A,I_DSK2_CC_AB,PC_IND,EL3,2025,85.75 ,85.75
A,I_DSK2_CC_AB,PC_IND,EL4,2025,81.85 ,81.85
A,I_DSK2_CC_AB,PC_IND,EL5,2025,87.88 ,87.88
A,I_DSK2_CC_AB,PC_IND,EL6,2025,80.37 ,80.37
A,I_DSK2_CC_AB,PC_IND,ES,2025,92.08 ,92.08
A,I_DSK2_CC_AB,PC_IND,ES1,2025,87.76 ,87.76
A,I_DSK2_CC_AB,PC_IND,ES2,2025,91.94 ,91.94
A,I_DSK2_CC_AB,PC_IND,ES3,2025,94.41 ,94.41
A,I_DSK2_CC_AB,PC_IND,ES4,2025,90.04 ,90.04
A,I_DSK2_CC_AB,PC_IND,ES5,2025,94.15 ,94.15
A,I_DSK2_CC_AB,PC_IND,ES6,2025,90.47 ,90.47
A,I_DSK2_CC_AB,PC_IND,ES7,2025,91.98 ,91.98
A,I_DSK2_CC_AB,PC_IND,FI,2025,94.63 ,94.63
A,I_DSK2_CC_AB,PC_IND,FR,2025,85.49 ,85.49
A,I_DSK2_CC_AB,PC_IND,FR1,2025,89.74 u,89.74
A,I_DSK2_CC_AB,PC_IND,FRB,2025,86.92 u,86.92
A,I_DSK2_CC_AB,PC_IND,FRC,2025,81.41 u,81.41
A,I_DSK2_CC_AB,PC_IND,FRD,2025,83.82 u,83.82
A,I_DSK2_CC_AB,PC_IND,FRE,2025,82.50 u,82.5
A,I_DSK2_CC_AB,PC_IND,FRF,2025,82.93 u,82.93
A,I_DSK2_CC_AB,PC_IND,FRG,2025,87.99 u,87.99
A,I_DSK2_CC_AB,PC_IND,FRH,2025,85.33 u,85.33
A,I_DSK2_CC_AB,PC_IND,FRI,2025,85.58 u,85.58
A,I_DSK2_CC_AB,PC_IND,FRJ,2025,82.46 u,82.46
A,I_DSK2_CC_AB,PC_IND,FRK,2025,85.40 u,85.4
A,I_DSK2_CC_AB,PC_IND,FRL,2025,87.29 u,87.29
A,I_DSK2_CC_AB,PC_IND,FRM,2025,82.45 u,82.45
A,I_DSK2_CC_AB,PC_IND,FRY,2025,80.94 u,80.94
A,I_DSK2_CC_AB,PC_IND,HR,2025,80.72 ,80.72
A,I_DSK2_CC_AB,PC_IND,HU,2025,84.01 ,84.01
A,I_DSK2_CC_AB,PC_IND,HU1,2025,88.00 ,88.0
A,I_DSK2_CC_AB,PC_IND,HU2,2025,83.80 ,83.8
A,I_DSK2_CC_AB,PC_IND,HU3,2025,80.81 ,80.81
A,I_DSK2_CC_AB,PC_IND,IE,2025,96.04 ,96.04
A,I_DSK2_CC_AB,PC_IND,IT,2025,84.32 ,84.32
A,I_DSK2_CC_AB,PC_IND,ITC,2025,87.44 ,87.44
A,I_DSK2_CC_AB,PC_IND,ITF,2025,77.44 ,77.44
A,I_DSK2_CC_AB,PC_IND,ITG,2025,80.19 ,80.19
A,I_DSK2_CC_AB,PC_IND,ITH,2025,87.05 ,87.05
A,I_DSK2_CC_AB,PC_IND,ITI,2025,87.61 ,87.61
A,I_DSK2_CC_AB,PC_IND,LT,2025,81.57 ,81.57
A,I_DSK2_CC_AB,PC_IND,LU,2025,86.19 ,86.19
A,I_DSK2_CC_AB,PC_IND,LV,2025,88.64 ,88.64
A,I_DSK2_CC_AB,PC_IND,ME,2025,92.00 ,92.0
A,I_DSK2_CC_AB,PC_IND,MK,2025,86.29 ,86.29
A,I_DSK2_CC_AB,PC_IND,MT,2025,93.01 ,93.01
A,I_DSK2_CC_AB,PC_IND,NL,2025,98.60 ,98.6
A,I_DSK2_CC_AB,PC_IND,NL1,2025,99.42 ,99.42
A,I_DSK2_CC_AB,PC_IND,NL2,2025,98.56 ,98.56
A,I_DSK2_CC_AB,PC_IND,NL3,2025,98.59 ,98.59
A,I_DSK2_CC_AB,PC_IND,NL4,2025,98.29 ,98.29
A,I_DSK2_CC_AB,PC_IND,NO,2025,94.98 ,94.98
A,I_DSK2_CC_AB,PC_IND,PL,2025,76.27 ,76.27
A,I_DSK2_CC_AB,PC_IND,PL2,2025,77.93 ,77.93
A,I_DSK2_CC_AB,PC_IND,PL4,2025,77.52 ,77.52
A,I_DSK2_CC_AB,PC_IND,PL5,2025,80.54 ,80.54
A,I_DSK2_CC_AB,PC_IND,PL6,2025,74.15 ,74.15
A,I_DSK2_CC_AB,PC_IND,PL7,2025,71.29 ,71.29
A,I_DSK2_CC_AB,PC_IND,PL8,2025,74.25 ,74.25
A,I_DSK2_CC_AB,PC_IND,PL9,2025,77.64 ,77.64
A,I_DSK2_CC_AB,PC_IND,PT,2025,85.19 ,85.19
A,I_DSK2_CC_AB,PC_IND,PT1,2025,85.28 ,85.28
A,I_DSK2_CC_AB,PC_IND,PT2,2025,84.44 ,84.44
A,I_DSK2_CC_AB,PC_IND,PT3,2025,82.51 ,82.51
A,I_DSK2_CC_AB,PC_IND,RO,2025,83.56 ,83.56
A,I_DSK2_CC_AB,PC_IND,RO1,2025,84.96 ,84.96
A,I_DSK2_CC_AB,PC_IND,RO2,2025,83.00 ,83.0
A,I_DSK2_CC_AB,PC_IND,RO3,2025,84.99 ,84.99
A,I_DSK2_CC_AB,PC_IND,RO4,2025,80.46 ,80.46
A,I_DSK2_CC_AB,PC_IND,RS,2025,86.25 ,86.25
A,I_DSK2_CC_AB,PC_IND,RS1,2025,88.70 ,88.7
A,I_DSK2_CC_AB,PC_IND,RS2,2025,83.63 ,83.63
A,I_DSK2_CC_AB,PC_IND,SE,2025,90.19 ,90.19
A,I_DSK2_CC_AB,PC_IND,SE1,2025,90.28 ,90.28
A,I_DSK2_CC_AB,PC_IND,SE2,2025,91.00 ,91.0
A,I_DSK2_CC_AB,PC_IND,SE3,2025,87.95 ,87.95
A,I_DSK2_CC_AB,PC_IND,SI,2025,80.77 ,80.77
A,I_DSK2_CC_AB,PC_IND,SK,2025,77.70 ,77.7
A,I_DSK2_CC_AB,PC_IND,TR,2025,86.90 ,86.9
A,I_DSK2_CC_AB,PC_IND,TR1,2025,94.62 ,94.62
A,I_DSK2_CC_AB,PC_IND,TR2,2025,83.60 ,83.6
A,I_DSK2_CC_AB,PC_IND,TR3,2025,85.45 ,85.45
A,I_DSK2_CC_AB,PC_IND,TR4,2025,91.21 ,91.21
A,I_DSK2_CC_AB,PC_IND,TR5,2025,87.49 ,87.49
A,I_DSK2_CC_AB,PC_IND,TR6,2025,85.92 ,85.92
A,I_DSK2_CC_AB,PC_IND,TR7,2025,84.53 ,84.53
A,I_DSK2_CC_AB,PC_IND,TR8,2025,84.02 ,84.02
A,I_DSK2_CC_AB,PC_IND,TR9,2025,81.61 ,81.61
A,I_DSK2_CC_AB,PC_IND,TRA,2025,80.63 ,80.63
A,I_DSK2_CC_AB,PC_IND,TRB,2025,76.34 ,76.34
A,I_DSK2_CC_AB,PC_IND,TRC,2025,81.77 ,81.77
A,I_DSK2_CC_AB,PC_IND,XK,2025,94.68 ,94.68
A,I_DSK2_CC_AB,PC_IND_IU3,AL,2025,96.74 ,96.74
A,I_DSK2_CC_AB,PC_IND_IU3,AT,2025,94.69 ,94.69
A,I_DSK2_CC_AB,PC_IND_IU3,AT1,2025,93.81 ,93.81
A,I_DSK2_CC_AB,PC_IND_IU3,AT2,2025,95.14 ,95.14
A,I_DSK2_CC_AB,PC_IND_IU3,AT3,2025,95.54 ,95.54
A,I_DSK2_CC_AB,PC_IND_IU3,BA,2025,96.61 ,96.61
A,I_DSK2_CC_AB,PC_IND_IU3,BE,2025,89.35 ,89.35
A,I_DSK2_CC_AB,PC_IND_IU3,BE1,2025,90.34 ,90.34
A,I_DSK2_CC_AB,PC_IND_IU3,BE2,2025,90.22 ,90.22
A,I_DSK2_CC_AB,PC_IND_IU3,BE3,2025,87.43 ,87.43
A,I_DSK2_CC_AB,PC_IND_IU3,BG,2025,90.38 ,90.38
A,I_DSK2_CC_AB,PC_IND_IU3,BG3,2025,89.50 ,89.5
A,I_DSK2_CC_AB,PC_IND_IU3,BG4,2025,91.17 ,91.17
A,I_DSK2_CC_AB,PC_IND_IU3,CH,2025,95.95 ,95.95
A,I_DSK2_CC_AB,PC_IND_IU3,CY,2025,96.57 ,96.57
A,I_DSK2_CC_AB,PC_IND_IU3,CZ,2025,94.05 ,94.05
A,I_DSK2_CC_AB,PC_IND_IU3,DE,2025,93.57 ,93.57
A,I_DSK2_CC_AB,PC_IND_IU3,DE1,2025,93.63 ,93.63
A,I_DSK2_CC_AB,PC_IND_IU3,DE2,2025,93.67 ,93.67
A,I_DSK2_CC_AB,PC_IND_IU3,DE3,2025,92.48 ,92.48
A,I_DSK2_CC_AB,PC_IND_IU3,DE4,2025,93.73 ,93.73
A,I_DSK2_CC_AB,PC_IND_IU3,DE6,2025,94.97 ,94.97
A,I_DSK2_CC_AB,PC_IND_IU3,DE7,2025,92.68 ,92.68
A,I_DSK2_CC_AB,PC_IND_IU3,DE8,2025,91.45 ,91.45
A,I_DSK2_CC_AB,PC_IND_IU3,DE9,2025,92.78 ,92.78
A,I_DSK2_CC_AB,PC_IND_IU3,DEA,2025,95.33 ,95.33
A,I_DSK2_CC_AB,PC_IND_IU3,DED,2025,92.21 ,92.21
A,I_DSK2_CC_AB,PC_IND_IU3,DEE,2025,91.82 ,91.82
A,I_DSK2_CC_AB,PC_IND_IU3,DEF,2025,93.17 ,93.17
A,I_DSK2_CC_AB,PC_IND_IU3,DK,2025,96.27 ,96.27
A,I_DSK2_CC_AB,PC_IND_IU3,EE,2025,89.47 ,89.47
A,I_DSK2_CC_AB,PC_IND_IU3,EL,2025,94.94 ,94.94
A,I_DSK2_CC_AB,PC_IND_IU3,EL3,2025,90.92 ,90.92
A,I_DSK2_CC_AB,PC_IND_IU3,EL4,2025,95.03 ,95.03
A,I_DSK2_CC_AB,PC_IND_IU3,EL5,2025,98.29 ,98.29
A,I_DSK2_CC_AB,PC_IND_IU3,EL6,2025,97.76 ,97.76
A,I_DSK2_CC_AB,PC_IND_IU3,ES,2025,95.59 ,95.59
A,I_DSK2_CC_AB,PC_IND_IU3,ES1,2025,93.18 ,93.18
A,I_DSK2_CC_AB,PC_IND_IU3,ES2,2025,95.43 ,95.43
A,I_DSK2_CC_AB,PC_IND_IU3,ES3,2025,96.27 ,96.27
A,I_DSK2_CC_AB,PC_IND_IU3,ES4,2025,94.64 ,94.64
A,I_DSK2_CC_AB,PC_IND_IU3,ES5,2025,96.50 ,96.5
A,I_DSK2_CC_AB,PC_IND_IU3,ES6,2025,95.33 ,95.33
A,I_DSK2_CC_AB,PC_IND_IU3,ES7,2025,95.44 ,95.44
A,I_DSK2_CC_AB,PC_IND_IU3,FI,2025,96.48 ,96.48
A,I_DSK2_CC_AB,PC_IND_IU3,FR,2025,90.01 ,90.01
A,I_DSK2_CC_AB,PC_IND_IU3,FR1,2025,93.00 u,93.0
A,I_DSK2_CC_AB,PC_IND_IU3,FRB,2025,91.05 u,91.05
A,I_DSK2_CC_AB,PC_IND_IU3,FRC,2025,88.01 u,88.01
A,I_DSK2_CC_AB,PC_IND_IU3,FRD,2025,88.22 u,88.22
A,I_DSK2_CC_AB,PC_IND_IU3,FRE,2025,88.24 u,88.24
A,I_DSK2_CC_AB,PC_IND_IU3,FRF,2025,88.50 u,88.5
A,I_DSK2_CC_AB,PC_IND_IU3,FRG,2025,91.40 u,91.4
A,I_DSK2_CC_AB,PC_IND_IU3,FRH,2025,89.53 u,89.53
A,I_DSK2_CC_AB,PC_IND_IU3,FRI,2025,89.65 u,89.65
A,I_DSK2_CC_AB,PC_IND_IU3,FRJ,2025,86.95 u,86.95
A,I_DSK2_CC_AB,PC_IND_IU3,FRK,2025,89.71 u,89.71
A,I_DSK2_CC_AB,PC_IND_IU3,FRL,2025,91.12 u,91.12
A,I_DSK2_CC_AB,PC_IND_IU3,FRM,2025,89.20 u,89.2
A,I_DSK2_CC_AB,PC_IND_IU3,FRY,2025,91.22 u,91.22
A,I_DSK2_CC_AB,PC_IND_IU3,HR,2025,93.97 ,93.97
A,I_DSK2_CC_AB,PC_IND_IU3,HU,2025,90.52 ,90.52
A,I_DSK2_CC_AB,PC_IND_IU3,HU1,2025,92.43 ,92.43
A,I_DSK2_CC_AB,PC_IND_IU3,HU2,2025,90.47 ,90.47
A,I_DSK2_CC_AB,PC_IND_IU3,HU3,2025,88.87 ,88.87
A,I_DSK2_CC_AB,PC_IND_IU3,IE,2025,96.26 ,96.26
A,I_DSK2_CC_AB,PC_IND_IU3,IT,2025,93.36 ,93.36
A,I_DSK2_CC_AB,PC_IND_IU3,ITC,2025,94.12 ,94.12
A,I_DSK2_CC_AB,PC_IND_IU3,ITF,2025,91.43 ,91.43
A,I_DSK2_CC_AB,PC_IND_IU3,ITG,2025,92.51 ,92.51
A,I_DSK2_CC_AB,PC_IND_IU3,ITH,2025,94.11 ,94.11
A,I_DSK2_CC_AB,PC_IND_IU3,ITI,2025,94.04 ,94.04
A,I_DSK2_CC_AB,PC_IND_IU3,LT,2025,91.34 ,91.34
A,I_DSK2_CC_AB,PC_IND_IU3,LU,2025,86.95 ,86.95
A,I_DSK2_CC_AB,PC_IND_IU3,LV,2025,93.77 ,93.77
A,I_DSK2_CC_AB,PC_IND_IU3,ME,2025,97.64 ,97.64
A,I_DSK2_CC_AB,PC_IND_IU3,MK,2025,93.65 ,93.65
A,I_DSK2_CC_AB,PC_IND_IU3,MT,2025,96.88 ,96.88
A,I_DSK2_CC_AB,PC_IND_IU3,NL,2025,98.89 ,98.89
A,I_DSK2_CC_AB,PC_IND_IU3,NL1,2025,99.56 ,99.56
A,I_DSK2_CC_AB,PC_IND_IU3,NL2,2025,98.77 ,98.77
A,I_DSK2_CC_AB,PC_IND_IU3,NL3,2025,98.81 ,98.81
A,I_DSK2_CC_AB,PC_IND_IU3,NL4,2025,98.86 ,98.86
A,I_DSK2_CC_AB,PC_IND_IU3,NO,2025,96.11 ,96.11
A,I_DSK2_CC_AB,PC_IND_IU3,PL,2025,85.08 ,85.08
A,I_DSK2_CC_AB,PC_IND_IU3,PL2,2025,86.49 ,86.49
A,I_DSK2_CC_AB,PC_IND_IU3,PL4,2025,85.03 ,85.03
A,I_DSK2_CC_AB,PC_IND_IU3,PL5,2025,86.11 ,86.11
A,I_DSK2_CC_AB,PC_IND_IU3,PL6,2025,83.23 ,83.23
A,I_DSK2_CC_AB,PC_IND_IU3,PL7,2025,83.96 ,83.96
A,I_DSK2_CC_AB,PC_IND_IU3,PL8,2025,84.82 ,84.82
A,I_DSK2_CC_AB,PC_IND_IU3,PL9,2025,85.16 ,85.16
A,I_DSK2_CC_AB,PC_IND_IU3,PT,2025,95.23 ,95.23
A,I_DSK2_CC_AB,PC_IND_IU3,PT1,2025,95.29 ,95.29
A,I_DSK2_CC_AB,PC_IND_IU3,PT2,2025,94.68 ,94.68
A,I_DSK2_CC_AB,PC_IND_IU3,PT3,2025,93.42 ,93.42
A,I_DSK2_CC_AB,PC_IND_IU3,RO,2025,89.71 ,89.71
A,I_DSK2_CC_AB,PC_IND_IU3,RO1,2025,90.28 ,90.28
A,I_DSK2_CC_AB,PC_IND_IU3,RO2,2025,90.03 ,90.03
A,I_DSK2_CC_AB,PC_IND_IU3,RO3,2025,91.03 ,91.03
A,I_DSK2_CC_AB,PC_IND_IU3,RO4,2025,86.49 ,86.49
A,I_DSK2_CC_AB,PC_IND_IU3,RS,2025,95.78 ,95.78
A,I_DSK2_CC_AB,PC_IND_IU3,RS1,2025,96.69 ,96.69
A,I_DSK2_CC_AB,PC_IND_IU3,RS2,2025,94.78 ,94.78
A,I_DSK2_CC_AB,PC_IND_IU3,SE,2025,91.80 ,91.8
A,I_DSK2_CC_AB,PC_IND_IU3,SE1,2025,92.13 ,92.13
A,I_DSK2_CC_AB,PC_IND_IU3,SE2,2025,92.38 ,92.38
A,I_DSK2_CC_AB,PC_IND_IU3,SE3,2025,89.52 ,89.52
A,I_DSK2_CC_AB,PC_IND_IU3,SI,2025,88.21 ,88.21
A,I_DSK2_CC_AB,PC_IND_IU3,SK,2025,84.01 ,84.01
A,I_DSK2_CC_AB,PC_IND_IU3,TR,2025,96.80 ,96.8
A,I_DSK2_CC_AB,PC_IND_IU3,TR1,2025,98.39 ,98.39
A,I_DSK2_CC_AB,PC_IND_IU3,TR2,2025,95.41 ,95.41
A,I_DSK2_CC_AB,PC_IND_IU3,TR3,2025,96.36 ,96.36
A,I_DSK2_CC_AB,PC_IND_IU3,TR4,2025,98.42 ,98.42
A,I_DSK2_CC_AB,PC_IND_IU3,TR5,2025,96.87 ,96.87
A,I_DSK2_CC_AB,PC_IND_IU3,TR6,2025,96.27 ,96.27
A,I_DSK2_CC_AB,PC_IND_IU3,TR7,2025,95.48 ,95.48
A,I_DSK2_CC_AB,PC_IND_IU3,TR8,2025,96.67 ,96.67
A,I_DSK2_CC_AB,PC_IND_IU3,TR9,2025,96.21 ,96.21
A,I_DSK2_CC_AB,PC_IND_IU3,TRA,2025,95.77 ,95.77
A,I_DSK2_CC_AB,PC_IND_IU3,TRB,2025,97.09 ,97.09
A,I_DSK2_CC_AB,PC_IND_IU3,TRC,2025,94.39 ,94.39
A,I_DSK2_CC_AB,PC_IND_IU3,XK,2025,96.15 ,96.15
A,I_DSK2_CC_B,PC_IND,AL,2025,2.54 ,2.54
A,I_DSK2_CC_B,PC_IND,AT,2025,3.72 ,3.72
A,I_DSK2_CC_B,PC_IND,AT1,2025,4.56 ,4.56
A,I_DSK2_CC_B,PC_IND,AT2,2025,3.08 ,3.08
A,I_DSK2_CC_B,PC_IND,AT3,2025,3.03 ,3.03
A,I_DSK2_CC_B,PC_IND,BA,2025,2.87 ,2.87
A,I_DSK2_CC_B,PC_IND,BE,2025,8.45 ,8.45
A,I_DSK2_CC_B,PC_IND,BE1,2025,8.16 ,8.16
A,I_DSK2_CC_B,PC_IND,BE2,2025,7.84 ,7.84
A,I_DSK2_CC_B,PC_IND,BE3,2025,9.68 ,9.68
A,I_DSK2_CC_B,PC_IND,BG,2025,6.86 ,6.86
A,I_DSK2_CC_B,PC_IND,BG3,2025,7.25 ,7.25
A,I_DSK2_CC_B,PC_IND,BG4,2025,6.49 ,6.49
A,I_DSK2_CC_B,PC_IND,CH,2025,3.31 ,3.31
A,I_DSK2_CC_B,PC_IND,CY,2025,1.71 ,1.71
A,I_DSK2_CC_B,PC_IND,CZ,2025,3.90 ,3.9
A,I_DSK2_CC_B,PC_IND,DE,2025,4.56 ,4.56
A,I_DSK2_CC_B,PC_IND,DE1,2025,4.78 u,4.78
A,I_DSK2_CC_B,PC_IND,DE2,2025,4.69 ,4.69
A,I_DSK2_CC_B,PC_IND,DE3,2025,5.97 ,5.97
A,I_DSK2_CC_B,PC_IND,DE4,2025,3.94 ,3.94
A,I_DSK2_CC_B,PC_IND,DE6,2025,3.98 ,3.98
A,I_DSK2_CC_B,PC_IND,DE7,2025,5.06 ,5.06
A,I_DSK2_CC_B,PC_IND,DE8,2025,6.35 u,6.35
A,I_DSK2_CC_B,PC_IND,DE9,2025,4.93 ,4.93
A,I_DSK2_CC_B,PC_IND,DEA,2025,3.13 ,3.13
A,I_DSK2_CC_B,PC_IND,DED,2025,5.08 ,5.08
A,I_DSK2_CC_B,PC_IND,DEE,2025,5.77 ,5.77
A,I_DSK2_CC_B,PC_IND,DEF,2025,4.67 ,4.67
A,I_DSK2_CC_B,PC_IND,DK,2025,2.91 ,2.91
A,I_DSK2_CC_B,PC_IND,EE,2025,6.09 ,6.09
A,I_DSK2_CC_B,PC_IND,EL,2025,3.21 ,3.21
A,I_DSK2_CC_B,PC_IND,EL3,2025,5.94 ,5.94
A,I_DSK2_CC_B,PC_IND,EL4,2025,2.91 ,2.91
A,I_DSK2_CC_B,PC_IND,EL5,2025,1.16 ,1.16
A,I_DSK2_CC_B,PC_IND,EL6,2025,1.52 ,1.52
A,I_DSK2_CC_B,PC_IND,ES,2025,3.92 ,3.92
A,I_DSK2_CC_B,PC_IND,ES1,2025,5.54 ,5.54
A,I_DSK2_CC_B,PC_IND,ES2,2025,4.27 ,4.27
A,I_DSK2_CC_B,PC_IND,ES3,2025,3.33 ,3.33
A,I_DSK2_CC_B,PC_IND,ES4,2025,4.78 ,4.78
A,I_DSK2_CC_B,PC_IND,ES5,2025,3.19 ,3.19
A,I_DSK2_CC_B,PC_IND,ES6,2025,4.08 ,4.08
A,I_DSK2_CC_B,PC_IND,ES7,2025,3.92 ,3.92
A,I_DSK2_CC_B,PC_IND,FI,2025,2.51 ,2.51
A,I_DSK2_CC_B,PC_IND,FR,2025,8.18 ,8.18
A,I_DSK2_CC_B,PC_IND,FR1,2025,6.21 u,6.21
A,I_DSK2_CC_B,PC_IND,FRB,2025,7.47 u,7.47
A,I_DSK2_CC_B,PC_IND,FRC,2025,9.03 u,9.03
A,I_DSK2_CC_B,PC_IND,FRD,2025,8.44 u,8.44
A,I_DSK2_CC_B,PC_IND,FRE,2025,9.13 u,9.13
A,I_DSK2_CC_B,PC_IND,FRF,2025,9.19 u,9.19
A,I_DSK2_CC_B,PC_IND,FRG,2025,7.38 u,7.38
A,I_DSK2_CC_B,PC_IND,FRH,2025,8.83 u,8.83
A,I_DSK2_CC_B,PC_IND,FRI,2025,8.92 u,8.92
A,I_DSK2_CC_B,PC_IND,FRJ,2025,10.78 u,10.78
A,I_DSK2_CC_B,PC_IND,FRK,2025,8.78 u,8.78
A,I_DSK2_CC_B,PC_IND,FRL,2025,6.89 u,6.89
A,I_DSK2_CC_B,PC_IND,FRM,2025,9.99 u,9.99
A,I_DSK2_CC_B,PC_IND,FRY,2025,5.12 u,5.12
A,I_DSK2_CC_B,PC_IND,HR,2025,3.59 ,3.59
A,I_DSK2_CC_B,PC_IND,HU,2025,5.57 ,5.57
A,I_DSK2_CC_B,PC_IND,HU1,2025,5.17 ,5.17
A,I_DSK2_CC_B,PC_IND,HU2,2025,5.11 ,5.11
A,I_DSK2_CC_B,PC_IND,HU3,2025,6.26 ,6.26
A,I_DSK2_CC_B,PC_IND,IE,2025,3.30 ,3.3
A,I_DSK2_CC_B,PC_IND,IT,2025,3.65 ,3.65
A,I_DSK2_CC_B,PC_IND,ITC,2025,3.65 ,3.65
A,I_DSK2_CC_B,PC_IND,ITF,2025,4.02 ,4.02
A,I_DSK2_CC_B,PC_IND,ITG,2025,3.90 ,3.9
A,I_DSK2_CC_B,PC_IND,ITH,2025,3.70 ,3.7
A,I_DSK2_CC_B,PC_IND,ITI,2025,3.03 ,3.03
A,I_DSK2_CC_B,PC_IND,LT,2025,4.70 ,4.7
A,I_DSK2_CC_B,PC_IND,LU,2025,10.56 ,10.56
A,I_DSK2_CC_B,PC_IND,LV,2025,3.74 ,3.74
A,I_DSK2_CC_B,PC_IND,ME,2025,2.02 ,2.02
A,I_DSK2_CC_B,PC_IND,MK,2025,5.01 ,5.01
A,I_DSK2_CC_B,PC_IND,MT,2025,2.40 ,2.4
A,I_DSK2_CC_B,PC_IND,NL,2025,0.92 ,0.92
A,I_DSK2_CC_B,PC_IND,NL1,2025,0.44 ,0.44
A,I_DSK2_CC_B,PC_IND,NL2,2025,0.79 ,0.79
A,I_DSK2_CC_B,PC_IND,NL3,2025,1.05 ,1.05
A,I_DSK2_CC_B,PC_IND,NL4,2025,0.96 ,0.96
A,I_DSK2_CC_B,PC_IND,NO,2025,2.90 ,2.9
A,I_DSK2_CC_B,PC_IND,PL,2025,8.48 ,8.48
A,I_DSK2_CC_B,PC_IND,PL2,2025,8.40 ,8.4
A,I_DSK2_CC_B,PC_IND,PL4,2025,8.84 ,8.84
A,I_DSK2_CC_B,PC_IND,PL5,2025,9.55 ,9.55
A,I_DSK2_CC_B,PC_IND,PL6,2025,10.95 ,10.95
A,I_DSK2_CC_B,PC_IND,PL7,2025,7.02 ,7.02
A,I_DSK2_CC_B,PC_IND,PL8,2025,7.33 ,7.33
A,I_DSK2_CC_B,PC_IND,PL9,2025,7.57 ,7.57
A,I_DSK2_CC_B,PC_IND,PT,2025,2.98 ,2.98
A,I_DSK2_CC_B,PC_IND,PT1,2025,2.92 ,2.92
A,I_DSK2_CC_B,PC_IND,PT2,2025,3.49 ,3.49
A,I_DSK2_CC_B,PC_IND,PT3,2025,4.75 ,4.75
A,I_DSK2_CC_B,PC_IND,RO,2025,8.47 ,8.47
A,I_DSK2_CC_B,PC_IND,RO1,2025,7.95 ,7.95
A,I_DSK2_CC_B,PC_IND,RO2,2025,8.42 ,8.42
A,I_DSK2_CC_B,PC_IND,RO3,2025,7.44 ,7.44
A,I_DSK2_CC_B,PC_IND,RO4,2025,10.76 ,10.76
A,I_DSK2_CC_B,PC_IND,RS,2025,2.54 ,2.54
A,I_DSK2_CC_B,PC_IND,RS1,2025,2.63 ,2.63
A,I_DSK2_CC_B,PC_IND,RS2,2025,2.45 ,2.45
A,I_DSK2_CC_B,PC_IND,SE,2025,6.69 ,6.69
A,I_DSK2_CC_B,PC_IND,SE1,2025,5.85 ,5.85
A,I_DSK2_CC_B,PC_IND,SE2,2025,6.79 ,6.79
A,I_DSK2_CC_B,PC_IND,SE3,2025,8.49 ,8.49
A,I_DSK2_CC_B,PC_IND,SI,2025,8.88 ,8.88
A,I_DSK2_CC_B,PC_IND,SK,2025,11.97 ,11.97
A,I_DSK2_CC_B,PC_IND,TR,2025,2.50 ,2.5
A,I_DSK2_CC_B,PC_IND,TR1,2025,1.36 ,1.36
A,I_DSK2_CC_B,PC_IND,TR2,2025,3.76 ,3.76
A,I_DSK2_CC_B,PC_IND,TR3,2025,2.90 ,2.9
A,I_DSK2_CC_B,PC_IND,TR4,2025,1.32 ,1.32
A,I_DSK2_CC_B,PC_IND,TR5,2025,2.44 ,2.44
A,I_DSK2_CC_B,PC_IND,TR6,2025,2.58 ,2.58
A,I_DSK2_CC_B,PC_IND,TR7,2025,3.87 ,3.87
A,I_DSK2_CC_B,PC_IND,TR8,2025,2.43 ,2.43
A,I_DSK2_CC_B,PC_IND,TR9,2025,2.70 ,2.7
A,I_DSK2_CC_B,PC_IND,TRA,2025,3.33 ,3.33
A,I_DSK2_CC_B,PC_IND,TRB,2025,1.97 ,1.97
A,I_DSK2_CC_B,PC_IND,TRC,2025,4.12 ,4.12
A,I_DSK2_CC_B,PC_IND,XK,2025,3.59 ,3.59
A,I_DSK2_CC_B,PC_IND_IU3,AL,2025,2.92 ,2.92
A,I_DSK2_CC_B,PC_IND_IU3,AT,2025,3.90 ,3.9
A,I_DSK2_CC_B,PC_IND_IU3,AT1,2025,4.72 ,4.72
A,I_DSK2_CC_B,PC_IND_IU3,AT2,2025,3.29 ,3.29
A,I_DSK2_CC_B,PC_IND_IU3,AT3,2025,3.20 ,3.2
A,I_DSK2_CC_B,PC_IND_IU3,BA,2025,3.18 ,3.18
A,I_DSK2_CC_B,PC_IND_IU3,BE,2025,8.76 ,8.76
A,I_DSK2_CC_B,PC_IND_IU3,BE1,2025,8.63 ,8.63
A,I_DSK2_CC_B,PC_IND_IU3,BE2,2025,8.09 ,8.09
A,I_DSK2_CC_B,PC_IND_IU3,BE3,2025,10.06 ,10.06
A,I_DSK2_CC_B,PC_IND_IU3,BG,2025,7.89 ,7.89
A,I_DSK2_CC_B,PC_IND_IU3,BG3,2025,8.44 ,8.44
A,I_DSK2_CC_B,PC_IND_IU3,BG4,2025,7.40 ,7.4
A,I_DSK2_CC_B,PC_IND_IU3,CH,2025,3.35 ,3.35
A,I_DSK2_CC_B,PC_IND_IU3,CY,2025,1.82 ,1.82
A,I_DSK2_CC_B,PC_IND_IU3,CZ,2025,4.12 ,4.12
A,I_DSK2_CC_B,PC_IND_IU3,DE,2025,4.82 ,4.82
A,I_DSK2_CC_B,PC_IND_IU3,DE1,2025,4.98 u,4.98
A,I_DSK2_CC_B,PC_IND_IU3,DE2,2025,4.95 ,4.95
A,I_DSK2_CC_B,PC_IND_IU3,DE3,2025,6.42 ,6.42
A,I_DSK2_CC_B,PC_IND_IU3,DE4,2025,4.36 ,4.36
A,I_DSK2_CC_B,PC_IND_IU3,DE6,2025,4.13 ,4.13
A,I_DSK2_CC_B,PC_IND_IU3,DE7,2025,5.30 ,5.3
A,I_DSK2_CC_B,PC_IND_IU3,DE8,2025,6.78 u,6.78
A,I_DSK2_CC_B,PC_IND_IU3,DE9,2025,5.18 ,5.18
A,I_DSK2_CC_B,PC_IND_IU3,DEA,2025,3.31 ,3.31
A,I_DSK2_CC_B,PC_IND_IU3,DED,2025,5.34 ,5.34
A,I_DSK2_CC_B,PC_IND_IU3,DEE,2025,6.42 ,6.42
A,I_DSK2_CC_B,PC_IND_IU3,DEF,2025,4.94 ,4.94
A,I_DSK2_CC_B,PC_IND_IU3,DK,2025,2.91 ,2.91
A,I_DSK2_CC_B,PC_IND_IU3,EE,2025,6.42 ,6.42
A,I_DSK2_CC_B,PC_IND_IU3,EL,2025,3.60 ,3.6
A,I_DSK2_CC_B,PC_IND_IU3,EL3,2025,6.30 ,6.3
A,I_DSK2_CC_B,PC_IND_IU3,EL4,2025,3.38 ,3.38
A,I_DSK2_CC_B,PC_IND_IU3,EL5,2025,1.30 ,1.3
A,I_DSK2_CC_B,PC_IND_IU3,EL6,2025,1.85 ,1.85
A,I_DSK2_CC_B,PC_IND_IU3,ES,2025,4.07 ,4.07
A,I_DSK2_CC_B,PC_IND_IU3,ES1,2025,5.88 ,5.88
A,I_DSK2_CC_B,PC_IND_IU3,ES2,2025,4.43 ,4.43
A,I_DSK2_CC_B,PC_IND_IU3,ES3,2025,3.39 ,3.39
A,I_DSK2_CC_B,PC_IND_IU3,ES4,2025,5.03 ,5.03
A,I_DSK2_CC_B,PC_IND_IU3,ES5,2025,3.27 ,3.27
A,I_DSK2_CC_B,PC_IND_IU3,ES6,2025,4.30 ,4.3
A,I_DSK2_CC_B,PC_IND_IU3,ES7,2025,4.07 ,4.07
A,I_DSK2_CC_B,PC_IND_IU3,FI,2025,2.56 ,2.56
A,I_DSK2_CC_B,PC_IND_IU3,FR,2025,8.61 ,8.61
A,I_DSK2_CC_B,PC_IND_IU3,FR1,2025,6.43 u,6.43
A,I_DSK2_CC_B,PC_IND_IU3,FRB,2025,7.82 u,7.82
A,I_DSK2_CC_B,PC_IND_IU3,FRC,2025,9.77 u,9.77
A,I_DSK2_CC_B,PC_IND_IU3,FRD,2025,8.89 u,8.89
A,I_DSK2_CC_B,PC_IND_IU3,FRE,2025,9.76 u,9.76
A,I_DSK2_CC_B,PC_IND_IU3,FRF,2025,9.80 u,9.8
A,I_DSK2_CC_B,PC_IND_IU3,FRG,2025,7.67 u,7.67
A,I_DSK2_CC_B,PC_IND_IU3,FRH,2025,9.27 u,9.27
A,I_DSK2_CC_B,PC_IND_IU3,FRI,2025,9.35 u,9.35
A,I_DSK2_CC_B,PC_IND_IU3,FRJ,2025,11.36 u,11.36
A,I_DSK2_CC_B,PC_IND_IU3,FRK,2025,9.23 u,9.23
A,I_DSK2_CC_B,PC_IND_IU3,FRL,2025,7.19 u,7.19
A,I_DSK2_CC_B,PC_IND_IU3,FRM,2025,10.80 u,10.8
A,I_DSK2_CC_B,PC_IND_IU3,FRY,2025,5.77 u,5.77
A,I_DSK2_CC_B,PC_IND_IU3,HR,2025,4.18 ,4.18
A,I_DSK2_CC_B,PC_IND_IU3,HU,2025,6.00 ,6.0
A,I_DSK2_CC_B,PC_IND_IU3,HU1,2025,5.43 ,5.43
A,I_DSK2_CC_B,PC_IND_IU3,HU2,2025,5.52 ,5.52
A,I_DSK2_CC_B,PC_IND_IU3,HU3,2025,6.89 ,6.89
A,I_DSK2_CC_B,PC_IND_IU3,IE,2025,3.30 ,3.3
A,I_DSK2_CC_B,PC_IND_IU3,IT,2025,4.04 ,4.04
A,I_DSK2_CC_B,PC_IND_IU3,ITC,2025,3.93 ,3.93
A,I_DSK2_CC_B,PC_IND_IU3,ITF,2025,4.75 ,4.75
A,I_DSK2_CC_B,PC_IND_IU3,ITG,2025,4.50 ,4.5
A,I_DSK2_CC_B,PC_IND_IU3,ITH,2025,4.00 ,4.0
A,I_DSK2_CC_B,PC_IND_IU3,ITI,2025,3.25 ,3.25
A,I_DSK2_CC_B,PC_IND_IU3,LT,2025,5.27 ,5.27
A,I_DSK2_CC_B,PC_IND_IU3,LU,2025,10.65 ,10.65
A,I_DSK2_CC_B,PC_IND_IU3,LV,2025,3.96 ,3.96
A,I_DSK2_CC_B,PC_IND_IU3,ME,2025,2.14 ,2.14
A,I_DSK2_CC_B,PC_IND_IU3,MK,2025,5.43 ,5.43
A,I_DSK2_CC_B,PC_IND_IU3,MT,2025,2.50 ,2.5
A,I_DSK2_CC_B,PC_IND_IU3,NL,2025,0.92 ,0.92
A,I_DSK2_CC_B,PC_IND_IU3,NL1,2025,0.44 ,0.44
A,I_DSK2_CC_B,PC_IND_IU3,NL2,2025,0.80 ,0.8
A,I_DSK2_CC_B,PC_IND_IU3,NL3,2025,1.05 ,1.05
A,I_DSK2_CC_B,PC_IND_IU3,NL4,2025,0.97 ,0.97
A,I_DSK2_CC_B,PC_IND_IU3,NO,2025,2.93 ,2.93
A,I_DSK2_CC_B,PC_IND_IU3,PL,2025,9.46 ,9.46
A,I_DSK2_CC_B,PC_IND_IU3,PL2,2025,9.32 ,9.32
A,I_DSK2_CC_B,PC_IND_IU3,PL4,2025,9.69 ,9.69
A,I_DSK2_CC_B,PC_IND_IU3,PL5,2025,10.21 ,10.21
A,I_DSK2_CC_B,PC_IND_IU3,PL6,2025,12.29 ,12.29
A,I_DSK2_CC_B,PC_IND_IU3,PL7,2025,8.26 ,8.26
A,I_DSK2_CC_B,PC_IND_IU3,PL8,2025,8.38 ,8.38
A,I_DSK2_CC_B,PC_IND_IU3,PL9,2025,8.30 ,8.3
A,I_DSK2_CC_B,PC_IND_IU3,PT,2025,3.34 ,3.34
A,I_DSK2_CC_B,PC_IND_IU3,PT1,2025,3.27 ,3.27
A,I_DSK2_CC_B,PC_IND_IU3,PT2,2025,3.92 ,3.92
A,I_DSK2_CC_B,PC_IND_IU3,PT3,2025,5.38 ,5.38
A,I_DSK2_CC_B,PC_IND_IU3,RO,2025,9.09 ,9.09
A,I_DSK2_CC_B,PC_IND_IU3,RO1,2025,8.45 ,8.45
A,I_DSK2_CC_B,PC_IND_IU3,RO2,2025,9.14 ,9.14
A,I_DSK2_CC_B,PC_IND_IU3,RO3,2025,7.97 ,7.97
A,I_DSK2_CC_B,PC_IND_IU3,RO4,2025,11.57 ,11.57
A,I_DSK2_CC_B,PC_IND_IU3,RS,2025,2.82 ,2.82
A,I_DSK2_CC_B,PC_IND_IU3,RS1,2025,2.86 ,2.86
A,I_DSK2_CC_B,PC_IND_IU3,RS2,2025,2.78 ,2.78
A,I_DSK2_CC_B,PC_IND_IU3,SE,2025,6.81 ,6.81
A,I_DSK2_CC_B,PC_IND_IU3,SE1,2025,5.97 ,5.97
A,I_DSK2_CC_B,PC_IND_IU3,SE2,2025,6.90 ,6.9
A,I_DSK2_CC_B,PC_IND_IU3,SE3,2025,8.65 ,8.65
A,I_DSK2_CC_B,PC_IND_IU3,SI,2025,9.69 ,9.69
A,I_DSK2_CC_B,PC_IND_IU3,SK,2025,12.94 ,12.94
A,I_DSK2_CC_B,PC_IND_IU3,TR,2025,2.78 ,2.78
A,I_DSK2_CC_B,PC_IND_IU3,TR1,2025,1.42 ,1.42
A,I_DSK2_CC_B,PC_IND_IU3,TR2,2025,4.29 ,4.29
A,I_DSK2_CC_B,PC_IND_IU3,TR3,2025,3.27 ,3.27
A,I_DSK2_CC_B,PC_IND_IU3,TR4,2025,1.43 ,1.43
A,I_DSK2_CC_B,PC_IND_IU3,TR5,2025,2.71 ,2.71
A,I_DSK2_CC_B,PC_IND_IU3,TR6,2025,2.90 ,2.9
A,I_DSK2_CC_B,PC_IND_IU3,TR7,2025,4.37 ,4.37
A,I_DSK2_CC_B,PC_IND_IU3,TR8,2025,2.80 ,2.8
A,I_DSK2_CC_B,PC_IND_IU3,TR9,2025,3.18 ,3.18
A,I_DSK2_CC_B,PC_IND_IU3,TRA,2025,3.95 ,3.95
A,I_DSK2_CC_B,PC_IND_IU3,TRB,2025,2.51 ,2.51
A,I_DSK2_CC_B,PC_IND_IU3,TRC,2025,4.76 ,4.76
A,I_DSK2_CC_B,PC_IND_IU3,XK,2025,3.64 ,3.64
A,I_DSK2_CC_BAB,PC_IND,AL,2025,86.88 ,86.88
A,I_DSK2_CC_BAB,PC_IND,AT,2025,93.96 ,93.96
A,I_DSK2_CC_BAB,PC_IND,AT1,2025,95.29 ,95.29
A,I_DSK2_CC_BAB,PC_IND,AT2,2025,92.15 ,92.15
A,I_DSK2_CC_BAB,PC_IND,AT3,2025,93.32 ,93.32
A,I_DSK2_CC_BAB,PC_IND,BA,2025,89.92 ,89.92
A,I_DSK2_CC_BAB,PC_IND,BE,2025,94.64 ,94.64
A,I_DSK2_CC_BAB,PC_IND,BE1,2025,93.55 ,93.55
A,I_DSK2_CC_BAB,PC_IND,BE2,2025,95.33 ,95.33
A,I_DSK2_CC_BAB,PC_IND,BE3,2025,93.77 ,93.77
A,I_DSK2_CC_BAB,PC_IND,BG,2025,85.34 ,85.34
A,I_DSK2_CC_BAB,PC_IND,BG3,2025,84.14 ,84.14
A,I_DSK2_CC_BAB,PC_IND,BG4,2025,86.44 ,86.44
A,I_DSK2_CC_BAB,PC_IND,CH,2025,98.23 ,98.23
A,I_DSK2_CC_BAB,PC_IND,CY,2025,92.28 ,92.28
A,I_DSK2_CC_BAB,PC_IND,CZ,2025,92.80 ,92.8
A,I_DSK2_CC_BAB,PC_IND,DE,2025,93.06 ,93.06
A,I_DSK2_CC_BAB,PC_IND,DE1,2025,94.60 ,94.6
A,I_DSK2_CC_BAB,PC_IND,DE2,2025,93.41 ,93.41
A,I_DSK2_CC_BAB,PC_IND,DE3,2025,92.03 ,92.03
A,I_DSK2_CC_BAB,PC_IND,DE4,2025,88.67 ,88.67
A,I_DSK2_CC_BAB,PC_IND,DE6,2025,95.58 ,95.58
A,I_DSK2_CC_BAB,PC_IND,DE7,2025,93.59 ,93.59
A,I_DSK2_CC_BAB,PC_IND,DE8,2025,91.94 ,91.94
A,I_DSK2_CC_BAB,PC_IND,DE9,2025,93.17 ,93.17
A,I_DSK2_CC_BAB,PC_IND,DEA,2025,93.41 ,93.41
A,I_DSK2_CC_BAB,PC_IND,DED,2025,92.73 ,92.73
A,I_DSK2_CC_BAB,PC_IND,DEE,2025,88.32 ,88.32
A,I_DSK2_CC_BAB,PC_IND,DEF,2025,92.91 ,92.91
A,I_DSK2_CC_BAB,PC_IND,DK,2025,98.90 ,98.9
A,I_DSK2_CC_BAB,PC_IND,EE,2025,90.96 ,90.96
A,I_DSK2_CC_BAB,PC_IND,EL,2025,87.85 ,87.85
A,I_DSK2_CC_BAB,PC_IND,EL3,2025,91.70 ,91.7
A,I_DSK2_CC_BAB,PC_IND,EL4,2025,84.76 ,84.76
A,I_DSK2_CC_BAB,PC_IND,EL5,2025,89.04 ,89.04
A,I_DSK2_CC_BAB,PC_IND,EL6,2025,81.89 ,81.89
A,I_DSK2_CC_BAB,PC_IND,ES,2025,96.00 ,96.0
A,I_DSK2_CC_BAB,PC_IND,ES1,2025,93.29 ,93.29
A,I_DSK2_CC_BAB,PC_IND,ES2,2025,96.21 ,96.21
A,I_DSK2_CC_BAB,PC_IND,ES3,2025,97.73 ,97.73
A,I_DSK2_CC_BAB,PC_IND,ES4,2025,94.82 ,94.82
A,I_DSK2_CC_BAB,PC_IND,ES5,2025,97.35 ,97.35
A,I_DSK2_CC_BAB,PC_IND,ES6,2025,94.55 ,94.55
A,I_DSK2_CC_BAB,PC_IND,ES7,2025,95.90 ,95.9
A,I_DSK2_CC_BAB,PC_IND,FI,2025,97.14 ,97.14
A,I_DSK2_CC_BAB,PC_IND,FR,2025,93.67 ,93.67
A,I_DSK2_CC_BAB,PC_IND,FR1,2025,95.95 u,95.95
A,I_DSK2_CC_BAB,PC_IND,FRB,2025,94.39 u,94.39
A,I_DSK2_CC_BAB,PC_IND,FRC,2025,90.44 u,90.44
A,I_DSK2_CC_BAB,PC_IND,FRD,2025,92.26 u,92.26
A,I_DSK2_CC_BAB,PC_IND,FRE,2025,91.63 u,91.63
A,I_DSK2_CC_BAB,PC_IND,FRF,2025,92.11 u,92.11
A,I_DSK2_CC_BAB,PC_IND,FRG,2025,95.37 u,95.37
A,I_DSK2_CC_BAB,PC_IND,FRH,2025,94.16 u,94.16
A,I_DSK2_CC_BAB,PC_IND,FRI,2025,94.50 u,94.5
A,I_DSK2_CC_BAB,PC_IND,FRJ,2025,93.24 u,93.24
A,I_DSK2_CC_BAB,PC_IND,FRK,2025,94.18 u,94.18
A,I_DSK2_CC_BAB,PC_IND,FRL,2025,94.18 u,94.18
A,I_DSK2_CC_BAB,PC_IND,FRM,2025,92.44 u,92.44
A,I_DSK2_CC_BAB,PC_IND,FRY,2025,86.06 u,86.06
A,I_DSK2_CC_BAB,PC_IND,HR,2025,84.31 ,84.31
A,I_DSK2_CC_BAB,PC_IND,HU,2025,89.57 ,89.57
A,I_DSK2_CC_BAB,PC_IND,HU1,2025,93.17 ,93.17
A,I_DSK2_CC_BAB,PC_IND,HU2,2025,88.91 ,88.91
A,I_DSK2_CC_BAB,PC_IND,HU3,2025,87.07 ,87.07
A,I_DSK2_CC_BAB,PC_IND,IE,2025,99.34 ,99.34
A,I_DSK2_CC_BAB,PC_IND,IT,2025,87.97 ,87.97
A,I_DSK2_CC_BAB,PC_IND,ITC,2025,91.09 ,91.09
A,I_DSK2_CC_BAB,PC_IND,ITF,2025,81.46 ,81.46
A,I_DSK2_CC_BAB,PC_IND,ITG,2025,84.09 ,84.09
A,I_DSK2_CC_BAB,PC_IND,ITH,2025,90.75 ,90.75
A,I_DSK2_CC_BAB,PC_IND,ITI,2025,90.64 ,90.64
A,I_DSK2_CC_BAB,PC_IND,LT,2025,86.27 ,86.27
A,I_DSK2_CC_BAB,PC_IND,LU,2025,96.75 ,96.75
A,I_DSK2_CC_BAB,PC_IND,LV,2025,92.38 ,92.38
A,I_DSK2_CC_BAB,PC_IND,ME,2025,94.02 ,94.02
A,I_DSK2_CC_BAB,PC_IND,MK,2025,91.30 ,91.3
A,I_DSK2_CC_BAB,PC_IND,MT,2025,95.41 ,95.41
A,I_DSK2_CC_BAB,PC_IND,NL,2025,99.52 ,99.52
A,I_DSK2_CC_BAB,PC_IND,NL1,2025,99.86 ,99.86
A,I_DSK2_CC_BAB,PC_IND,NL2,2025,99.35 ,99.35
A,I_DSK2_CC_BAB,PC_IND,NL3,2025,99.64 ,99.64
A,I_DSK2_CC_BAB,PC_IND,NL4,2025,99.25 ,99.25
A,I_DSK2_CC_BAB,PC_IND,NO,2025,97.87 ,97.87
A,I_DSK2_CC_BAB,PC_IND,PL,2025,84.75 ,84.75
A,I_DSK2_CC_BAB,PC_IND,PL2,2025,86.32 ,86.32
A,I_DSK2_CC_BAB,PC_IND,PL4,2025,86.36 ,86.36
A,I_DSK2_CC_BAB,PC_IND,PL5,2025,90.09 ,90.09
A,I_DSK2_CC_BAB,PC_IND,PL6,2025,85.10 ,85.1
A,I_DSK2_CC_BAB,PC_IND,PL7,2025,78.31 ,78.31
A,I_DSK2_CC_BAB,PC_IND,PL8,2025,81.58 ,81.58
A,I_DSK2_CC_BAB,PC_IND,PL9,2025,85.21 ,85.21
A,I_DSK2_CC_BAB,PC_IND,PT,2025,88.17 ,88.17
A,I_DSK2_CC_BAB,PC_IND,PT1,2025,88.20 ,88.2
A,I_DSK2_CC_BAB,PC_IND,PT2,2025,87.94 ,87.94
A,I_DSK2_CC_BAB,PC_IND,PT3,2025,87.27 ,87.27
A,I_DSK2_CC_BAB,PC_IND,RO,2025,92.04 ,92.04
A,I_DSK2_CC_BAB,PC_IND,RO1,2025,92.91 ,92.91
A,I_DSK2_CC_BAB,PC_IND,RO2,2025,91.42 ,91.42
A,I_DSK2_CC_BAB,PC_IND,RO3,2025,92.43 ,92.43
A,I_DSK2_CC_BAB,PC_IND,RO4,2025,91.22 ,91.22
A,I_DSK2_CC_BAB,PC_IND,RS,2025,88.79 ,88.79
A,I_DSK2_CC_BAB,PC_IND,RS1,2025,91.32 ,91.32
A,I_DSK2_CC_BAB,PC_IND,RS2,2025,86.08 ,86.08
A,I_DSK2_CC_BAB,PC_IND,SE,2025,96.88 ,96.88
A,I_DSK2_CC_BAB,PC_IND,SE1,2025,96.13 ,96.13
A,I_DSK2_CC_BAB,PC_IND,SE2,2025,97.80 ,97.8
A,I_DSK2_CC_BAB,PC_IND,SE3,2025,96.45 ,96.45
A,I_DSK2_CC_BAB,PC_IND,SI,2025,89.65 ,89.65
A,I_DSK2_CC_BAB,PC_IND,SK,2025,89.67 ,89.67
A,I_DSK2_CC_BAB,PC_IND,TR,2025,89.39 ,89.39
A,I_DSK2_CC_BAB,PC_IND,TR1,2025,95.98 ,95.98
A,I_DSK2_CC_BAB,PC_IND,TR2,2025,87.36 ,87.36
A,I_DSK2_CC_BAB,PC_IND,TR3,2025,88.36 ,88.36
A,I_DSK2_CC_BAB,PC_IND,TR4,2025,92.53 ,92.53
A,I_DSK2_CC_BAB,PC_IND,TR5,2025,89.94 ,89.94
A,I_DSK2_CC_BAB,PC_IND,TR6,2025,88.50 ,88.5
A,I_DSK2_CC_BAB,PC_IND,TR7,2025,88.40 ,88.4
A,I_DSK2_CC_BAB,PC_IND,TR8,2025,86.45 ,86.45
A,I_DSK2_CC_BAB,PC_IND,TR9,2025,84.31 ,84.31
A,I_DSK2_CC_BAB,PC_IND,TRA,2025,83.96 ,83.96
A,I_DSK2_CC_BAB,PC_IND,TRB,2025,78.31 ,78.31
A,I_DSK2_CC_BAB,PC_IND,TRC,2025,85.89 ,85.89
A,I_DSK2_CC_BAB,PC_IND,XK,2025,98.26 ,98.26
A,I_DSK2_CC_BAB,PC_IND_IU3,AL,2025,99.66 ,99.66
A,I_DSK2_CC_BAB,PC_IND_IU3,AT,2025,98.59 ,98.59
A,I_DSK2_CC_BAB,PC_IND_IU3,AT1,2025,98.53 ,98.53
A,I_DSK2_CC_BAB,PC_IND_IU3,AT2,2025,98.43 ,98.43
A,I_DSK2_CC_BAB,PC_IND_IU3,AT3,2025,98.75 ,98.75
A,I_DSK2_CC_BAB,PC_IND_IU3,BA,2025,99.79 ,99.79
A,I_DSK2_CC_BAB,PC_IND_IU3,BE,2025,98.12 ,98.12
A,I_DSK2_CC_BAB,PC_IND_IU3,BE1,2025,98.97 ,98.97
A,I_DSK2_CC_BAB,PC_IND_IU3,BE2,2025,98.30 ,98.3
A,I_DSK2_CC_BAB,PC_IND_IU3,BE3,2025,97.49 ,97.49
A,I_DSK2_CC_BAB,PC_IND_IU3,BG,2025,98.27 ,98.27
A,I_DSK2_CC_BAB,PC_IND_IU3,BG3,2025,97.94 ,97.94
A,I_DSK2_CC_BAB,PC_IND_IU3,BG4,2025,98.57 ,98.57
A,I_DSK2_CC_BAB,PC_IND_IU3,CH,2025,99.30 ,99.3
A,I_DSK2_CC_BAB,PC_IND_IU3,CY,2025,98.39 ,98.39
A,I_DSK2_CC_BAB,PC_IND_IU3,CZ,2025,98.17 ,98.17
A,I_DSK2_CC_BAB,PC_IND_IU3,DE,2025,98.39 ,98.39
A,I_DSK2_CC_BAB,PC_IND_IU3,DE1,2025,98.61 ,98.61
A,I_DSK2_CC_BAB,PC_IND_IU3,DE2,2025,98.62 ,98.62
A,I_DSK2_CC_BAB,PC_IND_IU3,DE3,2025,98.90 ,98.9
A,I_DSK2_CC_BAB,PC_IND_IU3,DE4,2025,98.09 ,98.09
A,I_DSK2_CC_BAB,PC_IND_IU3,DE6,2025,99.10 ,99.1
A,I_DSK2_CC_BAB,PC_IND_IU3,DE7,2025,97.98 ,97.98
A,I_DSK2_CC_BAB,PC_IND_IU3,DE8,2025,98.24 ,98.24
A,I_DSK2_CC_BAB,PC_IND_IU3,DE9,2025,97.97 ,97.97
A,I_DSK2_CC_BAB,PC_IND_IU3,DEA,2025,98.64 ,98.64
A,I_DSK2_CC_BAB,PC_IND_IU3,DED,2025,97.55 ,97.55
A,I_DSK2_CC_BAB,PC_IND_IU3,DEE,2025,98.24 ,98.24
A,I_DSK2_CC_BAB,PC_IND_IU3,DEF,2025,98.10 ,98.1
A,I_DSK2_CC_BAB,PC_IND_IU3,DK,2025,99.19 ,99.19
A,I_DSK2_CC_BAB,PC_IND_IU3,EE,2025,95.89 ,95.89
A,I_DSK2_CC_BAB,PC_IND_IU3,EL,2025,98.54 ,98.54
A,I_DSK2_CC_BAB,PC_IND_IU3,EL3,2025,97.22 ,97.22
A,I_DSK2_CC_BAB,PC_IND_IU3,EL4,2025,98.41 ,98.41
A,I_DSK2_CC_BAB,PC_IND_IU3,EL5,2025,99.59 ,99.59
A,I_DSK2_CC_BAB,PC_IND_IU3,EL6,2025,99.62 ,99.62
A,I_DSK2_CC_BAB,PC_IND_IU3,ES,2025,99.65 ,99.65
A,I_DSK2_CC_BAB,PC_IND_IU3,ES1,2025,99.06 ,99.06
A,I_DSK2_CC_BAB,PC_IND_IU3,ES2,2025,99.87 ,99.87
A,I_DSK2_CC_BAB,PC_IND_IU3,ES3,2025,99.66 ,99.66
A,I_DSK2_CC_BAB,PC_IND_IU3,ES4,2025,99.67 ,99.67
A,I_DSK2_CC_BAB,PC_IND_IU3,ES5,2025,99.78 ,99.78
A,I_DSK2_CC_BAB,PC_IND_IU3,ES6,2025,99.62 ,99.62
A,I_DSK2_CC_BAB,PC_IND_IU3,ES7,2025,99.51 ,99.51
A,I_DSK2_CC_BAB,PC_IND_IU3,FI,2025,99.05 ,99.05
A,I_DSK2_CC_BAB,PC_IND_IU3,FR,2025,98.62 ,98.62
A,I_DSK2_CC_BAB,PC_IND_IU3,FR1,2025,99.43 u,99.43
A,I_DSK2_CC_BAB,PC_IND_IU3,FRB,2025,98.88 u,98.88
A,I_DSK2_CC_BAB,PC_IND_IU3,FRC,2025,97.78 u,97.78
A,I_DSK2_CC_BAB,PC_IND_IU3,FRD,2025,97.11 u,97.11
A,I_DSK2_CC_BAB,PC_IND_IU3,FRE,2025,98.00 u,98.0
A,I_DSK2_CC_BAB,PC_IND_IU3,FRF,2025,98.30 u,98.3
A,I_DSK2_CC_BAB,PC_IND_IU3,FRG,2025,99.07 u,99.07
A,I_DSK2_CC_BAB,PC_IND_IU3,FRH,2025,98.80 u,98.8
A,I_DSK2_CC_BAB,PC_IND_IU3,FRI,2025,99.00 u,99.0
A,I_DSK2_CC_BAB,PC_IND_IU3,FRJ,2025,98.31 u,98.31
A,I_DSK2_CC_BAB,PC_IND_IU3,FRK,2025,98.94 u,98.94
A,I_DSK2_CC_BAB,PC_IND_IU3,FRL,2025,98.32 u,98.32
A,I_DSK2_CC_BAB,PC_IND_IU3,FRM,2025,100.00 u,100.0
A,I_DSK2_CC_BAB,PC_IND_IU3,FRY,2025,96.99 u,96.99
A,I_DSK2_CC_BAB,PC_IND_IU3,HR,2025,98.15 ,98.15
A,I_DSK2_CC_BAB,PC_IND_IU3,HU,2025,96.52 ,96.52
A,I_DSK2_CC_BAB,PC_IND_IU3,HU1,2025,97.87 ,97.87
A,I_DSK2_CC_BAB,PC_IND_IU3,HU2,2025,95.98 ,95.98
A,I_DSK2_CC_BAB,PC_IND_IU3,HU3,2025,95.76 ,95.76
A,I_DSK2_CC_BAB,PC_IND_IU3,IE,2025,99.56 ,99.56
A,I_DSK2_CC_BAB,PC_IND_IU3,IT,2025,97.40 ,97.4
A,I_DSK2_CC_BAB,PC_IND_IU3,ITC,2025,98.05 ,98.05
A,I_DSK2_CC_BAB,PC_IND_IU3,ITF,2025,96.18 ,96.18
A,I_DSK2_CC_BAB,PC_IND_IU3,ITG,2025,97.01 ,97.01
A,I_DSK2_CC_BAB,PC_IND_IU3,ITH,2025,98.11 ,98.11
A,I_DSK2_CC_BAB,PC_IND_IU3,ITI,2025,97.29 ,97.29
A,I_DSK2_CC_BAB,PC_IND_IU3,LT,2025,96.61 ,96.61
A,I_DSK2_CC_BAB,PC_IND_IU3,LU,2025,97.60 ,97.6
A,I_DSK2_CC_BAB,PC_IND_IU3,LV,2025,97.73 ,97.73
A,I_DSK2_CC_BAB,PC_IND_IU3,ME,2025,99.78 ,99.78
A,I_DSK2_CC_BAB,PC_IND_IU3,MK,2025,99.09 ,99.09
A,I_DSK2_CC_BAB,PC_IND_IU3,MT,2025,99.38 ,99.38
A,I_DSK2_CC_BAB,PC_IND_IU3,NL,2025,99.81 ,99.81
A,I_DSK2_CC_BAB,PC_IND_IU3,NL1,2025,100.00 ,100.0
A,I_DSK2_CC_BAB,PC_IND_IU3,NL2,2025,99.57 ,99.57
A,I_DSK2_CC_BAB,PC_IND_IU3,NL3,2025,99.86 ,99.86
A,I_DSK2_CC_BAB,PC_IND_IU3,NL4,2025,99.83 ,99.83
A,I_DSK2_CC_BAB,PC_IND_IU3,NO,2025,99.04 ,99.04
A,I_DSK2_CC_BAB,PC_IND_IU3,PL,2025,94.54 ,94.54
A,I_DSK2_CC_BAB,PC_IND_IU3,PL2,2025,95.81 ,95.81
A,I_DSK2_CC_BAB,PC_IND_IU3,PL4,2025,94.72 ,94.72
A,I_DSK2_CC_BAB,PC_IND_IU3,PL5,2025,96.31 ,96.31
A,I_DSK2_CC_BAB,PC_IND_IU3,PL6,2025,95.53 ,95.53
A,I_DSK2_CC_BAB,PC_IND_IU3,PL7,2025,92.23 ,92.23
A,I_DSK2_CC_BAB,PC_IND_IU3,PL8,2025,93.19 ,93.19
A,I_DSK2_CC_BAB,PC_IND_IU3,PL9,2025,93.46 ,93.46
A,I_DSK2_CC_BAB,PC_IND_IU3,PT,2025,98.57 ,98.57
A,I_DSK2_CC_BAB,PC_IND_IU3,PT1,2025,98.56 ,98.56
A,I_DSK2_CC_BAB,PC_IND_IU3,PT2,2025,98.60 ,98.6
A,I_DSK2_CC_BAB,PC_IND_IU3,PT3,2025,98.80 ,98.8
A,I_DSK2_CC_BAB,PC_IND_IU3,RO,2025,98.80 ,98.8
A,I_DSK2_CC_BAB,PC_IND_IU3,RO1,2025,98.73 ,98.73
A,I_DSK2_CC_BAB,PC_IND_IU3,RO2,2025,99.17 ,99.17
A,I_DSK2_CC_BAB,PC_IND_IU3,RO3,2025,99.00 ,99.0
A,I_DSK2_CC_BAB,PC_IND_IU3,RO4,2025,98.05 ,98.05
A,I_DSK2_CC_BAB,PC_IND_IU3,RS,2025,98.61 ,98.61
A,I_DSK2_CC_BAB,PC_IND_IU3,RS1,2025,99.55 ,99.55
A,I_DSK2_CC_BAB,PC_IND_IU3,RS2,2025,97.56 ,97.56
A,I_DSK2_CC_BAB,PC_IND_IU3,SE,2025,98.61 ,98.61
A,I_DSK2_CC_BAB,PC_IND_IU3,SE1,2025,98.10 ,98.1
A,I_DSK2_CC_BAB,PC_IND_IU3,SE2,2025,99.28 ,99.28
A,I_DSK2_CC_BAB,PC_IND_IU3,SE3,2025,98.17 ,98.17
A,I_DSK2_CC_BAB,PC_IND_IU3,SI,2025,97.91 ,97.91
A,I_DSK2_CC_BAB,PC_IND_IU3,SK,2025,96.95 ,96.95
A,I_DSK2_CC_BAB,PC_IND_IU3,TR,2025,99.58 ,99.58
A,I_DSK2_CC_BAB,PC_IND_IU3,TR1,2025,99.81 ,99.81
A,I_DSK2_CC_BAB,PC_IND_IU3,TR2,2025,99.70 ,99.7
A,I_DSK2_CC_BAB,PC_IND_IU3,TR3,2025,99.64 ,99.64
A,I_DSK2_CC_BAB,PC_IND_IU3,TR4,2025,99.85 ,99.85
A,I_DSK2_CC_BAB,PC_IND_IU3,TR5,2025,99.57 ,99.57
A,I_DSK2_CC_BAB,PC_IND_IU3,TR6,2025,99.17 ,99.17
A,I_DSK2_CC_BAB,PC_IND_IU3,TR7,2025,99.85 ,99.85
A,I_DSK2_CC_BAB,PC_IND_IU3,TR8,2025,99.46 ,99.46
A,I_DSK2_CC_BAB,PC_IND_IU3,TR9,2025,99.40 ,99.4
A,I_DSK2_CC_BAB,PC_IND_IU3,TRA,2025,99.72 ,99.72
A,I_DSK2_CC_BAB,PC_IND_IU3,TRB,2025,99.60 ,99.6
A,I_DSK2_CC_BAB,PC_IND_IU3,TRC,2025,99.15 ,99.15
A,I_DSK2_CC_BAB,PC_IND_IU3,XK,2025,99.79 ,99.79
A,I_DSK2_DCC_AB,PC_IND,AL,2025,30.81 ,30.81
A,I_DSK2_DCC_AB,PC_IND,AT,2025,54.25 b,54.25
A,I_DSK2_DCC_AB,PC_IND,AT1,2025,56.08 ,56.08
A,I_DSK2_DCC_AB,PC_IND,AT2,2025,50.66 ,50.66
A,I_DSK2_DCC_AB,PC_IND,AT3,2025,53.98 ,53.98
A,I_DSK2_DCC_AB,PC_IND,BA,2025,30.03 ,30.03
A,I_DSK2_DCC_AB,PC_IND,BE,2025,51.95 ,51.95
A,I_DSK2_DCC_AB,PC_IND,BE1,2025,56.28 ,56.28
A,I_DSK2_DCC_AB,PC_IND,BE2,2025,52.29 ,52.29
A,I_DSK2_DCC_AB,PC_IND,BE3,2025,49.85 ,49.85
A,I_DSK2_DCC_AB,PC_IND,BG,2025,29.30 ,29.3
A,I_DSK2_DCC_AB,PC_IND,BG3,2025,27.39 ,27.39
A,I_DSK2_DCC_AB,PC_IND,BG4,2025,31.06 ,31.06
A,I_DSK2_DCC_AB,PC_IND,CH,2025,61.10 ,61.1
A,I_DSK2_DCC_AB,PC_IND,CY,2025,43.36 ,43.36
A,I_DSK2_DCC_AB,PC_IND,CZ,2025,49.26 ,49.26
A,I_DSK2_DCC_AB,PC_IND,DE,2025,46.30 ,46.3
A,I_DSK2_DCC_AB,PC_IND,DE1,2025,52.71 ,52.71
A,I_DSK2_DCC_AB,PC_IND,DE2,2025,40.22 ,40.22
A,I_DSK2_DCC_AB,PC_IND,DE3,2025,56.40 ,56.4
A,I_DSK2_DCC_AB,PC_IND,DE4,2025,44.92 ,44.92
A,I_DSK2_DCC_AB,PC_IND,DE6,2025,56.20 ,56.2
A,I_DSK2_DCC_AB,PC_IND,DE7,2025,41.70 ,41.7
A,I_DSK2_DCC_AB,PC_IND,DE8,2025,33.21 ,33.21
A,I_DSK2_DCC_AB,PC_IND,DE9,2025,50.39 ,50.39
A,I_DSK2_DCC_AB,PC_IND,DEA,2025,48.88 ,48.88
A,I_DSK2_DCC_AB,PC_IND,DED,2025,46.04 ,46.04
A,I_DSK2_DCC_AB,PC_IND,DEE,2025,27.95 ,27.95
A,I_DSK2_DCC_AB,PC_IND,DEF,2025,48.80 ,48.8
A,I_DSK2_DCC_AB,PC_IND,DK,2025,67.77 ,67.77
A,I_DSK2_DCC_AB,PC_IND,EE,2025,51.37 ,51.37
A,I_DSK2_DCC_AB,PC_IND,EL,2025,44.91 ,44.91
A,I_DSK2_DCC_AB,PC_IND,EL3,2025,43.94 ,43.94
A,I_DSK2_DCC_AB,PC_IND,EL4,2025,47.36 ,47.36
A,I_DSK2_DCC_AB,PC_IND,EL5,2025,51.47 ,51.47
A,I_DSK2_DCC_AB,PC_IND,EL6,2025,37.61 ,37.61
A,I_DSK2_DCC_AB,PC_IND,ES,2025,51.01 ,51.01
A,I_DSK2_DCC_AB,PC_IND,ES1,2025,47.23 ,47.23
A,I_DSK2_DCC_AB,PC_IND,ES2,2025,51.32 ,51.32
A,I_DSK2_DCC_AB,PC_IND,ES3,2025,58.20 ,58.2
A,I_DSK2_DCC_AB,PC_IND,ES4,2025,47.72 ,47.72
A,I_DSK2_DCC_AB,PC_IND,ES5,2025,53.40 ,53.4
A,I_DSK2_DCC_AB,PC_IND,ES6,2025,46.72 ,46.72
A,I_DSK2_DCC_AB,PC_IND,ES7,2025,47.00 ,47.0
A,I_DSK2_DCC_AB,PC_IND,FI,2025,63.35 ,63.35
A,I_DSK2_DCC_AB,PC_IND,FR,2025,55.84 ,55.84
A,I_DSK2_DCC_AB,PC_IND,FR1,2025,63.07 u,63.07
A,I_DSK2_DCC_AB,PC_IND,FRB,2025,52.58 u,52.58
A,I_DSK2_DCC_AB,PC_IND,FRC,2025,45.30 u,45.3
A,I_DSK2_DCC_AB,PC_IND,FRD,2025,52.17 u,52.17
A,I_DSK2_DCC_AB,PC_IND,FRE,2025,49.69 u,49.69
A,I_DSK2_DCC_AB,PC_IND,FRF,2025,51.97 u,51.97
A,I_DSK2_DCC_AB,PC_IND,FRG,2025,59.30 u,59.3
A,I_DSK2_DCC_AB,PC_IND,FRH,2025,55.79 u,55.79
A,I_DSK2_DCC_AB,PC_IND,FRI,2025,55.81 u,55.81
A,I_DSK2_DCC_AB,PC_IND,FRJ,2025,54.38 u,54.38
A,I_DSK2_DCC_AB,PC_IND,FRK,2025,59.09 u,59.09
A,I_DSK2_DCC_AB,PC_IND,FRL,2025,56.91 u,56.91
A,I_DSK2_DCC_AB,PC_IND,FRM,2025,56.40 u,56.4
A,I_DSK2_DCC_AB,PC_IND,FRY,2025,44.53 u,44.53
A,I_DSK2_DCC_AB,PC_IND,HR,2025,40.16 ,40.16
A,I_DSK2_DCC_AB,PC_IND,HU,2025,46.51 ,46.51
A,I_DSK2_DCC_AB,PC_IND,HU1,2025,60.09 ,60.09
A,I_DSK2_DCC_AB,PC_IND,HU2,2025,39.80 ,39.8
A,I_DSK2_DCC_AB,PC_IND,HU3,2025,40.37 ,40.37
A,I_DSK2_DCC_AB,PC_IND,IE,2025,73.29 ,73.29
A,I_DSK2_DCC_AB,PC_IND,IT,2025,43.32 ,43.32
A,I_DSK2_DCC_AB,PC_IND,ITC,2025,48.90 ,48.9
A,I_DSK2_DCC_AB,PC_IND,ITF,2025,34.58 ,34.58
A,I_DSK2_DCC_AB,PC_IND,ITG,2025,34.95 ,34.95
A,I_DSK2_DCC_AB,PC_IND,ITH,2025,48.06 ,48.06
A,I_DSK2_DCC_AB,PC_IND,ITI,2025,45.71 ,45.71
A,I_DSK2_DCC_AB,PC_IND,LT,2025,42.85 ,42.85
A,I_DSK2_DCC_AB,PC_IND,LU,2025,52.83 ,52.83
A,I_DSK2_DCC_AB,PC_IND,LV,2025,37.23 ,37.23
A,I_DSK2_DCC_AB,PC_IND,ME,2025,55.30 ,55.3
A,I_DSK2_DCC_AB,PC_IND,MK,2025,13.50 ,13.5
A,I_DSK2_DCC_AB,PC_IND,MT,2025,55.95 ,55.95
A,I_DSK2_DCC_AB,PC_IND,NL,2025,68.39 ,68.39
A,I_DSK2_DCC_AB,PC_IND,NL1,2025,63.01 ,63.01
A,I_DSK2_DCC_AB,PC_IND,NL2,2025,66.77 ,66.77
A,I_DSK2_DCC_AB,PC_IND,NL3,2025,71.40 ,71.4
A,I_DSK2_DCC_AB,PC_IND,NL4,2025,65.61 ,65.61
A,I_DSK2_DCC_AB,PC_IND,NO,2025,67.54 ,67.54
A,I_DSK2_DCC_AB,PC_IND,PL,2025,39.81 ,39.81
A,I_DSK2_DCC_AB,PC_IND,PL2,2025,42.97 ,42.97
A,I_DSK2_DCC_AB,PC_IND,PL4,2025,39.93 ,39.93
A,I_DSK2_DCC_AB,PC_IND,PL5,2025,44.98 ,44.98
A,I_DSK2_DCC_AB,PC_IND,PL6,2025,36.39 ,36.39
A,I_DSK2_DCC_AB,PC_IND,PL7,2025,31.68 ,31.68
A,I_DSK2_DCC_AB,PC_IND,PL8,2025,31.26 ,31.26
A,I_DSK2_DCC_AB,PC_IND,PL9,2025,49.66 ,49.66
A,I_DSK2_DCC_AB,PC_IND,PT,2025,47.62 ,47.62
A,I_DSK2_DCC_AB,PC_IND,PT1,2025,48.25 ,48.25
A,I_DSK2_DCC_AB,PC_IND,PT2,2025,34.68 ,34.68
A,I_DSK2_DCC_AB,PC_IND,PT3,2025,35.97 ,35.97
A,I_DSK2_DCC_AB,PC_IND,RO,2025,23.83 ,23.83
A,I_DSK2_DCC_AB,PC_IND,RO1,2025,23.79 ,23.79
A,I_DSK2_DCC_AB,PC_IND,RO2,2025,20.94 ,20.94
A,I_DSK2_DCC_AB,PC_IND,RO3,2025,29.35 ,29.35
A,I_DSK2_DCC_AB,PC_IND,RO4,2025,20.28 ,20.28
A,I_DSK2_DCC_AB,PC_IND,RS,2025,45.02 ,45.02
A,I_DSK2_DCC_AB,PC_IND,RS1,2025,51.25 ,51.25
A,I_DSK2_DCC_AB,PC_IND,RS2,2025,38.36 ,38.36
A,I_DSK2_DCC_AB,PC_IND,SE,2025,56.56 ,56.56
A,I_DSK2_DCC_AB,PC_IND,SE1,2025,59.42 ,59.42
A,I_DSK2_DCC_AB,PC_IND,SE2,2025,55.09 ,55.09
A,I_DSK2_DCC_AB,PC_IND,SE3,2025,53.25 ,53.25
A,I_DSK2_DCC_AB,PC_IND,SI,2025,41.82 ,41.82
A,I_DSK2_DCC_AB,PC_IND,SK,2025,38.78 ,38.78
A,I_DSK2_DCC_AB,PC_IND,TR,2025,17.20 ,17.2
A,I_DSK2_DCC_AB,PC_IND,TR1,2025,26.19 ,26.19
A,I_DSK2_DCC_AB,PC_IND,TR2,2025,13.54 ,13.54
A,I_DSK2_DCC_AB,PC_IND,TR3,2025,16.52 ,16.52
A,I_DSK2_DCC_AB,PC_IND,TR4,2025,25.14 ,25.14
A,I_DSK2_DCC_AB,PC_IND,TR5,2025,20.43 ,20.43
A,I_DSK2_DCC_AB,PC_IND,TR6,2025,12.92 ,12.92
A,I_DSK2_DCC_AB,PC_IND,TR7,2025,11.67 ,11.67
A,I_DSK2_DCC_AB,PC_IND,TR8,2025,14.29 ,14.29
A,I_DSK2_DCC_AB,PC_IND,TR9,2025,12.20 ,12.2
A,I_DSK2_DCC_AB,PC_IND,TRA,2025,8.79 ,8.79
A,I_DSK2_DCC_AB,PC_IND,TRB,2025,9.77 ,9.77
A,I_DSK2_DCC_AB,PC_IND,TRC,2025,6.98 ,6.98
A,I_DSK2_DCC_AB,PC_IND,XK,2025,27.22 ,27.22
A,I_DSK2_DCC_AB,PC_IND_IU3,AL,2025,35.34 ,35.34
A,I_DSK2_DCC_AB,PC_IND_IU3,AT,2025,56.92 b,56.92
A,I_DSK2_DCC_AB,PC_IND_IU3,AT1,2025,57.99 ,57.99
A,I_DSK2_DCC_AB,PC_IND_IU3,AT2,2025,54.11 ,54.11
A,I_DSK2_DCC_AB,PC_IND_IU3,AT3,2025,57.12 ,57.12
A,I_DSK2_DCC_AB,PC_IND_IU3,BA,2025,33.33 ,33.33
A,I_DSK2_DCC_AB,PC_IND_IU3,BE,2025,53.85 ,53.85
A,I_DSK2_DCC_AB,PC_IND_IU3,BE1,2025,59.54 ,59.54
A,I_DSK2_DCC_AB,PC_IND_IU3,BE2,2025,53.92 ,53.92
A,I_DSK2_DCC_AB,PC_IND_IU3,BE3,2025,51.83 ,51.83
A,I_DSK2_DCC_AB,PC_IND_IU3,BG,2025,33.74 ,33.74
A,I_DSK2_DCC_AB,PC_IND_IU3,BG3,2025,31.88 ,31.88
A,I_DSK2_DCC_AB,PC_IND_IU3,BG4,2025,35.42 ,35.42
A,I_DSK2_DCC_AB,PC_IND_IU3,CH,2025,61.76 ,61.76
A,I_DSK2_DCC_AB,PC_IND_IU3,CY,2025,46.23 ,46.23
A,I_DSK2_DCC_AB,PC_IND_IU3,CZ,2025,52.11 ,52.11
A,I_DSK2_DCC_AB,PC_IND_IU3,DE,2025,48.95 ,48.95
A,I_DSK2_DCC_AB,PC_IND_IU3,DE1,2025,54.94 ,54.94
A,I_DSK2_DCC_AB,PC_IND_IU3,DE2,2025,42.47 ,42.47
A,I_DSK2_DCC_AB,PC_IND_IU3,DE3,2025,60.62 ,60.62
A,I_DSK2_DCC_AB,PC_IND_IU3,DE4,2025,49.68 ,49.68
A,I_DSK2_DCC_AB,PC_IND_IU3,DE6,2025,58.27 ,58.27
A,I_DSK2_DCC_AB,PC_IND_IU3,DE7,2025,43.66 ,43.66
A,I_DSK2_DCC_AB,PC_IND_IU3,DE8,2025,35.49 ,35.49
A,I_DSK2_DCC_AB,PC_IND_IU3,DE9,2025,52.98 ,52.98
A,I_DSK2_DCC_AB,PC_IND_IU3,DEA,2025,51.62 ,51.62
A,I_DSK2_DCC_AB,PC_IND_IU3,DED,2025,48.43 ,48.43
A,I_DSK2_DCC_AB,PC_IND_IU3,DEE,2025,31.09 ,31.09
A,I_DSK2_DCC_AB,PC_IND_IU3,DEF,2025,51.53 ,51.53
A,I_DSK2_DCC_AB,PC_IND_IU3,DK,2025,67.97 ,67.97
A,I_DSK2_DCC_AB,PC_IND_IU3,EE,2025,54.16 ,54.16
A,I_DSK2_DCC_AB,PC_IND_IU3,EL,2025,50.37 ,50.37
A,I_DSK2_DCC_AB,PC_IND_IU3,EL3,2025,46.59 ,46.59
A,I_DSK2_DCC_AB,PC_IND_IU3,EL4,2025,54.99 ,54.99
A,I_DSK2_DCC_AB,PC_IND_IU3,EL5,2025,57.57 ,57.57
A,I_DSK2_DCC_AB,PC_IND_IU3,EL6,2025,45.75 ,45.75
A,I_DSK2_DCC_AB,PC_IND_IU3,ES,2025,52.95 ,52.95
A,I_DSK2_DCC_AB,PC_IND_IU3,ES1,2025,50.15 ,50.15
A,I_DSK2_DCC_AB,PC_IND_IU3,ES2,2025,53.27 ,53.27
A,I_DSK2_DCC_AB,PC_IND_IU3,ES3,2025,59.35 ,59.35
A,I_DSK2_DCC_AB,PC_IND_IU3,ES4,2025,50.16 ,50.16
A,I_DSK2_DCC_AB,PC_IND_IU3,ES5,2025,54.73 ,54.73
A,I_DSK2_DCC_AB,PC_IND_IU3,ES6,2025,49.23 ,49.23
A,I_DSK2_DCC_AB,PC_IND_IU3,ES7,2025,48.77 ,48.77
A,I_DSK2_DCC_AB,PC_IND_IU3,FI,2025,64.59 ,64.59
A,I_DSK2_DCC_AB,PC_IND_IU3,FR,2025,58.80 ,58.8
A,I_DSK2_DCC_AB,PC_IND_IU3,FR1,2025,65.35 u,65.35
A,I_DSK2_DCC_AB,PC_IND_IU3,FRB,2025,55.08 u,55.08
A,I_DSK2_DCC_AB,PC_IND_IU3,FRC,2025,48.98 u,48.98
A,I_DSK2_DCC_AB,PC_IND_IU3,FRD,2025,54.91 u,54.91
A,I_DSK2_DCC_AB,PC_IND_IU3,FRE,2025,53.14 u,53.14
A,I_DSK2_DCC_AB,PC_IND_IU3,FRF,2025,55.47 u,55.47
A,I_DSK2_DCC_AB,PC_IND_IU3,FRG,2025,61.60 u,61.6
A,I_DSK2_DCC_AB,PC_IND_IU3,FRH,2025,58.53 u,58.53
A,I_DSK2_DCC_AB,PC_IND_IU3,FRI,2025,58.46 u,58.46
A,I_DSK2_DCC_AB,PC_IND_IU3,FRJ,2025,57.34 u,57.34
A,I_DSK2_DCC_AB,PC_IND_IU3,FRK,2025,62.07 u,62.07
A,I_DSK2_DCC_AB,PC_IND_IU3,FRL,2025,59.41 u,59.41
A,I_DSK2_DCC_AB,PC_IND_IU3,FRM,2025,61.01 u,61.01
A,I_DSK2_DCC_AB,PC_IND_IU3,FRY,2025,50.19 u,50.19
A,I_DSK2_DCC_AB,PC_IND_IU3,HR,2025,46.75 ,46.75
A,I_DSK2_DCC_AB,PC_IND_IU3,HU,2025,50.11 ,50.11
A,I_DSK2_DCC_AB,PC_IND_IU3,HU1,2025,63.12 ,63.12
A,I_DSK2_DCC_AB,PC_IND_IU3,HU2,2025,42.97 ,42.97
A,I_DSK2_DCC_AB,PC_IND_IU3,HU3,2025,44.40 ,44.4
A,I_DSK2_DCC_AB,PC_IND_IU3,IE,2025,73.45 ,73.45
A,I_DSK2_DCC_AB,PC_IND_IU3,IT,2025,47.96 ,47.96
A,I_DSK2_DCC_AB,PC_IND_IU3,ITC,2025,52.63 ,52.63
A,I_DSK2_DCC_AB,PC_IND_IU3,ITF,2025,40.83 ,40.83
A,I_DSK2_DCC_AB,PC_IND_IU3,ITG,2025,40.32 ,40.32
A,I_DSK2_DCC_AB,PC_IND_IU3,ITH,2025,51.96 ,51.96
A,I_DSK2_DCC_AB,PC_IND_IU3,ITI,2025,49.07 ,49.07
A,I_DSK2_DCC_AB,PC_IND_IU3,LT,2025,47.98 ,47.98
A,I_DSK2_DCC_AB,PC_IND_IU3,LU,2025,53.29 ,53.29
A,I_DSK2_DCC_AB,PC_IND_IU3,LV,2025,39.39 ,39.39
A,I_DSK2_DCC_AB,PC_IND_IU3,ME,2025,58.70 ,58.7
A,I_DSK2_DCC_AB,PC_IND_IU3,MK,2025,14.65 ,14.65
A,I_DSK2_DCC_AB,PC_IND_IU3,MT,2025,58.28 ,58.28
A,I_DSK2_DCC_AB,PC_IND_IU3,NL,2025,68.59 ,68.59
A,I_DSK2_DCC_AB,PC_IND_IU3,NL1,2025,63.10 ,63.1
A,I_DSK2_DCC_AB,PC_IND_IU3,NL2,2025,66.92 ,66.92
A,I_DSK2_DCC_AB,PC_IND_IU3,NL3,2025,71.57 ,71.57
A,I_DSK2_DCC_AB,PC_IND_IU3,NL4,2025,65.99 ,65.99
A,I_DSK2_DCC_AB,PC_IND_IU3,NO,2025,68.35 ,68.35
A,I_DSK2_DCC_AB,PC_IND_IU3,PL,2025,44.40 ,44.4
A,I_DSK2_DCC_AB,PC_IND_IU3,PL2,2025,47.69 ,47.69
A,I_DSK2_DCC_AB,PC_IND_IU3,PL4,2025,43.80 ,43.8
A,I_DSK2_DCC_AB,PC_IND_IU3,PL5,2025,48.09 ,48.09
A,I_DSK2_DCC_AB,PC_IND_IU3,PL6,2025,40.85 ,40.85
A,I_DSK2_DCC_AB,PC_IND_IU3,PL7,2025,37.30 ,37.3
A,I_DSK2_DCC_AB,PC_IND_IU3,PL8,2025,35.71 ,35.71
A,I_DSK2_DCC_AB,PC_IND_IU3,PL9,2025,54.47 ,54.47
A,I_DSK2_DCC_AB,PC_IND_IU3,PT,2025,53.24 ,53.24
A,I_DSK2_DCC_AB,PC_IND_IU3,PT1,2025,53.92 ,53.92
A,I_DSK2_DCC_AB,PC_IND_IU3,PT2,2025,38.89 ,38.89
A,I_DSK2_DCC_AB,PC_IND_IU3,PT3,2025,40.73 ,40.73
A,I_DSK2_DCC_AB,PC_IND_IU3,RO,2025,25.58 ,25.58
A,I_DSK2_DCC_AB,PC_IND_IU3,RO1,2025,25.28 ,25.28
A,I_DSK2_DCC_AB,PC_IND_IU3,RO2,2025,22.71 ,22.71
A,I_DSK2_DCC_AB,PC_IND_IU3,RO3,2025,31.44 ,31.44
A,I_DSK2_DCC_AB,PC_IND_IU3,RO4,2025,21.80 ,21.8
A,I_DSK2_DCC_AB,PC_IND_IU3,RS,2025,49.99 ,49.99
A,I_DSK2_DCC_AB,PC_IND_IU3,RS1,2025,55.86 ,55.86
A,I_DSK2_DCC_AB,PC_IND_IU3,RS2,2025,43.47 ,43.47
A,I_DSK2_DCC_AB,PC_IND_IU3,SE,2025,57.56 ,57.56
A,I_DSK2_DCC_AB,PC_IND_IU3,SE1,2025,60.63 ,60.63
A,I_DSK2_DCC_AB,PC_IND_IU3,SE2,2025,55.92 ,55.92
A,I_DSK2_DCC_AB,PC_IND_IU3,SE3,2025,54.20 ,54.2
A,I_DSK2_DCC_AB,PC_IND_IU3,SI,2025,45.67 ,45.67
A,I_DSK2_DCC_AB,PC_IND_IU3,SK,2025,41.92 ,41.92
A,I_DSK2_DCC_AB,PC_IND_IU3,TR,2025,19.16 ,19.16
A,I_DSK2_DCC_AB,PC_IND_IU3,TR1,2025,27.23 ,27.23
A,I_DSK2_DCC_AB,PC_IND_IU3,TR2,2025,15.46 ,15.46
A,I_DSK2_DCC_AB,PC_IND_IU3,TR3,2025,18.63 ,18.63
A,I_DSK2_DCC_AB,PC_IND_IU3,TR4,2025,27.13 ,27.13
A,I_DSK2_DCC_AB,PC_IND_IU3,TR5,2025,22.61 ,22.61
A,I_DSK2_DCC_AB,PC_IND_IU3,TR6,2025,14.48 ,14.48
A,I_DSK2_DCC_AB,PC_IND_IU3,TR7,2025,13.18 ,13.18
A,I_DSK2_DCC_AB,PC_IND_IU3,TR8,2025,16.44 ,16.44
A,I_DSK2_DCC_AB,PC_IND_IU3,TR9,2025,14.38 ,14.38
A,I_DSK2_DCC_AB,PC_IND_IU3,TRA,2025,10.44 ,10.44
A,I_DSK2_DCC_AB,PC_IND_IU3,TRB,2025,12.43 ,12.43
A,I_DSK2_DCC_AB,PC_IND_IU3,TRC,2025,8.05 ,8.05
A,I_DSK2_DCC_AB,PC_IND_IU3,XK,2025,27.64 ,27.64
A,I_DSK2_DCC_B,PC_IND,AL,2025,20.74 ,20.74
A,I_DSK2_DCC_B,PC_IND,AT,2025,33.22 b,33.22
A,I_DSK2_DCC_B,PC_IND,AT1,2025,32.34 ,32.34
A,I_DSK2_DCC_B,PC_IND,AT2,2025,35.22 ,35.22
A,I_DSK2_DCC_B,PC_IND,AT3,2025,33.18 ,33.18
A,I_DSK2_DCC_B,PC_IND,BA,2025,25.92 ,25.92
A,I_DSK2_DCC_B,PC_IND,BE,2025,23.16 ,23.16
A,I_DSK2_DCC_B,PC_IND,BE1,2025,21.36 ,21.36
A,I_DSK2_DCC_B,PC_IND,BE2,2025,23.93 ,23.93
A,I_DSK2_DCC_B,PC_IND,BE3,2025,22.35 ,22.35
A,I_DSK2_DCC_B,PC_IND,BG,2025,24.40 ,24.4
A,I_DSK2_DCC_B,PC_IND,BG3,2025,23.74 ,23.74
A,I_DSK2_DCC_B,PC_IND,BG4,2025,25.01 ,25.01
A,I_DSK2_DCC_B,PC_IND,CH,2025,23.97 ,23.97
A,I_DSK2_DCC_B,PC_IND,CY,2025,25.83 ,25.83
A,I_DSK2_DCC_B,PC_IND,CZ,2025,24.57 ,24.57
A,I_DSK2_DCC_B,PC_IND,DE,2025,26.71 ,26.71
A,I_DSK2_DCC_B,PC_IND,DE1,2025,27.95 ,27.95
A,I_DSK2_DCC_B,PC_IND,DE2,2025,19.64 ,19.64
A,I_DSK2_DCC_B,PC_IND,DE3,2025,21.53 ,21.53
A,I_DSK2_DCC_B,PC_IND,DE4,2025,30.04 ,30.04
A,I_DSK2_DCC_B,PC_IND,DE6,2025,21.56 ,21.56
A,I_DSK2_DCC_B,PC_IND,DE7,2025,28.49 ,28.49
A,I_DSK2_DCC_B,PC_IND,DE8,2025,23.49 ,23.49
A,I_DSK2_DCC_B,PC_IND,DE9,2025,30.80 ,30.8
A,I_DSK2_DCC_B,PC_IND,DEA,2025,29.34 ,29.34
A,I_DSK2_DCC_B,PC_IND,DED,2025,25.99 ,25.99
A,I_DSK2_DCC_B,PC_IND,DEE,2025,22.91 ,22.91
A,I_DSK2_DCC_B,PC_IND,DEF,2025,28.66 ,28.66
A,I_DSK2_DCC_B,PC_IND,DK,2025,18.93 ,18.93
A,I_DSK2_DCC_B,PC_IND,EE,2025,18.64 ,18.64
A,I_DSK2_DCC_B,PC_IND,EL,2025,14.36 ,14.36
A,I_DSK2_DCC_B,PC_IND,EL3,2025,10.20 ,10.2
A,I_DSK2_DCC_B,PC_IND,EL4,2025,20.42 ,20.42
A,I_DSK2_DCC_B,PC_IND,EL5,2025,18.44 ,18.44
A,I_DSK2_DCC_B,PC_IND,EL6,2025,13.33 ,13.33
A,I_DSK2_DCC_B,PC_IND,ES,2025,23.12 ,23.12
A,I_DSK2_DCC_B,PC_IND,ES1,2025,22.57 ,22.57
A,I_DSK2_DCC_B,PC_IND,ES2,2025,23.42 ,23.42
A,I_DSK2_DCC_B,PC_IND,ES3,2025,21.73 ,21.73
A,I_DSK2_DCC_B,PC_IND,ES4,2025,22.35 ,22.35
A,I_DSK2_DCC_B,PC_IND,ES5,2025,22.88 ,22.88
A,I_DSK2_DCC_B,PC_IND,ES6,2025,24.36 ,24.36
A,I_DSK2_DCC_B,PC_IND,ES7,2025,25.61 ,25.61
A,I_DSK2_DCC_B,PC_IND,FI,2025,20.12 ,20.12
A,I_DSK2_DCC_B,PC_IND,FR,2025,20.83 ,20.83
A,I_DSK2_DCC_B,PC_IND,FR1,2025,18.34 u,18.34
A,I_DSK2_DCC_B,PC_IND,FRB,2025,21.65 u,21.65
A,I_DSK2_DCC_B,PC_IND,FRC,2025,25.37 u,25.37
A,I_DSK2_DCC_B,PC_IND,FRD,2025,23.42 u,23.42
A,I_DSK2_DCC_B,PC_IND,FRE,2025,21.79 u,21.79
A,I_DSK2_DCC_B,PC_IND,FRF,2025,22.45 u,22.45
A,I_DSK2_DCC_B,PC_IND,FRG,2025,18.91 u,18.91
A,I_DSK2_DCC_B,PC_IND,FRH,2025,21.08 u,21.08
A,I_DSK2_DCC_B,PC_IND,FRI,2025,21.10 u,21.1
A,I_DSK2_DCC_B,PC_IND,FRJ,2025,22.59 u,22.59
A,I_DSK2_DCC_B,PC_IND,FRK,2025,20.59 u,20.59
A,I_DSK2_DCC_B,PC_IND,FRL,2025,20.56 u,20.56
A,I_DSK2_DCC_B,PC_IND,FRM,2025,18.06 u,18.06
A,I_DSK2_DCC_B,PC_IND,FRY,2025,16.86 u,16.86
A,I_DSK2_DCC_B,PC_IND,HR,2025,39.40 ,39.4
A,I_DSK2_DCC_B,PC_IND,HU,2025,15.80 ,15.8
A,I_DSK2_DCC_B,PC_IND,HU1,2025,14.32 ,14.32
A,I_DSK2_DCC_B,PC_IND,HU2,2025,17.71 ,17.71
A,I_DSK2_DCC_B,PC_IND,HU3,2025,15.55 ,15.55
A,I_DSK2_DCC_B,PC_IND,IE,2025,17.02 ,17.02
A,I_DSK2_DCC_B,PC_IND,IT,2025,19.31 ,19.31
A,I_DSK2_DCC_B,PC_IND,ITC,2025,19.58 ,19.58
A,I_DSK2_DCC_B,PC_IND,ITF,2025,18.23 ,18.23
A,I_DSK2_DCC_B,PC_IND,ITG,2025,20.75 ,20.75
A,I_DSK2_DCC_B,PC_IND,ITH,2025,19.15 ,19.15
A,I_DSK2_DCC_B,PC_IND,ITI,2025,19.57 ,19.57
A,I_DSK2_DCC_B,PC_IND,LT,2025,20.23 ,20.23
A,I_DSK2_DCC_B,PC_IND,LU,2025,25.26 ,25.26
A,I_DSK2_DCC_B,PC_IND,LV,2025,26.26 ,26.26
A,I_DSK2_DCC_B,PC_IND,ME,2025,35.21 ,35.21
A,I_DSK2_DCC_B,PC_IND,MK,2025,20.39 ,20.39
A,I_DSK2_DCC_B,PC_IND,MT,2025,16.81 ,16.81
A,I_DSK2_DCC_B,PC_IND,NL,2025,19.56 ,19.56
A,I_DSK2_DCC_B,PC_IND,NL1,2025,22.61 ,22.61
A,I_DSK2_DCC_B,PC_IND,NL2,2025,21.90 ,21.9
A,I_DSK2_DCC_B,PC_IND,NL3,2025,17.86 ,17.86
A,I_DSK2_DCC_B,PC_IND,NL4,2025,19.75 ,19.75
A,I_DSK2_DCC_B,PC_IND,NO,2025,17.88 ,17.88
A,I_DSK2_DCC_B,PC_IND,PL,2025,22.26 ,22.26
A,I_DSK2_DCC_B,PC_IND,PL2,2025,20.49 ,20.49
A,I_DSK2_DCC_B,PC_IND,PL4,2025,24.24 ,24.24
A,I_DSK2_DCC_B,PC_IND,PL5,2025,23.83 ,23.83
A,I_DSK2_DCC_B,PC_IND,PL6,2025,21.21 ,21.21
A,I_DSK2_DCC_B,PC_IND,PL7,2025,25.94 ,25.94
A,I_DSK2_DCC_B,PC_IND,PL8,2025,22.89 ,22.89
A,I_DSK2_DCC_B,PC_IND,PL9,2025,19.96 ,19.96
A,I_DSK2_DCC_B,PC_IND,PT,2025,17.71 ,17.71
A,I_DSK2_DCC_B,PC_IND,PT1,2025,17.53 ,17.53
A,I_DSK2_DCC_B,PC_IND,PT2,2025,25.63 ,25.63
A,I_DSK2_DCC_B,PC_IND,PT3,2025,17.46 ,17.46
A,I_DSK2_DCC_B,PC_IND,RO,2025,18.48 ,18.48
A,I_DSK2_DCC_B,PC_IND,RO1,2025,16.01 ,16.01
A,I_DSK2_DCC_B,PC_IND,RO2,2025,19.01 ,19.01
A,I_DSK2_DCC_B,PC_IND,RO3,2025,20.04 ,20.04
A,I_DSK2_DCC_B,PC_IND,RO4,2025,18.75 ,18.75
A,I_DSK2_DCC_B,PC_IND,RS,2025,24.87 ,24.87
A,I_DSK2_DCC_B,PC_IND,RS1,2025,22.26 ,22.26
A,I_DSK2_DCC_B,PC_IND,RS2,2025,27.66 ,27.66
A,I_DSK2_DCC_B,PC_IND,SE,2025,22.97 ,22.97
A,I_DSK2_DCC_B,PC_IND,SE1,2025,21.11 ,21.11
A,I_DSK2_DCC_B,PC_IND,SE2,2025,24.07 ,24.07
A,I_DSK2_DCC_B,PC_IND,SE3,2025,24.74 ,24.74
A,I_DSK2_DCC_B,PC_IND,SI,2025,21.64 ,21.64
A,I_DSK2_DCC_B,PC_IND,SK,2025,26.51 ,26.51
A,I_DSK2_DCC_B,PC_IND,TR,2025,21.85 ,21.85
A,I_DSK2_DCC_B,PC_IND,TR1,2025,24.26 ,24.26
A,I_DSK2_DCC_B,PC_IND,TR2,2025,17.15 ,17.15
A,I_DSK2_DCC_B,PC_IND,TR3,2025,20.93 ,20.93
A,I_DSK2_DCC_B,PC_IND,TR4,2025,27.23 ,27.23
A,I_DSK2_DCC_B,PC_IND,TR5,2025,28.95 ,28.95
A,I_DSK2_DCC_B,PC_IND,TR6,2025,17.76 ,17.76
A,I_DSK2_DCC_B,PC_IND,TR7,2025,16.03 ,16.03
A,I_DSK2_DCC_B,PC_IND,TR8,2025,20.86 ,20.86
A,I_DSK2_DCC_B,PC_IND,TR9,2025,20.10 ,20.1
A,I_DSK2_DCC_B,PC_IND,TRA,2025,16.80 ,16.8
A,I_DSK2_DCC_B,PC_IND,TRB,2025,18.60 ,18.6
A,I_DSK2_DCC_B,PC_IND,TRC,2025,19.38 ,19.38
A,I_DSK2_DCC_B,PC_IND,XK,2025,70.48 ,70.48
A,I_DSK2_DCC_B,PC_IND_IU3,AL,2025,23.79 ,23.79
A,I_DSK2_DCC_B,PC_IND_IU3,AT,2025,34.85 b,34.85
A,I_DSK2_DCC_B,PC_IND_IU3,AT1,2025,33.44 ,33.44
A,I_DSK2_DCC_B,PC_IND_IU3,AT2,2025,37.62 ,37.62
A,I_DSK2_DCC_B,PC_IND_IU3,AT3,2025,35.11 ,35.11
A,I_DSK2_DCC_B,PC_IND_IU3,BA,2025,28.77 ,28.77
A,I_DSK2_DCC_B,PC_IND_IU3,BE,2025,24.01 ,24.01
A,I_DSK2_DCC_B,PC_IND_IU3,BE1,2025,22.60 ,22.6
A,I_DSK2_DCC_B,PC_IND_IU3,BE2,2025,24.68 ,24.68
A,I_DSK2_DCC_B,PC_IND_IU3,BE3,2025,23.23 ,23.23
A,I_DSK2_DCC_B,PC_IND_IU3,BG,2025,28.10 ,28.1
A,I_DSK2_DCC_B,PC_IND_IU3,BG3,2025,27.64 ,27.64
A,I_DSK2_DCC_B,PC_IND_IU3,BG4,2025,28.51 ,28.51
A,I_DSK2_DCC_B,PC_IND_IU3,CH,2025,24.23 ,24.23
A,I_DSK2_DCC_B,PC_IND_IU3,CY,2025,27.54 ,27.54
A,I_DSK2_DCC_B,PC_IND_IU3,CZ,2025,25.99 ,25.99
A,I_DSK2_DCC_B,PC_IND_IU3,DE,2025,28.24 ,28.24
A,I_DSK2_DCC_B,PC_IND_IU3,DE1,2025,29.14 ,29.14
A,I_DSK2_DCC_B,PC_IND_IU3,DE2,2025,20.74 ,20.74
A,I_DSK2_DCC_B,PC_IND_IU3,DE3,2025,23.14 ,23.14
A,I_DSK2_DCC_B,PC_IND_IU3,DE4,2025,33.23 ,33.23
A,I_DSK2_DCC_B,PC_IND_IU3,DE6,2025,22.35 ,22.35
A,I_DSK2_DCC_B,PC_IND_IU3,DE7,2025,29.83 ,29.83
A,I_DSK2_DCC_B,PC_IND_IU3,DE8,2025,25.10 ,25.1
A,I_DSK2_DCC_B,PC_IND_IU3,DE9,2025,32.39 ,32.39
A,I_DSK2_DCC_B,PC_IND_IU3,DEA,2025,30.98 ,30.98
A,I_DSK2_DCC_B,PC_IND_IU3,DED,2025,27.34 ,27.34
A,I_DSK2_DCC_B,PC_IND_IU3,DEE,2025,25.49 ,25.49
A,I_DSK2_DCC_B,PC_IND_IU3,DEF,2025,30.27 ,30.27
A,I_DSK2_DCC_B,PC_IND_IU3,DK,2025,18.98 ,18.98
A,I_DSK2_DCC_B,PC_IND_IU3,EE,2025,19.65 ,19.65
A,I_DSK2_DCC_B,PC_IND_IU3,EL,2025,16.11 ,16.11
A,I_DSK2_DCC_B,PC_IND_IU3,EL3,2025,10.81 ,10.81
A,I_DSK2_DCC_B,PC_IND_IU3,EL4,2025,23.71 ,23.71
A,I_DSK2_DCC_B,PC_IND_IU3,EL5,2025,20.62 ,20.62
A,I_DSK2_DCC_B,PC_IND_IU3,EL6,2025,16.21 ,16.21
A,I_DSK2_DCC_B,PC_IND_IU3,ES,2025,24.00 ,24.0
A,I_DSK2_DCC_B,PC_IND_IU3,ES1,2025,23.96 ,23.96
A,I_DSK2_DCC_B,PC_IND_IU3,ES2,2025,24.31 ,24.31
A,I_DSK2_DCC_B,PC_IND_IU3,ES3,2025,22.16 ,22.16
A,I_DSK2_DCC_B,PC_IND_IU3,ES4,2025,23.49 ,23.49
A,I_DSK2_DCC_B,PC_IND_IU3,ES5,2025,23.45 ,23.45
A,I_DSK2_DCC_B,PC_IND_IU3,ES6,2025,25.66 ,25.66
A,I_DSK2_DCC_B,PC_IND_IU3,ES7,2025,26.57 ,26.57
A,I_DSK2_DCC_B,PC_IND_IU3,FI,2025,20.51 ,20.51
A,I_DSK2_DCC_B,PC_IND_IU3,FR,2025,21.93 ,21.93
A,I_DSK2_DCC_B,PC_IND_IU3,FR1,2025,19.00 u,19.0
A,I_DSK2_DCC_B,PC_IND_IU3,FRB,2025,22.68 u,22.68
A,I_DSK2_DCC_B,PC_IND_IU3,FRC,2025,27.43 u,27.43
A,I_DSK2_DCC_B,PC_IND_IU3,FRD,2025,24.65 u,24.65
A,I_DSK2_DCC_B,PC_IND_IU3,FRE,2025,23.30 u,23.3
A,I_DSK2_DCC_B,PC_IND_IU3,FRF,2025,23.96 u,23.96
A,I_DSK2_DCC_B,PC_IND_IU3,FRG,2025,19.65 u,19.65
A,I_DSK2_DCC_B,PC_IND_IU3,FRH,2025,22.12 u,22.12
A,I_DSK2_DCC_B,PC_IND_IU3,FRI,2025,22.10 u,22.1
A,I_DSK2_DCC_B,PC_IND_IU3,FRJ,2025,23.82 u,23.82
A,I_DSK2_DCC_B,PC_IND_IU3,FRK,2025,21.63 u,21.63
A,I_DSK2_DCC_B,PC_IND_IU3,FRL,2025,21.46 u,21.46
A,I_DSK2_DCC_B,PC_IND_IU3,FRM,2025,19.54 u,19.54
A,I_DSK2_DCC_B,PC_IND_IU3,FRY,2025,19.00 u,19.0
A,I_DSK2_DCC_B,PC_IND_IU3,HR,2025,45.87 ,45.87
A,I_DSK2_DCC_B,PC_IND_IU3,HU,2025,17.03 ,17.03
A,I_DSK2_DCC_B,PC_IND_IU3,HU1,2025,15.04 ,15.04
A,I_DSK2_DCC_B,PC_IND_IU3,HU2,2025,19.12 ,19.12
A,I_DSK2_DCC_B,PC_IND_IU3,HU3,2025,17.10 ,17.1
A,I_DSK2_DCC_B,PC_IND_IU3,IE,2025,17.06 ,17.06
A,I_DSK2_DCC_B,PC_IND_IU3,IT,2025,21.38 ,21.38
A,I_DSK2_DCC_B,PC_IND_IU3,ITC,2025,21.08 ,21.08
A,I_DSK2_DCC_B,PC_IND_IU3,ITF,2025,21.52 ,21.52
A,I_DSK2_DCC_B,PC_IND_IU3,ITG,2025,23.94 ,23.94
A,I_DSK2_DCC_B,PC_IND_IU3,ITH,2025,20.71 ,20.71
A,I_DSK2_DCC_B,PC_IND_IU3,ITI,2025,21.01 ,21.01
A,I_DSK2_DCC_B,PC_IND_IU3,LT,2025,22.65 ,22.65
A,I_DSK2_DCC_B,PC_IND_IU3,LU,2025,25.49 ,25.49
A,I_DSK2_DCC_B,PC_IND_IU3,LV,2025,27.78 ,27.78
A,I_DSK2_DCC_B,PC_IND_IU3,ME,2025,37.37 ,37.37
A,I_DSK2_DCC_B,PC_IND_IU3,MK,2025,22.13 ,22.13
A,I_DSK2_DCC_B,PC_IND_IU3,MT,2025,17.51 ,17.51
A,I_DSK2_DCC_B,PC_IND_IU3,NL,2025,19.62 ,19.62
A,I_DSK2_DCC_B,PC_IND_IU3,NL1,2025,22.64 ,22.64
A,I_DSK2_DCC_B,PC_IND_IU3,NL2,2025,21.95 ,21.95
A,I_DSK2_DCC_B,PC_IND_IU3,NL3,2025,17.90 ,17.9
A,I_DSK2_DCC_B,PC_IND_IU3,NL4,2025,19.86 ,19.86
A,I_DSK2_DCC_B,PC_IND_IU3,NO,2025,18.09 ,18.09
A,I_DSK2_DCC_B,PC_IND_IU3,PL,2025,24.83 ,24.83
A,I_DSK2_DCC_B,PC_IND_IU3,PL2,2025,22.75 ,22.75
A,I_DSK2_DCC_B,PC_IND_IU3,PL4,2025,26.59 ,26.59
A,I_DSK2_DCC_B,PC_IND_IU3,PL5,2025,25.48 ,25.48
A,I_DSK2_DCC_B,PC_IND_IU3,PL6,2025,23.81 ,23.81
A,I_DSK2_DCC_B,PC_IND_IU3,PL7,2025,30.55 ,30.55
A,I_DSK2_DCC_B,PC_IND_IU3,PL8,2025,26.15 ,26.15
A,I_DSK2_DCC_B,PC_IND_IU3,PL9,2025,21.89 ,21.89
A,I_DSK2_DCC_B,PC_IND_IU3,PT,2025,19.80 ,19.8
A,I_DSK2_DCC_B,PC_IND_IU3,PT1,2025,19.58 ,19.58
A,I_DSK2_DCC_B,PC_IND_IU3,PT2,2025,28.73 ,28.73
A,I_DSK2_DCC_B,PC_IND_IU3,PT3,2025,19.77 ,19.77
A,I_DSK2_DCC_B,PC_IND_IU3,RO,2025,19.84 ,19.84
A,I_DSK2_DCC_B,PC_IND_IU3,RO1,2025,17.02 ,17.02
A,I_DSK2_DCC_B,PC_IND_IU3,RO2,2025,20.62 ,20.62
A,I_DSK2_DCC_B,PC_IND_IU3,RO3,2025,21.47 ,21.47
A,I_DSK2_DCC_B,PC_IND_IU3,RO4,2025,20.16 ,20.16
A,I_DSK2_DCC_B,PC_IND_IU3,RS,2025,27.62 ,27.62
A,I_DSK2_DCC_B,PC_IND_IU3,RS1,2025,24.27 ,24.27
A,I_DSK2_DCC_B,PC_IND_IU3,RS2,2025,31.35 ,31.35
A,I_DSK2_DCC_B,PC_IND_IU3,SE,2025,23.38 ,23.38
A,I_DSK2_DCC_B,PC_IND_IU3,SE1,2025,21.54 ,21.54
A,I_DSK2_DCC_B,PC_IND_IU3,SE2,2025,24.43 ,24.43
A,I_DSK2_DCC_B,PC_IND_IU3,SE3,2025,25.19 ,25.19
A,I_DSK2_DCC_B,PC_IND_IU3,SI,2025,23.63 ,23.63
A,I_DSK2_DCC_B,PC_IND_IU3,SK,2025,28.66 ,28.66
A,I_DSK2_DCC_B,PC_IND_IU3,TR,2025,24.34 ,24.34
A,I_DSK2_DCC_B,PC_IND_IU3,TR1,2025,25.23 ,25.23
A,I_DSK2_DCC_B,PC_IND_IU3,TR2,2025,19.57 ,19.57
A,I_DSK2_DCC_B,PC_IND_IU3,TR3,2025,23.60 ,23.6
A,I_DSK2_DCC_B,PC_IND_IU3,TR4,2025,29.38 ,29.38
A,I_DSK2_DCC_B,PC_IND_IU3,TR5,2025,32.05 ,32.05
A,I_DSK2_DCC_B,PC_IND_IU3,TR6,2025,19.90 ,19.9
A,I_DSK2_DCC_B,PC_IND_IU3,TR7,2025,18.11 ,18.11
A,I_DSK2_DCC_B,PC_IND_IU3,TR8,2025,24.01 ,24.01
A,I_DSK2_DCC_B,PC_IND_IU3,TR9,2025,23.69 ,23.69
A,I_DSK2_DCC_B,PC_IND_IU3,TRA,2025,19.95 ,19.95
A,I_DSK2_DCC_B,PC_IND_IU3,TRB,2025,23.65 ,23.65
A,I_DSK2_DCC_B,PC_IND_IU3,TRC,2025,22.37 ,22.37
A,I_DSK2_DCC_B,PC_IND_IU3,XK,2025,71.57 ,71.57
A,I_DSK2_DCC_BAB,PC_IND,AL,2025,51.55 ,51.55
A,I_DSK2_DCC_BAB,PC_IND,AT,2025,87.46 b,87.46
A,I_DSK2_DCC_BAB,PC_IND,AT1,2025,88.42 ,88.42
A,I_DSK2_DCC_BAB,PC_IND,AT2,2025,85.88 ,85.88
A,I_DSK2_DCC_BAB,PC_IND,AT3,2025,87.16 ,87.16
A,I_DSK2_DCC_BAB,PC_IND,BA,2025,55.95 ,55.95
A,I_DSK2_DCC_BAB,PC_IND,BE,2025,75.10 ,75.1
A,I_DSK2_DCC_BAB,PC_IND,BE1,2025,77.64 ,77.64
A,I_DSK2_DCC_BAB,PC_IND,BE2,2025,76.22 ,76.22
A,I_DSK2_DCC_BAB,PC_IND,BE3,2025,72.19 ,72.19
A,I_DSK2_DCC_BAB,PC_IND,BG,2025,53.70 ,53.7
A,I_DSK2_DCC_BAB,PC_IND,BG3,2025,51.13 ,51.13
A,I_DSK2_DCC_BAB,PC_IND,BG4,2025,56.07 ,56.07
A,I_DSK2_DCC_BAB,PC_IND,CH,2025,85.07 ,85.07
A,I_DSK2_DCC_BAB,PC_IND,CY,2025,69.19 ,69.19
A,I_DSK2_DCC_BAB,PC_IND,CZ,2025,73.83 ,73.83
A,I_DSK2_DCC_BAB,PC_IND,DE,2025,73.01 ,73.01
A,I_DSK2_DCC_BAB,PC_IND,DE1,2025,80.66 ,80.66
A,I_DSK2_DCC_BAB,PC_IND,DE2,2025,59.87 ,59.87
A,I_DSK2_DCC_BAB,PC_IND,DE3,2025,77.94 ,77.94
A,I_DSK2_DCC_BAB,PC_IND,DE4,2025,74.96 ,74.96
A,I_DSK2_DCC_BAB,PC_IND,DE6,2025,77.76 ,77.76
A,I_DSK2_DCC_BAB,PC_IND,DE7,2025,70.19 ,70.19
A,I_DSK2_DCC_BAB,PC_IND,DE8,2025,56.70 ,56.7
A,I_DSK2_DCC_BAB,PC_IND,DE9,2025,81.19 ,81.19
A,I_DSK2_DCC_BAB,PC_IND,DEA,2025,78.22 ,78.22
A,I_DSK2_DCC_BAB,PC_IND,DED,2025,72.03 ,72.03
A,I_DSK2_DCC_BAB,PC_IND,DEE,2025,50.86 ,50.86
A,I_DSK2_DCC_BAB,PC_IND,DEF,2025,77.46 ,77.46
A,I_DSK2_DCC_BAB,PC_IND,DK,2025,86.70 ,86.7
A,I_DSK2_DCC_BAB,PC_IND,EE,2025,70.01 ,70.01
A,I_DSK2_DCC_BAB,PC_IND,EL,2025,59.27 ,59.27
A,I_DSK2_DCC_BAB,PC_IND,EL3,2025,54.14 ,54.14
A,I_DSK2_DCC_BAB,PC_IND,EL4,2025,67.78 ,67.78
A,I_DSK2_DCC_BAB,PC_IND,EL5,2025,69.91 ,69.91
A,I_DSK2_DCC_BAB,PC_IND,EL6,2025,50.94 ,50.94
A,I_DSK2_DCC_BAB,PC_IND,ES,2025,74.13 ,74.13
A,I_DSK2_DCC_BAB,PC_IND,ES1,2025,69.80 ,69.8
A,I_DSK2_DCC_BAB,PC_IND,ES2,2025,74.74 ,74.74
A,I_DSK2_DCC_BAB,PC_IND,ES3,2025,79.93 ,79.93
A,I_DSK2_DCC_BAB,PC_IND,ES4,2025,70.07 ,70.07
A,I_DSK2_DCC_BAB,PC_IND,ES5,2025,76.27 ,76.27
A,I_DSK2_DCC_BAB,PC_IND,ES6,2025,71.07 ,71.07
A,I_DSK2_DCC_BAB,PC_IND,ES7,2025,72.61 ,72.61
A,I_DSK2_DCC_BAB,PC_IND,FI,2025,83.47 ,83.47
A,I_DSK2_DCC_BAB,PC_IND,FR,2025,76.67 ,76.67
A,I_DSK2_DCC_BAB,PC_IND,FR1,2025,81.41 u,81.41
A,I_DSK2_DCC_BAB,PC_IND,FRB,2025,74.23 u,74.23
A,I_DSK2_DCC_BAB,PC_IND,FRC,2025,70.67 u,70.67
A,I_DSK2_DCC_BAB,PC_IND,FRD,2025,75.58 u,75.58
A,I_DSK2_DCC_BAB,PC_IND,FRE,2025,71.47 u,71.47
A,I_DSK2_DCC_BAB,PC_IND,FRF,2025,74.43 u,74.43
A,I_DSK2_DCC_BAB,PC_IND,FRG,2025,78.22 u,78.22
A,I_DSK2_DCC_BAB,PC_IND,FRH,2025,76.87 u,76.87
A,I_DSK2_DCC_BAB,PC_IND,FRI,2025,76.90 u,76.9
A,I_DSK2_DCC_BAB,PC_IND,FRJ,2025,76.98 u,76.98
A,I_DSK2_DCC_BAB,PC_IND,FRK,2025,79.68 u,79.68
A,I_DSK2_DCC_BAB,PC_IND,FRL,2025,77.47 u,77.47
A,I_DSK2_DCC_BAB,PC_IND,FRM,2025,74.46 u,74.46
A,I_DSK2_DCC_BAB,PC_IND,FRY,2025,61.40 u,61.4
A,I_DSK2_DCC_BAB,PC_IND,HR,2025,79.56 ,79.56
A,I_DSK2_DCC_BAB,PC_IND,HU,2025,62.31 ,62.31
A,I_DSK2_DCC_BAB,PC_IND,HU1,2025,74.41 ,74.41
A,I_DSK2_DCC_BAB,PC_IND,HU2,2025,57.51 ,57.51
A,I_DSK2_DCC_BAB,PC_IND,HU3,2025,55.92 ,55.92
A,I_DSK2_DCC_BAB,PC_IND,IE,2025,90.31 ,90.31
A,I_DSK2_DCC_BAB,PC_IND,IT,2025,62.63 ,62.63
A,I_DSK2_DCC_BAB,PC_IND,ITC,2025,68.49 ,68.49
A,I_DSK2_DCC_BAB,PC_IND,ITF,2025,52.81 ,52.81
A,I_DSK2_DCC_BAB,PC_IND,ITG,2025,55.70 ,55.7
A,I_DSK2_DCC_BAB,PC_IND,ITH,2025,67.21 ,67.21
A,I_DSK2_DCC_BAB,PC_IND,ITI,2025,65.28 ,65.28
A,I_DSK2_DCC_BAB,PC_IND,LT,2025,63.07 ,63.07
A,I_DSK2_DCC_BAB,PC_IND,LU,2025,78.09 ,78.09
A,I_DSK2_DCC_BAB,PC_IND,LV,2025,63.50 ,63.5
A,I_DSK2_DCC_BAB,PC_IND,ME,2025,90.52 ,90.52
A,I_DSK2_DCC_BAB,PC_IND,MK,2025,33.89 ,33.89
A,I_DSK2_DCC_BAB,PC_IND,MT,2025,72.77 ,72.77
A,I_DSK2_DCC_BAB,PC_IND,NL,2025,87.96 ,87.96
A,I_DSK2_DCC_BAB,PC_IND,NL1,2025,85.62 ,85.62
A,I_DSK2_DCC_BAB,PC_IND,NL2,2025,88.68 ,88.68
A,I_DSK2_DCC_BAB,PC_IND,NL3,2025,89.26 ,89.26
A,I_DSK2_DCC_BAB,PC_IND,NL4,2025,85.35 ,85.35
A,I_DSK2_DCC_BAB,PC_IND,NO,2025,85.41 ,85.41
A,I_DSK2_DCC_BAB,PC_IND,PL,2025,62.07 ,62.07
A,I_DSK2_DCC_BAB,PC_IND,PL2,2025,63.46 ,63.46
A,I_DSK2_DCC_BAB,PC_IND,PL4,2025,64.17 ,64.17
A,I_DSK2_DCC_BAB,PC_IND,PL5,2025,68.81 ,68.81
A,I_DSK2_DCC_BAB,PC_IND,PL6,2025,57.60 ,57.6
A,I_DSK2_DCC_BAB,PC_IND,PL7,2025,57.62 ,57.62
A,I_DSK2_DCC_BAB,PC_IND,PL8,2025,54.16 ,54.16
A,I_DSK2_DCC_BAB,PC_IND,PL9,2025,69.62 ,69.62
A,I_DSK2_DCC_BAB,PC_IND,PT,2025,65.34 ,65.34
A,I_DSK2_DCC_BAB,PC_IND,PT1,2025,65.78 ,65.78
A,I_DSK2_DCC_BAB,PC_IND,PT2,2025,60.30 ,60.3
A,I_DSK2_DCC_BAB,PC_IND,PT3,2025,53.43 ,53.43
A,I_DSK2_DCC_BAB,PC_IND,RO,2025,42.31 ,42.31
A,I_DSK2_DCC_BAB,PC_IND,RO1,2025,39.81 ,39.81
A,I_DSK2_DCC_BAB,PC_IND,RO2,2025,39.95 ,39.95
A,I_DSK2_DCC_BAB,PC_IND,RO3,2025,49.39 ,49.39
A,I_DSK2_DCC_BAB,PC_IND,RO4,2025,39.03 ,39.03
A,I_DSK2_DCC_BAB,PC_IND,RS,2025,69.89 ,69.89
A,I_DSK2_DCC_BAB,PC_IND,RS1,2025,73.51 ,73.51
A,I_DSK2_DCC_BAB,PC_IND,RS2,2025,66.02 ,66.02
A,I_DSK2_DCC_BAB,PC_IND,SE,2025,79.52 ,79.52
A,I_DSK2_DCC_BAB,PC_IND,SE1,2025,80.53 ,80.53
A,I_DSK2_DCC_BAB,PC_IND,SE2,2025,79.16 ,79.16
A,I_DSK2_DCC_BAB,PC_IND,SE3,2025,78.00 ,78.0
A,I_DSK2_DCC_BAB,PC_IND,SI,2025,63.46 ,63.46
A,I_DSK2_DCC_BAB,PC_IND,SK,2025,65.29 ,65.29
A,I_DSK2_DCC_BAB,PC_IND,TR,2025,39.06 ,39.06
A,I_DSK2_DCC_BAB,PC_IND,TR1,2025,50.45 ,50.45
A,I_DSK2_DCC_BAB,PC_IND,TR2,2025,30.69 ,30.69
A,I_DSK2_DCC_BAB,PC_IND,TR3,2025,37.45 ,37.45
A,I_DSK2_DCC_BAB,PC_IND,TR4,2025,52.37 ,52.37
A,I_DSK2_DCC_BAB,PC_IND,TR5,2025,49.37 ,49.37
A,I_DSK2_DCC_BAB,PC_IND,TR6,2025,30.68 ,30.68
A,I_DSK2_DCC_BAB,PC_IND,TR7,2025,27.70 ,27.7
A,I_DSK2_DCC_BAB,PC_IND,TR8,2025,35.15 ,35.15
A,I_DSK2_DCC_BAB,PC_IND,TR9,2025,32.29 ,32.29
A,I_DSK2_DCC_BAB,PC_IND,TRA,2025,25.59 ,25.59
A,I_DSK2_DCC_BAB,PC_IND,TRB,2025,28.37 ,28.37
A,I_DSK2_DCC_BAB,PC_IND,TRC,2025,26.36 ,26.36
A,I_DSK2_DCC_BAB,PC_IND,XK,2025,97.69 ,97.69
A,I_DSK2_DCC_BAB,PC_IND_IU3,AL,2025,59.14 ,59.14
A,I_DSK2_DCC_BAB,PC_IND_IU3,AT,2025,91.77 b,91.77
A,I_DSK2_DCC_BAB,PC_IND_IU3,AT1,2025,91.43 ,91.43
A,I_DSK2_DCC_BAB,PC_IND_IU3,AT2,2025,91.74 ,91.74
A,I_DSK2_DCC_BAB,PC_IND_IU3,AT3,2025,92.23 ,92.23
A,I_DSK2_DCC_BAB,PC_IND_IU3,BA,2025,62.09 ,62.09
A,I_DSK2_DCC_BAB,PC_IND_IU3,BE,2025,77.86 ,77.86
A,I_DSK2_DCC_BAB,PC_IND_IU3,BE1,2025,82.14 ,82.14
A,I_DSK2_DCC_BAB,PC_IND_IU3,BE2,2025,78.60 ,78.6
A,I_DSK2_DCC_BAB,PC_IND_IU3,BE3,2025,75.06 ,75.06
A,I_DSK2_DCC_BAB,PC_IND_IU3,BG,2025,61.84 ,61.84
A,I_DSK2_DCC_BAB,PC_IND_IU3,BG3,2025,59.52 ,59.52
A,I_DSK2_DCC_BAB,PC_IND_IU3,BG4,2025,63.93 ,63.93
A,I_DSK2_DCC_BAB,PC_IND_IU3,CH,2025,86.00 ,86.0
A,I_DSK2_DCC_BAB,PC_IND_IU3,CY,2025,73.77 ,73.77
A,I_DSK2_DCC_BAB,PC_IND_IU3,CZ,2025,78.11 ,78.11
A,I_DSK2_DCC_BAB,PC_IND_IU3,DE,2025,77.19 ,77.19
A,I_DSK2_DCC_BAB,PC_IND_IU3,DE1,2025,84.07 ,84.07
A,I_DSK2_DCC_BAB,PC_IND_IU3,DE2,2025,63.21 ,63.21
A,I_DSK2_DCC_BAB,PC_IND_IU3,DE3,2025,83.76 ,83.76
A,I_DSK2_DCC_BAB,PC_IND_IU3,DE4,2025,82.92 ,82.92
A,I_DSK2_DCC_BAB,PC_IND_IU3,DE6,2025,80.61 ,80.61
A,I_DSK2_DCC_BAB,PC_IND_IU3,DE7,2025,73.49 ,73.49
A,I_DSK2_DCC_BAB,PC_IND_IU3,DE8,2025,60.58 ,60.58
A,I_DSK2_DCC_BAB,PC_IND_IU3,DE9,2025,85.37 ,85.37
A,I_DSK2_DCC_BAB,PC_IND_IU3,DEA,2025,82.60 ,82.6
A,I_DSK2_DCC_BAB,PC_IND_IU3,DED,2025,75.78 ,75.78
A,I_DSK2_DCC_BAB,PC_IND_IU3,DEE,2025,56.57 ,56.57
A,I_DSK2_DCC_BAB,PC_IND_IU3,DEF,2025,81.79 ,81.79
A,I_DSK2_DCC_BAB,PC_IND_IU3,DK,2025,86.95 ,86.95
A,I_DSK2_DCC_BAB,PC_IND_IU3,EE,2025,73.80 ,73.8
A,I_DSK2_DCC_BAB,PC_IND_IU3,EL,2025,66.48 ,66.48
A,I_DSK2_DCC_BAB,PC_IND_IU3,EL3,2025,57.40 ,57.4
A,I_DSK2_DCC_BAB,PC_IND_IU3,EL4,2025,78.70 ,78.7
A,I_DSK2_DCC_BAB,PC_IND_IU3,EL5,2025,78.20 ,78.2
A,I_DSK2_DCC_BAB,PC_IND_IU3,EL6,2025,61.96 ,61.96
A,I_DSK2_DCC_BAB,PC_IND_IU3,ES,2025,76.95 ,76.95
A,I_DSK2_DCC_BAB,PC_IND_IU3,ES1,2025,74.12 ,74.12
A,I_DSK2_DCC_BAB,PC_IND_IU3,ES2,2025,77.58 ,77.58
A,I_DSK2_DCC_BAB,PC_IND_IU3,ES3,2025,81.50 ,81.5
A,I_DSK2_DCC_BAB,PC_IND_IU3,ES4,2025,73.65 ,73.65
A,I_DSK2_DCC_BAB,PC_IND_IU3,ES5,2025,78.18 ,78.18
A,I_DSK2_DCC_BAB,PC_IND_IU3,ES6,2025,74.89 ,74.89
A,I_DSK2_DCC_BAB,PC_IND_IU3,ES7,2025,75.34 ,75.34
A,I_DSK2_DCC_BAB,PC_IND_IU3,FI,2025,85.10 ,85.1
A,I_DSK2_DCC_BAB,PC_IND_IU3,FR,2025,80.73 ,80.73
A,I_DSK2_DCC_BAB,PC_IND_IU3,FR1,2025,84.36 u,84.36
A,I_DSK2_DCC_BAB,PC_IND_IU3,FRB,2025,77.75 u,77.75
A,I_DSK2_DCC_BAB,PC_IND_IU3,FRC,2025,76.40 u,76.4
A,I_DSK2_DCC_BAB,PC_IND_IU3,FRD,2025,79.55 u,79.55
A,I_DSK2_DCC_BAB,PC_IND_IU3,FRE,2025,76.44 u,76.44
A,I_DSK2_DCC_BAB,PC_IND_IU3,FRF,2025,79.43 u,79.43
A,I_DSK2_DCC_BAB,PC_IND_IU3,FRG,2025,81.25 u,81.25
A,I_DSK2_DCC_BAB,PC_IND_IU3,FRH,2025,80.65 u,80.65
A,I_DSK2_DCC_BAB,PC_IND_IU3,FRI,2025,80.56 u,80.56
A,I_DSK2_DCC_BAB,PC_IND_IU3,FRJ,2025,81.16 u,81.16
A,I_DSK2_DCC_BAB,PC_IND_IU3,FRK,2025,83.70 u,83.7
A,I_DSK2_DCC_BAB,PC_IND_IU3,FRL,2025,80.87 u,80.87
A,I_DSK2_DCC_BAB,PC_IND_IU3,FRM,2025,80.55 u,80.55
A,I_DSK2_DCC_BAB,PC_IND_IU3,FRY,2025,69.19 u,69.19
A,I_DSK2_DCC_BAB,PC_IND_IU3,HR,2025,92.62 ,92.62
A,I_DSK2_DCC_BAB,PC_IND_IU3,HU,2025,67.14 ,67.14
A,I_DSK2_DCC_BAB,PC_IND_IU3,HU1,2025,78.16 ,78.16
A,I_DSK2_DCC_BAB,PC_IND_IU3,HU2,2025,62.09 ,62.09
A,I_DSK2_DCC_BAB,PC_IND_IU3,HU3,2025,61.50 ,61.5
A,I_DSK2_DCC_BAB,PC_IND_IU3,IE,2025,90.52 ,90.52
A,I_DSK2_DCC_BAB,PC_IND_IU3,IT,2025,69.34 ,69.34
A,I_DSK2_DCC_BAB,PC_IND_IU3,ITC,2025,73.71 ,73.71
A,I_DSK2_DCC_BAB,PC_IND_IU3,ITF,2025,62.35 ,62.35
A,I_DSK2_DCC_BAB,PC_IND_IU3,ITG,2025,64.26 ,64.26
A,I_DSK2_DCC_BAB,PC_IND_IU3,ITH,2025,72.66 ,72.66
A,I_DSK2_DCC_BAB,PC_IND_IU3,ITI,2025,70.07 ,70.07
A,I_DSK2_DCC_BAB,PC_IND_IU3,LT,2025,70.63 ,70.63
A,I_DSK2_DCC_BAB,PC_IND_IU3,LU,2025,78.78 ,78.78
A,I_DSK2_DCC_BAB,PC_IND_IU3,LV,2025,67.17 ,67.17
A,I_DSK2_DCC_BAB,PC_IND_IU3,ME,2025,96.07 ,96.07
A,I_DSK2_DCC_BAB,PC_IND_IU3,MK,2025,36.78 ,36.78
A,I_DSK2_DCC_BAB,PC_IND_IU3,MT,2025,75.79 ,75.79
A,I_DSK2_DCC_BAB,PC_IND_IU3,NL,2025,88.22 ,88.22
A,I_DSK2_DCC_BAB,PC_IND_IU3,NL1,2025,85.74 ,85.74
A,I_DSK2_DCC_BAB,PC_IND_IU3,NL2,2025,88.87 ,88.87
A,I_DSK2_DCC_BAB,PC_IND_IU3,NL3,2025,89.46 ,89.46
A,I_DSK2_DCC_BAB,PC_IND_IU3,NL4,2025,85.85 ,85.85
A,I_DSK2_DCC_BAB,PC_IND_IU3,NO,2025,86.44 ,86.44
A,I_DSK2_DCC_BAB,PC_IND_IU3,PL,2025,69.23 ,69.23
A,I_DSK2_DCC_BAB,PC_IND_IU3,PL2,2025,70.43 ,70.43
A,I_DSK2_DCC_BAB,PC_IND_IU3,PL4,2025,70.39 ,70.39
A,I_DSK2_DCC_BAB,PC_IND_IU3,PL5,2025,73.57 ,73.57
A,I_DSK2_DCC_BAB,PC_IND_IU3,PL6,2025,64.66 ,64.66
A,I_DSK2_DCC_BAB,PC_IND_IU3,PL7,2025,67.86 ,67.86
A,I_DSK2_DCC_BAB,PC_IND_IU3,PL8,2025,61.86 ,61.86
A,I_DSK2_DCC_BAB,PC_IND_IU3,PL9,2025,76.36 ,76.36
A,I_DSK2_DCC_BAB,PC_IND_IU3,PT,2025,73.04 ,73.04
A,I_DSK2_DCC_BAB,PC_IND_IU3,PT1,2025,73.51 ,73.51
A,I_DSK2_DCC_BAB,PC_IND_IU3,PT2,2025,67.62 ,67.62
A,I_DSK2_DCC_BAB,PC_IND_IU3,PT3,2025,60.50 ,60.5
A,I_DSK2_DCC_BAB,PC_IND_IU3,RO,2025,45.42 ,45.42
A,I_DSK2_DCC_BAB,PC_IND_IU3,RO1,2025,42.30 ,42.3
A,I_DSK2_DCC_BAB,PC_IND_IU3,RO2,2025,43.33 ,43.33
A,I_DSK2_DCC_BAB,PC_IND_IU3,RO3,2025,52.90 ,52.9
A,I_DSK2_DCC_BAB,PC_IND_IU3,RO4,2025,41.96 ,41.96
A,I_DSK2_DCC_BAB,PC_IND_IU3,RS,2025,77.62 ,77.62
A,I_DSK2_DCC_BAB,PC_IND_IU3,RS1,2025,80.13 ,80.13
A,I_DSK2_DCC_BAB,PC_IND_IU3,RS2,2025,74.82 ,74.82
A,I_DSK2_DCC_BAB,PC_IND_IU3,SE,2025,80.94 ,80.94
A,I_DSK2_DCC_BAB,PC_IND_IU3,SE1,2025,82.18 ,82.18
A,I_DSK2_DCC_BAB,PC_IND_IU3,SE2,2025,80.36 ,80.36
A,I_DSK2_DCC_BAB,PC_IND_IU3,SE3,2025,79.39 ,79.39
A,I_DSK2_DCC_BAB,PC_IND_IU3,SI,2025,69.31 ,69.31
A,I_DSK2_DCC_BAB,PC_IND_IU3,SK,2025,70.58 ,70.58
A,I_DSK2_DCC_BAB,PC_IND_IU3,TR,2025,43.51 ,43.51
A,I_DSK2_DCC_BAB,PC_IND_IU3,TR1,2025,52.46 ,52.46
A,I_DSK2_DCC_BAB,PC_IND_IU3,TR2,2025,35.03 ,35.03
A,I_DSK2_DCC_BAB,PC_IND_IU3,TR3,2025,42.23 ,42.23
A,I_DSK2_DCC_BAB,PC_IND_IU3,TR4,2025,56.51 ,56.51
A,I_DSK2_DCC_BAB,PC_IND_IU3,TR5,2025,54.66 ,54.66
A,I_DSK2_DCC_BAB,PC_IND_IU3,TR6,2025,34.38 ,34.38
A,I_DSK2_DCC_BAB,PC_IND_IU3,TR7,2025,31.29 ,31.29
A,I_DSK2_DCC_BAB,PC_IND_IU3,TR8,2025,40.44 ,40.44
A,I_DSK2_DCC_BAB,PC_IND_IU3,TR9,2025,38.07 ,38.07
A,I_DSK2_DCC_BAB,PC_IND_IU3,TRA,2025,30.39 ,30.39
A,I_DSK2_DCC_BAB,PC_IND_IU3,TRB,2025,36.08 ,36.08
A,I_DSK2_DCC_BAB,PC_IND_IU3,TRC,2025,30.43 ,30.43
A,I_DSK2_DCC_BAB,PC_IND_IU3,XK,2025,99.21 ,99.21
A,I_DSK2_IC_S,PC_IND,AL,2025,14.64 ,14.64
A,I_DSK2_IC_S,PC_IND,AT,2025,0.83 ,0.83
A,I_DSK2_IC_S,PC_IND,AT1,2025,1.04 u,1.04
A,I_DSK2_IC_S,PC_IND,AT2,2025,0.71 u,0.71
A,I_DSK2_IC_S,PC_IND,AT3,2025,0.64 u,0.64
A,I_DSK2_IC_S,PC_IND,BA,2025,9.00 ,9.0
A,I_DSK2_IC_S,PC_IND,BE,2025,1.35 ,1.35
A,I_DSK2_IC_S,PC_IND,BE1,2025,0.61 u,0.61
A,I_DSK2_IC_S,PC_IND,BE2,2025,1.52 ,1.52
A,I_DSK2_IC_S,PC_IND,BE3,2025,1.29 ,1.29
A,I_DSK2_IC_S,PC_IND,BG,2025,6.55 ,6.55
A,I_DSK2_IC_S,PC_IND,BG3,2025,7.99 ,7.99
A,I_DSK2_IC_S,PC_IND,BG4,2025,5.24 ,5.24
A,I_DSK2_IC_S,PC_IND,CH,2025,0.65 u,0.65
A,I_DSK2_IC_S,PC_IND,CY,2025,4.00 ,4.0
A,I_DSK2_IC_S,PC_IND,CZ,2025,0.89 ,0.89
A,I_DSK2_IC_S,PC_IND,DE,2025,1.40 ,1.4
A,I_DSK2_IC_S,PC_IND,DE2,2025,2.27 u,2.27
A,I_DSK2_IC_S,PC_IND,DE3,2025,: u,
A,I_DSK2_IC_S,PC_IND,DE4,2025,: u,
A,I_DSK2_IC_S,PC_IND,DE7,2025,1.15 u,1.15
A,I_DSK2_IC_S,PC_IND,DE8,2025,: u,
A,I_DSK2_IC_S,PC_IND,DE9,2025,: u,
A,I_DSK2_IC_S,PC_IND,DEA,2025,1.42 u,1.42
A,I_DSK2_IC_S,PC_IND,DED,2025,0.63 u,0.63
A,I_DSK2_IC_S,PC_IND,DEE,2025,: u,
A,I_DSK2_IC_S,PC_IND,DK,2025,0.20 u,0.2
A,I_DSK2_IC_S,PC_IND,EE,2025,1.14 ,1.14
A,I_DSK2_IC_S,PC_IND,EL,2025,2.14 ,2.14
A,I_DSK2_IC_S,PC_IND,EL3,2025,2.54 ,2.54
A,I_DSK2_IC_S,PC_IND,EL4,2025,: u,
A,I_DSK2_IC_S,PC_IND,EL5,2025,1.19 u,1.19
A,I_DSK2_IC_S,PC_IND,EL6,2025,3.01 u,3.01
A,I_DSK2_IC_S,PC_IND,ES,2025,2.21 ,2.21
A,I_DSK2_IC_S,PC_IND,ES1,2025,2.56 ,2.56
A,I_DSK2_IC_S,PC_IND,ES2,2025,1.50 ,1.5
A,I_DSK2_IC_S,PC_IND,ES3,2025,1.73 u,1.73
A,I_DSK2_IC_S,PC_IND,ES4,2025,3.75 ,3.75
A,I_DSK2_IC_S,PC_IND,ES5,2025,1.68 ,1.68
A,I_DSK2_IC_S,PC_IND,ES6,2025,2.50 ,2.5
A,I_DSK2_IC_S,PC_IND,ES7,2025,2.92 u,2.92
A,I_DSK2_IC_S,PC_IND,FI,2025,: u,
A,I_DSK2_IC_S,PC_IND,FR,2025,0.71 ,0.71
A,I_DSK2_IC_S,PC_IND,FR1,2025,0.34 u,0.34
A,I_DSK2_IC_S,PC_IND,FRB,2025,0.58 u,0.58
A,I_DSK2_IC_S,PC_IND,FRC,2025,0.86 u,0.86
A,I_DSK2_IC_S,PC_IND,FRD,2025,0.73 u,0.73
A,I_DSK2_IC_S,PC_IND,FRE,2025,1.28 u,1.28
A,I_DSK2_IC_S,PC_IND,FRF,2025,0.31 u,0.31
A,I_DSK2_IC_S,PC_IND,FRG,2025,0.43 u,0.43
A,I_DSK2_IC_S,PC_IND,FRH,2025,0.99 u,0.99
A,I_DSK2_IC_S,PC_IND,FRI,2025,0.63 u,0.63
A,I_DSK2_IC_S,PC_IND,FRJ,2025,0.44 u,0.44
A,I_DSK2_IC_S,PC_IND,FRK,2025,1.26 u,1.26
A,I_DSK2_IC_S,PC_IND,FRL,2025,0.53 u,0.53
A,I_DSK2_IC_S,PC_IND,FRM,2025,0 u,0.0
A,I_DSK2_IC_S,PC_IND,FRY,2025,2.00 u,2.0
A,I_DSK2_IC_S,PC_IND,HR,2025,0.50 u,0.5
A,I_DSK2_IC_S,PC_IND,HU,2025,2.32 ,2.32
A,I_DSK2_IC_S,PC_IND,HU1,2025,1.18 ,1.18
A,I_DSK2_IC_S,PC_IND,HU2,2025,2.55 ,2.55
A,I_DSK2_IC_S,PC_IND,HU3,2025,3.10 ,3.1
A,I_DSK2_IC_S,PC_IND,IE,2025,: u,
A,I_DSK2_IC_S,PC_IND,IT,2025,2.43 ,2.43
A,I_DSK2_IC_S,PC_IND,ITC,2025,1.78 ,1.78
A,I_DSK2_IC_S,PC_IND,ITF,2025,3.10 ,3.1
A,I_DSK2_IC_S,PC_IND,ITG,2025,3.77 ,3.77
A,I_DSK2_IC_S,PC_IND,ITH,2025,1.92 ,1.92
A,I_DSK2_IC_S,PC_IND,ITI,2025,2.30 ,2.3
A,I_DSK2_IC_S,PC_IND,LT,2025,2.98 ,2.98
A,I_DSK2_IC_S,PC_IND,LU,2025,1.22 ,1.22
A,I_DSK2_IC_S,PC_IND,LV,2025,1.80 ,1.8
A,I_DSK2_IC_S,PC_IND,ME,2025,: u,
A,I_DSK2_IC_S,PC_IND,MK,2025,6.56 ,6.56
A,I_DSK2_IC_S,PC_IND,MT,2025,2.51 ,2.51
A,I_DSK2_IC_S,PC_IND,NL,2025,0.27 u,0.27
A,I_DSK2_IC_S,PC_IND,NL1,2025,: u,
A,I_DSK2_IC_S,PC_IND,NL2,2025,: u,
A,I_DSK2_IC_S,PC_IND,NL3,2025,: u,
A,I_DSK2_IC_S,PC_IND,NL4,2025,: u,
A,I_DSK2_IC_S,PC_IND,NO,2025,: u,
A,I_DSK2_IC_S,PC_IND,PL,2025,3.45 ,3.45
A,I_DSK2_IC_S,PC_IND,PL2,2025,3.00 ,3.0
A,I_DSK2_IC_S,PC_IND,PL4,2025,5.22 ,5.22
A,I_DSK2_IC_S,PC_IND,PL5,2025,2.07 ,2.07
A,I_DSK2_IC_S,PC_IND,PL6,2025,3.04 ,3.04
A,I_DSK2_IC_S,PC_IND,PL7,2025,3.14 ,3.14
A,I_DSK2_IC_S,PC_IND,PL8,2025,5.62 ,5.62
A,I_DSK2_IC_S,PC_IND,PL9,2025,1.52 ,1.52
A,I_DSK2_IC_S,PC_IND,PT,2025,2.65 ,2.65
A,I_DSK2_IC_S,PC_IND,PT1,2025,2.59 ,2.59
A,I_DSK2_IC_S,PC_IND,PT2,2025,4.43 ,4.43
A,I_DSK2_IC_S,PC_IND,PT3,2025,3.23 ,3.23
A,I_DSK2_IC_S,PC_IND,RO,2025,8.23 ,8.23
A,I_DSK2_IC_S,PC_IND,RO1,2025,7.83 ,7.83
A,I_DSK2_IC_S,PC_IND,RO2,2025,7.86 ,7.86
A,I_DSK2_IC_S,PC_IND,RO3,2025,9.27 ,9.27
A,I_DSK2_IC_S,PC_IND,RO4,2025,7.84 ,7.84
A,I_DSK2_IC_S,PC_IND,RS,2025,6.11 ,6.11
A,I_DSK2_IC_S,PC_IND,RS1,2025,5.26 ,5.26
A,I_DSK2_IC_S,PC_IND,RS2,2025,7.02 ,7.02
A,I_DSK2_IC_S,PC_IND,SE,2025,0.55 ,0.55
A,I_DSK2_IC_S,PC_IND,SE1,2025,0.52 u,0.52
A,I_DSK2_IC_S,PC_IND,SE2,2025,: u,
A,I_DSK2_IC_S,PC_IND,SE3,2025,: u,
A,I_DSK2_IC_S,PC_IND,SI,2025,5.67 ,5.67
A,I_DSK2_IC_S,PC_IND,SK,2025,2.06 ,2.06
A,I_DSK2_IC_S,PC_IND,TR,2025,4.31 ,4.31
A,I_DSK2_IC_S,PC_IND,TR1,2025,3.48 ,3.48
A,I_DSK2_IC_S,PC_IND,TR2,2025,4.79 ,4.79
A,I_DSK2_IC_S,PC_IND,TR3,2025,5.29 ,5.29
A,I_DSK2_IC_S,PC_IND,TR4,2025,3.71 ,3.71
A,I_DSK2_IC_S,PC_IND,TR5,2025,2.76 ,2.76
A,I_DSK2_IC_S,PC_IND,TR6,2025,4.86 ,4.86
A,I_DSK2_IC_S,PC_IND,TR7,2025,5.42 ,5.42
A,I_DSK2_IC_S,PC_IND,TR8,2025,5.75 ,5.75
A,I_DSK2_IC_S,PC_IND,TR9,2025,4.40 ,4.4
A,I_DSK2_IC_S,PC_IND,TRA,2025,3.98 ,3.98
A,I_DSK2_IC_S,PC_IND,TRB,2025,5.02 ,5.02
A,I_DSK2_IC_S,PC_IND,TRC,2025,4.28 ,4.28
A,I_DSK2_IC_S,PC_IND_IU3,AL,2025,16.80 ,16.8
A,I_DSK2_IC_S,PC_IND_IU3,AT,2025,0.87 ,0.87
A,I_DSK2_IC_S,PC_IND_IU3,AT1,2025,1.08 u,1.08
A,I_DSK2_IC_S,PC_IND_IU3,AT2,2025,0.76 u,0.76
A,I_DSK2_IC_S,PC_IND_IU3,AT3,2025,0.67 u,0.67
A,I_DSK2_IC_S,PC_IND_IU3,BA,2025,9.99 ,9.99
A,I_DSK2_IC_S,PC_IND_IU3,BE,2025,1.40 ,1.4
A,I_DSK2_IC_S,PC_IND_IU3,BE1,2025,0.65 u,0.65
A,I_DSK2_IC_S,PC_IND_IU3,BE2,2025,1.57 ,1.57
A,I_DSK2_IC_S,PC_IND_IU3,BE3,2025,1.34 ,1.34
A,I_DSK2_IC_S,PC_IND_IU3,BG,2025,7.55 ,7.55
A,I_DSK2_IC_S,PC_IND_IU3,BG3,2025,9.30 ,9.3
A,I_DSK2_IC_S,PC_IND_IU3,BG4,2025,5.97 ,5.97
A,I_DSK2_IC_S,PC_IND_IU3,CH,2025,0.66 u,0.66
A,I_DSK2_IC_S,PC_IND_IU3,CY,2025,4.26 ,4.26
A,I_DSK2_IC_S,PC_IND_IU3,CZ,2025,0.94 ,0.94
A,I_DSK2_IC_S,PC_IND_IU3,DE,2025,1.48 ,1.48
A,I_DSK2_IC_S,PC_IND_IU3,DE2,2025,2.39 u,2.39
A,I_DSK2_IC_S,PC_IND_IU3,DE3,2025,: u,
A,I_DSK2_IC_S,PC_IND_IU3,DE4,2025,: u,
A,I_DSK2_IC_S,PC_IND_IU3,DE7,2025,1.20 u,1.2
A,I_DSK2_IC_S,PC_IND_IU3,DE8,2025,: u,
A,I_DSK2_IC_S,PC_IND_IU3,DE9,2025,: u,
A,I_DSK2_IC_S,PC_IND_IU3,DEA,2025,1.50 u,1.5
A,I_DSK2_IC_S,PC_IND_IU3,DED,2025,0.67 u,0.67
A,I_DSK2_IC_S,PC_IND_IU3,DEE,2025,: u,
A,I_DSK2_IC_S,PC_IND_IU3,DK,2025,0.20 u,0.2
A,I_DSK2_IC_S,PC_IND_IU3,EE,2025,1.20 ,1.2
A,I_DSK2_IC_S,PC_IND_IU3,EL,2025,2.40 ,2.4
A,I_DSK2_IC_S,PC_IND_IU3,EL3,2025,2.69 ,2.69
A,I_DSK2_IC_S,PC_IND_IU3,EL4,2025,: u,
A,I_DSK2_IC_S,PC_IND_IU3,EL5,2025,1.33 u,1.33
A,I_DSK2_IC_S,PC_IND_IU3,EL6,2025,3.67 u,3.67
A,I_DSK2_IC_S,PC_IND_IU3,ES,2025,2.30 ,2.3
A,I_DSK2_IC_S,PC_IND_IU3,ES1,2025,2.72 ,2.72
A,I_DSK2_IC_S,PC_IND_IU3,ES2,2025,1.56 ,1.56
A,I_DSK2_IC_S,PC_IND_IU3,ES3,2025,1.76 u,1.76
A,I_DSK2_IC_S,PC_IND_IU3,ES4,2025,3.94 ,3.94
A,I_DSK2_IC_S,PC_IND_IU3,ES5,2025,1.72 ,1.72
A,I_DSK2_IC_S,PC_IND_IU3,ES6,2025,2.64 ,2.64
A,I_DSK2_IC_S,PC_IND_IU3,ES7,2025,3.03 u,3.03
A,I_DSK2_IC_S,PC_IND_IU3,FI,2025,: u,
A,I_DSK2_IC_S,PC_IND_IU3,FR,2025,0.75 ,0.75
A,I_DSK2_IC_S,PC_IND_IU3,FR1,2025,0.35 u,0.35
A,I_DSK2_IC_S,PC_IND_IU3,FRB,2025,0.61 u,0.61
A,I_DSK2_IC_S,PC_IND_IU3,FRC,2025,0.93 u,0.93
A,I_DSK2_IC_S,PC_IND_IU3,FRD,2025,0.77 u,0.77
A,I_DSK2_IC_S,PC_IND_IU3,FRE,2025,1.37 u,1.37
A,I_DSK2_IC_S,PC_IND_IU3,FRF,2025,0.33 u,0.33
A,I_DSK2_IC_S,PC_IND_IU3,FRG,2025,0.45 u,0.45
A,I_DSK2_IC_S,PC_IND_IU3,FRH,2025,1.04 u,1.04
A,I_DSK2_IC_S,PC_IND_IU3,FRI,2025,0.66 u,0.66
A,I_DSK2_IC_S,PC_IND_IU3,FRJ,2025,0.47 u,0.47
A,I_DSK2_IC_S,PC_IND_IU3,FRK,2025,1.33 u,1.33
A,I_DSK2_IC_S,PC_IND_IU3,FRL,2025,0.56 u,0.56
A,I_DSK2_IC_S,PC_IND_IU3,FRM,2025,0 u,0.0
A,I_DSK2_IC_S,PC_IND_IU3,FRY,2025,2.26 u,2.26
A,I_DSK2_IC_S,PC_IND_IU3,HR,2025,0.58 u,0.58
A,I_DSK2_IC_S,PC_IND_IU3,HU,2025,2.50 ,2.5
A,I_DSK2_IC_S,PC_IND_IU3,HU1,2025,1.24 ,1.24
A,I_DSK2_IC_S,PC_IND_IU3,HU2,2025,2.76 ,2.76
A,I_DSK2_IC_S,PC_IND_IU3,HU3,2025,3.40 ,3.4
A,I_DSK2_IC_S,PC_IND_IU3,IE,2025,: u,
A,I_DSK2_IC_S,PC_IND_IU3,IT,2025,2.69 ,2.69
A,I_DSK2_IC_S,PC_IND_IU3,ITC,2025,1.91 ,1.91
A,I_DSK2_IC_S,PC_IND_IU3,ITF,2025,3.66 ,3.66
A,I_DSK2_IC_S,PC_IND_IU3,ITG,2025,4.35 ,4.35
A,I_DSK2_IC_S,PC_IND_IU3,ITH,2025,2.07 ,2.07
A,I_DSK2_IC_S,PC_IND_IU3,ITI,2025,2.47 ,2.47
A,I_DSK2_IC_S,PC_IND_IU3,LT,2025,3.33 ,3.33
A,I_DSK2_IC_S,PC_IND_IU3,LU,2025,1.23 ,1.23
A,I_DSK2_IC_S,PC_IND_IU3,LV,2025,1.90 ,1.9
A,I_DSK2_IC_S,PC_IND_IU3,ME,2025,: u,
A,I_DSK2_IC_S,PC_IND_IU3,MK,2025,7.12 ,7.12
A,I_DSK2_IC_S,PC_IND_IU3,MT,2025,2.61 ,2.61
A,I_DSK2_IC_S,PC_IND_IU3,NL,2025,0.28 u,0.28
A,I_DSK2_IC_S,PC_IND_IU3,NL1,2025,: u,
A,I_DSK2_IC_S,PC_IND_IU3,NL2,2025,: u,
A,I_DSK2_IC_S,PC_IND_IU3,NL3,2025,: u,
A,I_DSK2_IC_S,PC_IND_IU3,NL4,2025,: u,
A,I_DSK2_IC_S,PC_IND_IU3,NO,2025,: u,
A,I_DSK2_IC_S,PC_IND_IU3,PL,2025,3.85 ,3.85
A,I_DSK2_IC_S,PC_IND_IU3,PL2,2025,3.33 ,3.33
A,I_DSK2_IC_S,PC_IND_IU3,PL4,2025,5.73 ,5.73
A,I_DSK2_IC_S,PC_IND_IU3,PL5,2025,2.21 ,2.21
A,I_DSK2_IC_S,PC_IND_IU3,PL6,2025,3.41 ,3.41
A,I_DSK2_IC_S,PC_IND_IU3,PL7,2025,3.70 ,3.7
A,I_DSK2_IC_S,PC_IND_IU3,PL8,2025,6.41 ,6.41
A,I_DSK2_IC_S,PC_IND_IU3,PL9,2025,1.67 ,1.67
A,I_DSK2_IC_S,PC_IND_IU3,PT,2025,2.96 ,2.96
A,I_DSK2_IC_S,PC_IND_IU3,PT1,2025,2.89 ,2.89
A,I_DSK2_IC_S,PC_IND_IU3,PT2,2025,4.97 ,4.97
A,I_DSK2_IC_S,PC_IND_IU3,PT3,2025,3.66 ,3.66
A,I_DSK2_IC_S,PC_IND_IU3,RO,2025,8.84 ,8.84
A,I_DSK2_IC_S,PC_IND_IU3,RO1,2025,8.32 ,8.32
A,I_DSK2_IC_S,PC_IND_IU3,RO2,2025,8.53 ,8.53
A,I_DSK2_IC_S,PC_IND_IU3,RO3,2025,9.92 ,9.92
A,I_DSK2_IC_S,PC_IND_IU3,RO4,2025,8.43 ,8.43
A,I_DSK2_IC_S,PC_IND_IU3,RS,2025,6.79 ,6.79
A,I_DSK2_IC_S,PC_IND_IU3,RS1,2025,5.73 ,5.73
A,I_DSK2_IC_S,PC_IND_IU3,RS2,2025,7.95 ,7.95
A,I_DSK2_IC_S,PC_IND_IU3,SE,2025,0.56 ,0.56
A,I_DSK2_IC_S,PC_IND_IU3,SE1,2025,0.53 u,0.53
A,I_DSK2_IC_S,PC_IND_IU3,SE2,2025,: u,
A,I_DSK2_IC_S,PC_IND_IU3,SE3,2025,: u,
A,I_DSK2_IC_S,PC_IND_IU3,SI,2025,6.19 ,6.19
A,I_DSK2_IC_S,PC_IND_IU3,SK,2025,2.23 ,2.23
A,I_DSK2_IC_S,PC_IND_IU3,TR,2025,4.80 ,4.8
A,I_DSK2_IC_S,PC_IND_IU3,TR1,2025,3.61 ,3.61
A,I_DSK2_IC_S,PC_IND_IU3,TR2,2025,5.47 ,5.47
A,I_DSK2_IC_S,PC_IND_IU3,TR3,2025,5.96 ,5.96
A,I_DSK2_IC_S,PC_IND_IU3,TR4,2025,4.01 ,4.01
A,I_DSK2_IC_S,PC_IND_IU3,TR5,2025,3.06 ,3.06
A,I_DSK2_IC_S,PC_IND_IU3,TR6,2025,5.45 ,5.45
A,I_DSK2_IC_S,PC_IND_IU3,TR7,2025,6.12 ,6.12
A,I_DSK2_IC_S,PC_IND_IU3,TR8,2025,6.61 ,6.61
A,I_DSK2_IC_S,PC_IND_IU3,TR9,2025,5.19 ,5.19
A,I_DSK2_IC_S,PC_IND_IU3,TRA,2025,4.72 ,4.72
A,I_DSK2_IC_S,PC_IND_IU3,TRB,2025,6.39 ,6.39
A,I_DSK2_IC_S,PC_IND_IU3,TRC,2025,4.94 ,4.94
A,I_DSK2_IL_AB,PC_IND,AL,2025,63.91 ,63.91
A,I_DSK2_IL_AB,PC_IND,AT,2025,75.51 ,75.51
A,I_DSK2_IL_AB,PC_IND,AT1,2025,78.24 ,78.24
A,I_DSK2_IL_AB,PC_IND,AT2,2025,72.93 ,72.93
A,I_DSK2_IL_AB,PC_IND,AT3,2025,73.56 ,73.56
A,I_DSK2_IL_AB,PC_IND,BA,2025,65.49 ,65.49
A,I_DSK2_IL_AB,PC_IND,BE,2025,76.73 ,76.73
A,I_DSK2_IL_AB,PC_IND,BE1,2025,70.99 ,70.99
A,I_DSK2_IL_AB,PC_IND,BE2,2025,79.96 ,79.96
A,I_DSK2_IL_AB,PC_IND,BE3,2025,72.76 ,72.76
A,I_DSK2_IL_AB,PC_IND,BG,2025,56.14 ,56.14
A,I_DSK2_IL_AB,PC_IND,BG3,2025,57.74 ,57.74
A,I_DSK2_IL_AB,PC_IND,BG4,2025,54.67 ,54.67
A,I_DSK2_IL_AB,PC_IND,CH,2025,88.25 ,88.25
A,I_DSK2_IL_AB,PC_IND,CY,2025,86.57 ,86.57
A,I_DSK2_IL_AB,PC_IND,CZ,2025,86.84 ,86.84
A,I_DSK2_IL_AB,PC_IND,DE,2025,77.15 ,77.15
A,I_DSK2_IL_AB,PC_IND,DE1,2025,80.44 ,80.44
A,I_DSK2_IL_AB,PC_IND,DE2,2025,74.95 ,74.95
A,I_DSK2_IL_AB,PC_IND,DE3,2025,79.12 ,79.12
A,I_DSK2_IL_AB,PC_IND,DE4,2025,72.49 ,72.49
A,I_DSK2_IL_AB,PC_IND,DE6,2025,84.16 ,84.16
A,I_DSK2_IL_AB,PC_IND,DE7,2025,78.27 ,78.27
A,I_DSK2_IL_AB,PC_IND,DE8,2025,70.90 ,70.9
A,I_DSK2_IL_AB,PC_IND,DE9,2025,79.76 ,79.76
A,I_DSK2_IL_AB,PC_IND,DEA,2025,78.34 ,78.34
A,I_DSK2_IL_AB,PC_IND,DED,2025,72.24 ,72.24
A,I_DSK2_IL_AB,PC_IND,DEE,2025,67.74 ,67.74
A,I_DSK2_IL_AB,PC_IND,DEF,2025,77.09 ,77.09
A,I_DSK2_IL_AB,PC_IND,DK,2025,92.39 ,92.39
A,I_DSK2_IL_AB,PC_IND,EE,2025,83.02 ,83.02
A,I_DSK2_IL_AB,PC_IND,EL,2025,73.95 ,73.95
A,I_DSK2_IL_AB,PC_IND,EL3,2025,77.01 ,77.01
A,I_DSK2_IL_AB,PC_IND,EL4,2025,72.74 ,72.74
A,I_DSK2_IL_AB,PC_IND,EL5,2025,77.42 ,77.42
A,I_DSK2_IL_AB,PC_IND,EL6,2025,65.66 ,65.66
A,I_DSK2_IL_AB,PC_IND,ES,2025,79.34 ,79.34
A,I_DSK2_IL_AB,PC_IND,ES1,2025,76.91 ,76.91
A,I_DSK2_IL_AB,PC_IND,ES2,2025,78.79 ,78.79
A,I_DSK2_IL_AB,PC_IND,ES3,2025,83.20 ,83.2
A,I_DSK2_IL_AB,PC_IND,ES4,2025,76.02 ,76.02
A,I_DSK2_IL_AB,PC_IND,ES5,2025,81.88 ,81.88
A,I_DSK2_IL_AB,PC_IND,ES6,2025,76.54 ,76.54
A,I_DSK2_IL_AB,PC_IND,ES7,2025,77.31 ,77.31
A,I_DSK2_IL_AB,PC_IND,FI,2025,93.06 ,93.06
A,I_DSK2_IL_AB,PC_IND,FR,2025,71.53 ,71.53
A,I_DSK2_IL_AB,PC_IND,FR1,2025,76.38 u,76.38
A,I_DSK2_IL_AB,PC_IND,FRB,2025,67.99 u,67.99
A,I_DSK2_IL_AB,PC_IND,FRC,2025,69.51 u,69.51
A,I_DSK2_IL_AB,PC_IND,FRD,2025,68.82 u,68.82
A,I_DSK2_IL_AB,PC_IND,FRE,2025,67.55 u,67.55
A,I_DSK2_IL_AB,PC_IND,FRF,2025,66.82 u,66.82
A,I_DSK2_IL_AB,PC_IND,FRG,2025,73.73 u,73.73
A,I_DSK2_IL_AB,PC_IND,FRH,2025,72.97 u,72.97
A,I_DSK2_IL_AB,PC_IND,FRI,2025,72.12 u,72.12
A,I_DSK2_IL_AB,PC_IND,FRJ,2025,72.04 u,72.04
A,I_DSK2_IL_AB,PC_IND,FRK,2025,73.64 u,73.64
A,I_DSK2_IL_AB,PC_IND,FRL,2025,71.94 u,71.94
A,I_DSK2_IL_AB,PC_IND,FRM,2025,72.28 u,72.28
A,I_DSK2_IL_AB,PC_IND,FRY,2025,56.71 u,56.71
A,I_DSK2_IL_AB,PC_IND,HR,2025,78.75 ,78.75
A,I_DSK2_IL_AB,PC_IND,HU,2025,78.70 ,78.7
A,I_DSK2_IL_AB,PC_IND,HU1,2025,84.42 ,84.42
A,I_DSK2_IL_AB,PC_IND,HU2,2025,77.68 ,77.68
A,I_DSK2_IL_AB,PC_IND,HU3,2025,74.67 ,74.67
A,I_DSK2_IL_AB,PC_IND,IE,2025,93.07 ,93.07
A,I_DSK2_IL_AB,PC_IND,IT,2025,65.54 ,65.54
A,I_DSK2_IL_AB,PC_IND,ITC,2025,69.89 ,69.89
A,I_DSK2_IL_AB,PC_IND,ITF,2025,55.87 ,55.87
A,I_DSK2_IL_AB,PC_IND,ITG,2025,61.32 ,61.32
A,I_DSK2_IL_AB,PC_IND,ITH,2025,71.10 ,71.1
A,I_DSK2_IL_AB,PC_IND,ITI,2025,67.63 ,67.63
A,I_DSK2_IL_AB,PC_IND,LT,2025,73.92 ,73.92
A,I_DSK2_IL_AB,PC_IND,LU,2025,73.51 ,73.51
A,I_DSK2_IL_AB,PC_IND,LV,2025,67.01 ,67.01
A,I_DSK2_IL_AB,PC_IND,ME,2025,72.80 ,72.8
A,I_DSK2_IL_AB,PC_IND,MK,2025,55.48 ,55.48
A,I_DSK2_IL_AB,PC_IND,MT,2025,81.99 ,81.99
A,I_DSK2_IL_AB,PC_IND,NL,2025,92.32 ,92.32
A,I_DSK2_IL_AB,PC_IND,NL1,2025,92.34 ,92.34
A,I_DSK2_IL_AB,PC_IND,NL2,2025,91.74 ,91.74
A,I_DSK2_IL_AB,PC_IND,NL3,2025,93.28 ,93.28
A,I_DSK2_IL_AB,PC_IND,NL4,2025,90.68 ,90.68
A,I_DSK2_IL_AB,PC_IND,NO,2025,94.66 ,94.66
A,I_DSK2_IL_AB,PC_IND,PL,2025,70.88 ,70.88
A,I_DSK2_IL_AB,PC_IND,PL2,2025,66.79 ,66.79
A,I_DSK2_IL_AB,PC_IND,PL4,2025,71.21 ,71.21
A,I_DSK2_IL_AB,PC_IND,PL5,2025,71.39 ,71.39
A,I_DSK2_IL_AB,PC_IND,PL6,2025,65.56 ,65.56
A,I_DSK2_IL_AB,PC_IND,PL7,2025,70.89 ,70.89
A,I_DSK2_IL_AB,PC_IND,PL8,2025,72.51 ,72.51
A,I_DSK2_IL_AB,PC_IND,PL9,2025,78.83 ,78.83
A,I_DSK2_IL_AB,PC_IND,PT,2025,76.30 ,76.3
A,I_DSK2_IL_AB,PC_IND,PT1,2025,76.68 ,76.68
A,I_DSK2_IL_AB,PC_IND,PT2,2025,67.49 ,67.49
A,I_DSK2_IL_AB,PC_IND,PT3,2025,70.16 ,70.16
A,I_DSK2_IL_AB,PC_IND,RO,2025,59.17 ,59.17
A,I_DSK2_IL_AB,PC_IND,RO1,2025,53.99 ,53.99
A,I_DSK2_IL_AB,PC_IND,RO2,2025,56.66 ,56.66
A,I_DSK2_IL_AB,PC_IND,RO3,2025,68.14 ,68.14
A,I_DSK2_IL_AB,PC_IND,RO4,2025,56.99 ,56.99
A,I_DSK2_IL_AB,PC_IND,RS,2025,78.84 ,78.84
A,I_DSK2_IL_AB,PC_IND,RS1,2025,78.54 ,78.54
A,I_DSK2_IL_AB,PC_IND,RS2,2025,79.15 ,79.15
A,I_DSK2_IL_AB,PC_IND,SE,2025,88.62 ,88.62
A,I_DSK2_IL_AB,PC_IND,SE1,2025,87.78 ,87.78
A,I_DSK2_IL_AB,PC_IND,SE2,2025,89.77 ,89.77
A,I_DSK2_IL_AB,PC_IND,SE3,2025,87.80 ,87.8
A,I_DSK2_IL_AB,PC_IND,SI,2025,77.28 ,77.28
A,I_DSK2_IL_AB,PC_IND,SK,2025,72.29 ,72.29
A,I_DSK2_IL_AB,PC_IND,TR,2025,63.49 ,63.49
A,I_DSK2_IL_AB,PC_IND,TR1,2025,75.88 ,75.88
A,I_DSK2_IL_AB,PC_IND,TR2,2025,60.70 ,60.7
A,I_DSK2_IL_AB,PC_IND,TR3,2025,64.01 ,64.01
A,I_DSK2_IL_AB,PC_IND,TR4,2025,70.89 ,70.89
A,I_DSK2_IL_AB,PC_IND,TR5,2025,67.18 ,67.18
A,I_DSK2_IL_AB,PC_IND,TR6,2025,61.05 ,61.05
A,I_DSK2_IL_AB,PC_IND,TR7,2025,59.94 ,59.94
A,I_DSK2_IL_AB,PC_IND,TR8,2025,59.91 ,59.91
A,I_DSK2_IL_AB,PC_IND,TR9,2025,54.34 ,54.34
A,I_DSK2_IL_AB,PC_IND,TRA,2025,50.85 ,50.85
A,I_DSK2_IL_AB,PC_IND,TRB,2025,46.96 ,46.96
A,I_DSK2_IL_AB,PC_IND,TRC,2025,47.94 ,47.94
A,I_DSK2_IL_AB,PC_IND,XK,2025,71.80 ,71.8
A,I_DSK2_IL_AB,PC_IND_IU3,AL,2025,73.31 ,73.31
A,I_DSK2_IL_AB,PC_IND_IU3,AT,2025,79.23 ,79.23
A,I_DSK2_IL_AB,PC_IND_IU3,AT1,2025,80.90 ,80.9
A,I_DSK2_IL_AB,PC_IND_IU3,AT2,2025,77.90 ,77.9
A,I_DSK2_IL_AB,PC_IND_IU3,AT3,2025,77.84 ,77.84
A,I_DSK2_IL_AB,PC_IND_IU3,BA,2025,72.68 ,72.68
A,I_DSK2_IL_AB,PC_IND_IU3,BE,2025,79.55 ,79.55
A,I_DSK2_IL_AB,PC_IND_IU3,BE1,2025,75.11 ,75.11
A,I_DSK2_IL_AB,PC_IND_IU3,BE2,2025,82.45 ,82.45
A,I_DSK2_IL_AB,PC_IND_IU3,BE3,2025,75.65 ,75.65
A,I_DSK2_IL_AB,PC_IND_IU3,BG,2025,64.65 ,64.65
A,I_DSK2_IL_AB,PC_IND_IU3,BG3,2025,67.21 ,67.21
A,I_DSK2_IL_AB,PC_IND_IU3,BG4,2025,62.34 ,62.34
A,I_DSK2_IL_AB,PC_IND_IU3,CH,2025,89.21 ,89.21
A,I_DSK2_IL_AB,PC_IND_IU3,CY,2025,92.30 ,92.3
A,I_DSK2_IL_AB,PC_IND_IU3,CZ,2025,91.87 ,91.87
A,I_DSK2_IL_AB,PC_IND_IU3,DE,2025,81.57 ,81.57
A,I_DSK2_IL_AB,PC_IND_IU3,DE1,2025,83.85 ,83.85
A,I_DSK2_IL_AB,PC_IND_IU3,DE2,2025,79.12 ,79.12
A,I_DSK2_IL_AB,PC_IND_IU3,DE3,2025,85.03 ,85.03
A,I_DSK2_IL_AB,PC_IND_IU3,DE4,2025,80.19 ,80.19
A,I_DSK2_IL_AB,PC_IND_IU3,DE6,2025,87.26 ,87.26
A,I_DSK2_IL_AB,PC_IND_IU3,DE7,2025,81.95 ,81.95
A,I_DSK2_IL_AB,PC_IND_IU3,DE8,2025,75.76 ,75.76
A,I_DSK2_IL_AB,PC_IND_IU3,DE9,2025,83.87 ,83.87
A,I_DSK2_IL_AB,PC_IND_IU3,DEA,2025,82.73 ,82.73
A,I_DSK2_IL_AB,PC_IND_IU3,DED,2025,76.00 ,76.0
A,I_DSK2_IL_AB,PC_IND_IU3,DEE,2025,75.36 ,75.36
A,I_DSK2_IL_AB,PC_IND_IU3,DEF,2025,81.40 ,81.4
A,I_DSK2_IL_AB,PC_IND_IU3,DK,2025,92.67 ,92.67
A,I_DSK2_IL_AB,PC_IND_IU3,EE,2025,87.52 ,87.52
A,I_DSK2_IL_AB,PC_IND_IU3,EL,2025,82.95 ,82.95
A,I_DSK2_IL_AB,PC_IND_IU3,EL3,2025,81.65 ,81.65
A,I_DSK2_IL_AB,PC_IND_IU3,EL4,2025,84.47 ,84.47
A,I_DSK2_IL_AB,PC_IND_IU3,EL5,2025,86.59 ,86.59
A,I_DSK2_IL_AB,PC_IND_IU3,EL6,2025,79.88 ,79.88
A,I_DSK2_IL_AB,PC_IND_IU3,ES,2025,82.36 ,82.36
A,I_DSK2_IL_AB,PC_IND_IU3,ES1,2025,81.67 ,81.67
A,I_DSK2_IL_AB,PC_IND_IU3,ES2,2025,81.78 ,81.78
A,I_DSK2_IL_AB,PC_IND_IU3,ES3,2025,84.84 ,84.84
A,I_DSK2_IL_AB,PC_IND_IU3,ES4,2025,79.91 ,79.91
A,I_DSK2_IL_AB,PC_IND_IU3,ES5,2025,83.92 ,83.92
A,I_DSK2_IL_AB,PC_IND_IU3,ES6,2025,80.65 ,80.65
A,I_DSK2_IL_AB,PC_IND_IU3,ES7,2025,80.23 ,80.23
A,I_DSK2_IL_AB,PC_IND_IU3,FI,2025,94.88 ,94.88
A,I_DSK2_IL_AB,PC_IND_IU3,FR,2025,75.31 ,75.31
A,I_DSK2_IL_AB,PC_IND_IU3,FR1,2025,79.15 u,79.15
A,I_DSK2_IL_AB,PC_IND_IU3,FRB,2025,71.22 u,71.22
A,I_DSK2_IL_AB,PC_IND_IU3,FRC,2025,75.16 u,75.16
A,I_DSK2_IL_AB,PC_IND_IU3,FRD,2025,72.44 u,72.44
A,I_DSK2_IL_AB,PC_IND_IU3,FRE,2025,72.25 u,72.25
A,I_DSK2_IL_AB,PC_IND_IU3,FRF,2025,71.31 u,71.31
A,I_DSK2_IL_AB,PC_IND_IU3,FRG,2025,76.58 u,76.58
A,I_DSK2_IL_AB,PC_IND_IU3,FRH,2025,76.56 u,76.56
A,I_DSK2_IL_AB,PC_IND_IU3,FRI,2025,75.55 u,75.55
A,I_DSK2_IL_AB,PC_IND_IU3,FRJ,2025,75.96 u,75.96
A,I_DSK2_IL_AB,PC_IND_IU3,FRK,2025,77.35 u,77.35
A,I_DSK2_IL_AB,PC_IND_IU3,FRL,2025,75.10 u,75.1
A,I_DSK2_IL_AB,PC_IND_IU3,FRM,2025,78.19 u,78.19
A,I_DSK2_IL_AB,PC_IND_IU3,FRY,2025,63.91 u,63.91
A,I_DSK2_IL_AB,PC_IND_IU3,HR,2025,91.67 ,91.67
A,I_DSK2_IL_AB,PC_IND_IU3,HU,2025,84.80 ,84.8
A,I_DSK2_IL_AB,PC_IND_IU3,HU1,2025,88.68 ,88.68
A,I_DSK2_IL_AB,PC_IND_IU3,HU2,2025,83.86 ,83.86
A,I_DSK2_IL_AB,PC_IND_IU3,HU3,2025,82.13 ,82.13
A,I_DSK2_IL_AB,PC_IND_IU3,IE,2025,93.28 ,93.28
A,I_DSK2_IL_AB,PC_IND_IU3,IT,2025,72.56 ,72.56
A,I_DSK2_IL_AB,PC_IND_IU3,ITC,2025,75.23 ,75.23
A,I_DSK2_IL_AB,PC_IND_IU3,ITF,2025,65.96 ,65.96
A,I_DSK2_IL_AB,PC_IND_IU3,ITG,2025,70.74 ,70.74
A,I_DSK2_IL_AB,PC_IND_IU3,ITH,2025,76.87 ,76.87
A,I_DSK2_IL_AB,PC_IND_IU3,ITI,2025,72.59 ,72.59
A,I_DSK2_IL_AB,PC_IND_IU3,LT,2025,82.77 ,82.77
A,I_DSK2_IL_AB,PC_IND_IU3,LU,2025,74.16 ,74.16
A,I_DSK2_IL_AB,PC_IND_IU3,LV,2025,70.88 ,70.88
A,I_DSK2_IL_AB,PC_IND_IU3,ME,2025,77.26 ,77.26
A,I_DSK2_IL_AB,PC_IND_IU3,MK,2025,60.21 ,60.21
A,I_DSK2_IL_AB,PC_IND_IU3,MT,2025,85.39 ,85.39
A,I_DSK2_IL_AB,PC_IND_IU3,NL,2025,92.59 ,92.59
A,I_DSK2_IL_AB,PC_IND_IU3,NL1,2025,92.47 ,92.47
A,I_DSK2_IL_AB,PC_IND_IU3,NL2,2025,91.94 ,91.94
A,I_DSK2_IL_AB,PC_IND_IU3,NL3,2025,93.49 ,93.49
A,I_DSK2_IL_AB,PC_IND_IU3,NL4,2025,91.21 ,91.21
A,I_DSK2_IL_AB,PC_IND_IU3,NO,2025,95.79 ,95.79
A,I_DSK2_IL_AB,PC_IND_IU3,PL,2025,79.05 ,79.05
A,I_DSK2_IL_AB,PC_IND_IU3,PL2,2025,74.13 ,74.13
A,I_DSK2_IL_AB,PC_IND_IU3,PL4,2025,78.12 ,78.12
A,I_DSK2_IL_AB,PC_IND_IU3,PL5,2025,76.33 ,76.33
A,I_DSK2_IL_AB,PC_IND_IU3,PL6,2025,73.60 ,73.6
A,I_DSK2_IL_AB,PC_IND_IU3,PL7,2025,83.49 ,83.49
A,I_DSK2_IL_AB,PC_IND_IU3,PL8,2025,82.83 ,82.83
A,I_DSK2_IL_AB,PC_IND_IU3,PL9,2025,86.46 ,86.46
A,I_DSK2_IL_AB,PC_IND_IU3,PT,2025,85.29 ,85.29
A,I_DSK2_IL_AB,PC_IND_IU3,PT1,2025,85.68 ,85.68
A,I_DSK2_IL_AB,PC_IND_IU3,PT2,2025,75.67 ,75.67
A,I_DSK2_IL_AB,PC_IND_IU3,PT3,2025,79.43 ,79.43
A,I_DSK2_IL_AB,PC_IND_IU3,RO,2025,63.52 ,63.52
A,I_DSK2_IL_AB,PC_IND_IU3,RO1,2025,57.37 ,57.37
A,I_DSK2_IL_AB,PC_IND_IU3,RO2,2025,61.46 ,61.46
A,I_DSK2_IL_AB,PC_IND_IU3,RO3,2025,72.98 ,72.98
A,I_DSK2_IL_AB,PC_IND_IU3,RO4,2025,61.26 ,61.26
A,I_DSK2_IL_AB,PC_IND_IU3,RS,2025,87.55 ,87.55
A,I_DSK2_IL_AB,PC_IND_IU3,RS1,2025,85.61 ,85.61
A,I_DSK2_IL_AB,PC_IND_IU3,RS2,2025,89.71 ,89.71
A,I_DSK2_IL_AB,PC_IND_IU3,SE,2025,90.20 ,90.2
A,I_DSK2_IL_AB,PC_IND_IU3,SE1,2025,89.58 ,89.58
A,I_DSK2_IL_AB,PC_IND_IU3,SE2,2025,91.13 ,91.13
A,I_DSK2_IL_AB,PC_IND_IU3,SE3,2025,89.37 ,89.37
A,I_DSK2_IL_AB,PC_IND_IU3,SI,2025,84.39 ,84.39
A,I_DSK2_IL_AB,PC_IND_IU3,SK,2025,78.16 ,78.16
A,I_DSK2_IL_AB,PC_IND_IU3,TR,2025,70.72 ,70.72
A,I_DSK2_IL_AB,PC_IND_IU3,TR1,2025,78.91 ,78.91
A,I_DSK2_IL_AB,PC_IND_IU3,TR2,2025,69.27 ,69.27
A,I_DSK2_IL_AB,PC_IND_IU3,TR3,2025,72.18 ,72.18
A,I_DSK2_IL_AB,PC_IND_IU3,TR4,2025,76.49 ,76.49
A,I_DSK2_IL_AB,PC_IND_IU3,TR5,2025,74.37 ,74.37
A,I_DSK2_IL_AB,PC_IND_IU3,TR6,2025,68.41 ,68.41
A,I_DSK2_IL_AB,PC_IND_IU3,TR7,2025,67.70 ,67.7
A,I_DSK2_IL_AB,PC_IND_IU3,TR8,2025,68.94 ,68.94
A,I_DSK2_IL_AB,PC_IND_IU3,TR9,2025,64.06 ,64.06
A,I_DSK2_IL_AB,PC_IND_IU3,TRA,2025,60.39 ,60.39
A,I_DSK2_IL_AB,PC_IND_IU3,TRB,2025,59.72 ,59.72
A,I_DSK2_IL_AB,PC_IND_IU3,TRC,2025,55.33 ,55.33
A,I_DSK2_IL_AB,PC_IND_IU3,XK,2025,72.92 ,72.92
A,I_DSK2_IL_B,PC_IND,AL,2025,13.46 ,13.46
A,I_DSK2_IL_B,PC_IND,AT,2025,11.78 ,11.78
A,I_DSK2_IL_B,PC_IND,AT1,2025,11.05 ,11.05
A,I_DSK2_IL_B,PC_IND,AT2,2025,12.85 ,12.85
A,I_DSK2_IL_B,PC_IND,AT3,2025,12.10 ,12.1
A,I_DSK2_IL_B,PC_IND,BA,2025,16.15 ,16.15
A,I_DSK2_IL_B,PC_IND,BE,2025,12.47 ,12.47
A,I_DSK2_IL_B,PC_IND,BE1,2025,12.09 ,12.09
A,I_DSK2_IL_B,PC_IND,BE2,2025,11.49 ,11.49
A,I_DSK2_IL_B,PC_IND,BE3,2025,14.40 ,14.4
A,I_DSK2_IL_B,PC_IND,BG,2025,17.49 ,17.49
A,I_DSK2_IL_B,PC_IND,BG3,2025,16.52 ,16.52
A,I_DSK2_IL_B,PC_IND,BG4,2025,18.39 ,18.39
A,I_DSK2_IL_B,PC_IND,CH,2025,6.79 ,6.79
A,I_DSK2_IL_B,PC_IND,CY,2025,5.23 ,5.23
A,I_DSK2_IL_B,PC_IND,CZ,2025,5.94 ,5.94
A,I_DSK2_IL_B,PC_IND,DE,2025,10.71 ,10.71
A,I_DSK2_IL_B,PC_IND,DE1,2025,10.11 ,10.11
A,I_DSK2_IL_B,PC_IND,DE2,2025,12.02 ,12.02
A,I_DSK2_IL_B,PC_IND,DE3,2025,9.77 ,9.77
A,I_DSK2_IL_B,PC_IND,DE4,2025,8.73 ,8.73
A,I_DSK2_IL_B,PC_IND,DE6,2025,7.51 ,7.51
A,I_DSK2_IL_B,PC_IND,DE7,2025,9.65 ,9.65
A,I_DSK2_IL_B,PC_IND,DE8,2025,14.36 u,14.36
A,I_DSK2_IL_B,PC_IND,DE9,2025,11.15 ,11.15
A,I_DSK2_IL_B,PC_IND,DEA,2025,10.01 ,10.01
A,I_DSK2_IL_B,PC_IND,DED,2025,11.81 ,11.81
A,I_DSK2_IL_B,PC_IND,DEE,2025,13.21 ,13.21
A,I_DSK2_IL_B,PC_IND,DEF,2025,10.47 ,10.47
A,I_DSK2_IL_B,PC_IND,DK,2025,4.63 ,4.63
A,I_DSK2_IL_B,PC_IND,EE,2025,8.27 ,8.27
A,I_DSK2_IL_B,PC_IND,EL,2025,12.30 ,12.3
A,I_DSK2_IL_B,PC_IND,EL3,2025,15.17 ,15.17
A,I_DSK2_IL_B,PC_IND,EL4,2025,11.67 ,11.67
A,I_DSK2_IL_B,PC_IND,EL5,2025,7.84 ,7.84
A,I_DSK2_IL_B,PC_IND,EL6,2025,13.37 ,13.37
A,I_DSK2_IL_B,PC_IND,ES,2025,10.49 ,10.49
A,I_DSK2_IL_B,PC_IND,ES1,2025,10.39 ,10.39
A,I_DSK2_IL_B,PC_IND,ES2,2025,12.00 ,12.0
A,I_DSK2_IL_B,PC_IND,ES3,2025,8.92 ,8.92
A,I_DSK2_IL_B,PC_IND,ES4,2025,11.68 ,11.68
A,I_DSK2_IL_B,PC_IND,ES5,2025,10.12 ,10.12
A,I_DSK2_IL_B,PC_IND,ES6,2025,10.35 ,10.35
A,I_DSK2_IL_B,PC_IND,ES7,2025,12.72 ,12.72
A,I_DSK2_IL_B,PC_IND,FI,2025,3.91 ,3.91
A,I_DSK2_IL_B,PC_IND,FR,2025,13.73 ,13.73
A,I_DSK2_IL_B,PC_IND,FR1,2025,11.74 u,11.74
A,I_DSK2_IL_B,PC_IND,FRB,2025,20.38 u,20.38
A,I_DSK2_IL_B,PC_IND,FRC,2025,13.73 u,13.73
A,I_DSK2_IL_B,PC_IND,FRD,2025,15.75 u,15.75
A,I_DSK2_IL_B,PC_IND,FRE,2025,15.07 u,15.07
A,I_DSK2_IL_B,PC_IND,FRF,2025,14.07 u,14.07
A,I_DSK2_IL_B,PC_IND,FRG,2025,13.17 u,13.17
A,I_DSK2_IL_B,PC_IND,FRH,2025,13.22 u,13.22
A,I_DSK2_IL_B,PC_IND,FRI,2025,13.97 u,13.97
A,I_DSK2_IL_B,PC_IND,FRJ,2025,12.14 u,12.14
A,I_DSK2_IL_B,PC_IND,FRK,2025,13.62 u,13.62
A,I_DSK2_IL_B,PC_IND,FRL,2025,14.16 u,14.16
A,I_DSK2_IL_B,PC_IND,FRM,2025,13.69 u,13.69
A,I_DSK2_IL_B,PC_IND,FRY,2025,14.98 u,14.98
A,I_DSK2_IL_B,PC_IND,HR,2025,4.90 ,4.9
A,I_DSK2_IL_B,PC_IND,HU,2025,8.07 ,8.07
A,I_DSK2_IL_B,PC_IND,HU1,2025,5.78 ,5.78
A,I_DSK2_IL_B,PC_IND,HU2,2025,9.19 ,9.19
A,I_DSK2_IL_B,PC_IND,HU3,2025,9.10 ,9.1
A,I_DSK2_IL_B,PC_IND,IE,2025,3.55 ,3.55
A,I_DSK2_IL_B,PC_IND,IT,2025,13.51 ,13.51
A,I_DSK2_IL_B,PC_IND,ITC,2025,13.62 ,13.62
A,I_DSK2_IL_B,PC_IND,ITF,2025,14.12 ,14.12
A,I_DSK2_IL_B,PC_IND,ITG,2025,13.25 ,13.25
A,I_DSK2_IL_B,PC_IND,ITH,2025,12.70 ,12.7
A,I_DSK2_IL_B,PC_IND,ITI,2025,13.63 ,13.63
A,I_DSK2_IL_B,PC_IND,LT,2025,12.08 ,12.08
A,I_DSK2_IL_B,PC_IND,LU,2025,17.14 ,17.14
A,I_DSK2_IL_B,PC_IND,LV,2025,16.57 ,16.57
A,I_DSK2_IL_B,PC_IND,ME,2025,14.54 ,14.54
A,I_DSK2_IL_B,PC_IND,MK,2025,17.34 ,17.34
A,I_DSK2_IL_B,PC_IND,MT,2025,8.64 ,8.64
A,I_DSK2_IL_B,PC_IND,NL,2025,5.16 ,5.16
A,I_DSK2_IL_B,PC_IND,NL1,2025,5.53 ,5.53
A,I_DSK2_IL_B,PC_IND,NL2,2025,6.06 ,6.06
A,I_DSK2_IL_B,PC_IND,NL3,2025,4.32 ,4.32
A,I_DSK2_IL_B,PC_IND,NL4,2025,6.05 ,6.05
A,I_DSK2_IL_B,PC_IND,NO,2025,2.63 ,2.63
A,I_DSK2_IL_B,PC_IND,PL,2025,13.27 ,13.27
A,I_DSK2_IL_B,PC_IND,PL2,2025,17.46 ,17.46
A,I_DSK2_IL_B,PC_IND,PL4,2025,14.29 ,14.29
A,I_DSK2_IL_B,PC_IND,PL5,2025,13.68 ,13.68
A,I_DSK2_IL_B,PC_IND,PL6,2025,14.45 ,14.45
A,I_DSK2_IL_B,PC_IND,PL7,2025,10.65 ,10.65
A,I_DSK2_IL_B,PC_IND,PL8,2025,12.01 ,12.01
A,I_DSK2_IL_B,PC_IND,PL9,2025,8.39 ,8.39
A,I_DSK2_IL_B,PC_IND,PT,2025,7.85 ,7.85
A,I_DSK2_IL_B,PC_IND,PT1,2025,7.63 ,7.63
A,I_DSK2_IL_B,PC_IND,PT2,2025,13.90 ,13.9
A,I_DSK2_IL_B,PC_IND,PT3,2025,10.64 ,10.64
A,I_DSK2_IL_B,PC_IND,RO,2025,20.26 ,20.26
A,I_DSK2_IL_B,PC_IND,RO1,2025,22.48 ,22.48
A,I_DSK2_IL_B,PC_IND,RO2,2025,19.50 ,19.5
A,I_DSK2_IL_B,PC_IND,RO3,2025,17.52 ,17.52
A,I_DSK2_IL_B,PC_IND,RO4,2025,22.43 ,22.43
A,I_DSK2_IL_B,PC_IND,RS,2025,8.26 ,8.26
A,I_DSK2_IL_B,PC_IND,RS1,2025,10.51 ,10.51
A,I_DSK2_IL_B,PC_IND,RS2,2025,5.85 ,5.85
A,I_DSK2_IL_B,PC_IND,SE,2025,6.48 ,6.48
A,I_DSK2_IL_B,PC_IND,SE1,2025,6.46 ,6.46
A,I_DSK2_IL_B,PC_IND,SE2,2025,6.17 ,6.17
A,I_DSK2_IL_B,PC_IND,SE3,2025,7.32 ,7.32
A,I_DSK2_IL_B,PC_IND,SI,2025,11.14 ,11.14
A,I_DSK2_IL_B,PC_IND,SK,2025,12.49 ,12.49
A,I_DSK2_IL_B,PC_IND,TR,2025,12.99 ,12.99
A,I_DSK2_IL_B,PC_IND,TR1,2025,10.33 ,10.33
A,I_DSK2_IL_B,PC_IND,TR2,2025,13.17 ,13.17
A,I_DSK2_IL_B,PC_IND,TR3,2025,13.28 ,13.28
A,I_DSK2_IL_B,PC_IND,TR4,2025,10.89 ,10.89
A,I_DSK2_IL_B,PC_IND,TR5,2025,12.17 ,12.17
A,I_DSK2_IL_B,PC_IND,TR6,2025,13.82 ,13.82
A,I_DSK2_IL_B,PC_IND,TR7,2025,13.53 ,13.53
A,I_DSK2_IL_B,PC_IND,TR8,2025,12.89 ,12.89
A,I_DSK2_IL_B,PC_IND,TR9,2025,13.09 ,13.09
A,I_DSK2_IL_B,PC_IND,TRA,2025,13.38 ,13.38
A,I_DSK2_IL_B,PC_IND,TRB,2025,15.71 ,15.71
A,I_DSK2_IL_B,PC_IND,TRC,2025,18.29 ,18.29
A,I_DSK2_IL_B,PC_IND,XK,2025,13.91 ,13.91
A,I_DSK2_IL_B,PC_IND_IU3,AL,2025,15.43 ,15.43
A,I_DSK2_IL_B,PC_IND_IU3,AT,2025,12.37 ,12.37
A,I_DSK2_IL_B,PC_IND_IU3,AT1,2025,11.43 ,11.43
A,I_DSK2_IL_B,PC_IND_IU3,AT2,2025,13.72 ,13.72
A,I_DSK2_IL_B,PC_IND_IU3,AT3,2025,12.80 ,12.8
A,I_DSK2_IL_B,PC_IND_IU3,BA,2025,17.92 ,17.92
A,I_DSK2_IL_B,PC_IND_IU3,BE,2025,12.93 ,12.93
A,I_DSK2_IL_B,PC_IND_IU3,BE1,2025,12.79 ,12.79
A,I_DSK2_IL_B,PC_IND_IU3,BE2,2025,11.85 ,11.85
A,I_DSK2_IL_B,PC_IND_IU3,BE3,2025,14.97 ,14.97
A,I_DSK2_IL_B,PC_IND_IU3,BG,2025,20.14 ,20.14
A,I_DSK2_IL_B,PC_IND_IU3,BG3,2025,19.23 ,19.23
A,I_DSK2_IL_B,PC_IND_IU3,BG4,2025,20.96 ,20.96
A,I_DSK2_IL_B,PC_IND_IU3,CH,2025,6.86 ,6.86
A,I_DSK2_IL_B,PC_IND_IU3,CY,2025,5.57 ,5.57
A,I_DSK2_IL_B,PC_IND_IU3,CZ,2025,6.28 ,6.28
A,I_DSK2_IL_B,PC_IND_IU3,DE,2025,11.33 ,11.33
A,I_DSK2_IL_B,PC_IND_IU3,DE1,2025,10.53 ,10.53
A,I_DSK2_IL_B,PC_IND_IU3,DE2,2025,12.69 ,12.69
A,I_DSK2_IL_B,PC_IND_IU3,DE3,2025,10.50 ,10.5
A,I_DSK2_IL_B,PC_IND_IU3,DE4,2025,9.66 ,9.66
A,I_DSK2_IL_B,PC_IND_IU3,DE6,2025,7.79 ,7.79
A,I_DSK2_IL_B,PC_IND_IU3,DE7,2025,10.11 ,10.11
A,I_DSK2_IL_B,PC_IND_IU3,DE8,2025,15.35 u,15.35
A,I_DSK2_IL_B,PC_IND_IU3,DE9,2025,11.72 ,11.72
A,I_DSK2_IL_B,PC_IND_IU3,DEA,2025,10.57 ,10.57
A,I_DSK2_IL_B,PC_IND_IU3,DED,2025,12.42 ,12.42
A,I_DSK2_IL_B,PC_IND_IU3,DEE,2025,14.69 ,14.69
A,I_DSK2_IL_B,PC_IND_IU3,DEF,2025,11.05 ,11.05
A,I_DSK2_IL_B,PC_IND_IU3,DK,2025,4.65 ,4.65
A,I_DSK2_IL_B,PC_IND_IU3,EE,2025,8.72 ,8.72
A,I_DSK2_IL_B,PC_IND_IU3,EL,2025,13.80 ,13.8
A,I_DSK2_IL_B,PC_IND_IU3,EL3,2025,16.08 ,16.08
A,I_DSK2_IL_B,PC_IND_IU3,EL4,2025,13.55 ,13.55
A,I_DSK2_IL_B,PC_IND_IU3,EL5,2025,8.77 ,8.77
A,I_DSK2_IL_B,PC_IND_IU3,EL6,2025,16.27 ,16.27
A,I_DSK2_IL_B,PC_IND_IU3,ES,2025,10.89 ,10.89
A,I_DSK2_IL_B,PC_IND_IU3,ES1,2025,11.03 ,11.03
A,I_DSK2_IL_B,PC_IND_IU3,ES2,2025,12.46 ,12.46
A,I_DSK2_IL_B,PC_IND_IU3,ES3,2025,9.09 ,9.09
A,I_DSK2_IL_B,PC_IND_IU3,ES4,2025,12.28 ,12.28
A,I_DSK2_IL_B,PC_IND_IU3,ES5,2025,10.38 ,10.38
A,I_DSK2_IL_B,PC_IND_IU3,ES6,2025,10.91 ,10.91
A,I_DSK2_IL_B,PC_IND_IU3,ES7,2025,13.20 ,13.2
A,I_DSK2_IL_B,PC_IND_IU3,FI,2025,3.99 ,3.99
A,I_DSK2_IL_B,PC_IND_IU3,FR,2025,14.45 ,14.45
A,I_DSK2_IL_B,PC_IND_IU3,FR1,2025,12.16 u,12.16
A,I_DSK2_IL_B,PC_IND_IU3,FRB,2025,21.35 u,21.35
A,I_DSK2_IL_B,PC_IND_IU3,FRC,2025,14.85 u,14.85
A,I_DSK2_IL_B,PC_IND_IU3,FRD,2025,16.58 u,16.58
A,I_DSK2_IL_B,PC_IND_IU3,FRE,2025,16.12 u,16.12
A,I_DSK2_IL_B,PC_IND_IU3,FRF,2025,15.01 u,15.01
A,I_DSK2_IL_B,PC_IND_IU3,FRG,2025,13.68 u,13.68
A,I_DSK2_IL_B,PC_IND_IU3,FRH,2025,13.87 u,13.87
A,I_DSK2_IL_B,PC_IND_IU3,FRI,2025,14.64 u,14.64
A,I_DSK2_IL_B,PC_IND_IU3,FRJ,2025,12.80 u,12.8
A,I_DSK2_IL_B,PC_IND_IU3,FRK,2025,14.31 u,14.31
A,I_DSK2_IL_B,PC_IND_IU3,FRL,2025,14.78 u,14.78
A,I_DSK2_IL_B,PC_IND_IU3,FRM,2025,14.81 u,14.81
A,I_DSK2_IL_B,PC_IND_IU3,FRY,2025,16.89 u,16.89
A,I_DSK2_IL_B,PC_IND_IU3,HR,2025,5.70 ,5.7
A,I_DSK2_IL_B,PC_IND_IU3,HU,2025,8.69 ,8.69
A,I_DSK2_IL_B,PC_IND_IU3,HU1,2025,6.07 ,6.07
A,I_DSK2_IL_B,PC_IND_IU3,HU2,2025,9.93 ,9.93
A,I_DSK2_IL_B,PC_IND_IU3,HU3,2025,10.01 ,10.01
A,I_DSK2_IL_B,PC_IND_IU3,IE,2025,3.56 ,3.56
A,I_DSK2_IL_B,PC_IND_IU3,IT,2025,14.96 ,14.96
A,I_DSK2_IL_B,PC_IND_IU3,ITC,2025,14.66 ,14.66
A,I_DSK2_IL_B,PC_IND_IU3,ITF,2025,16.67 ,16.67
A,I_DSK2_IL_B,PC_IND_IU3,ITG,2025,15.29 ,15.29
A,I_DSK2_IL_B,PC_IND_IU3,ITH,2025,13.73 ,13.73
A,I_DSK2_IL_B,PC_IND_IU3,ITI,2025,14.63 ,14.63
A,I_DSK2_IL_B,PC_IND_IU3,LT,2025,13.52 ,13.52
A,I_DSK2_IL_B,PC_IND_IU3,LU,2025,17.29 ,17.29
A,I_DSK2_IL_B,PC_IND_IU3,LV,2025,17.53 ,17.53
A,I_DSK2_IL_B,PC_IND_IU3,ME,2025,15.43 ,15.43
A,I_DSK2_IL_B,PC_IND_IU3,MK,2025,18.82 ,18.82
A,I_DSK2_IL_B,PC_IND_IU3,MT,2025,9.00 ,9.0
A,I_DSK2_IL_B,PC_IND_IU3,NL,2025,5.18 ,5.18
A,I_DSK2_IL_B,PC_IND_IU3,NL1,2025,5.53 ,5.53
A,I_DSK2_IL_B,PC_IND_IU3,NL2,2025,6.07 ,6.07
A,I_DSK2_IL_B,PC_IND_IU3,NL3,2025,4.33 ,4.33
A,I_DSK2_IL_B,PC_IND_IU3,NL4,2025,6.08 ,6.08
A,I_DSK2_IL_B,PC_IND_IU3,NO,2025,2.67 ,2.67
A,I_DSK2_IL_B,PC_IND_IU3,PL,2025,14.81 ,14.81
A,I_DSK2_IL_B,PC_IND_IU3,PL2,2025,19.38 ,19.38
A,I_DSK2_IL_B,PC_IND_IU3,PL4,2025,15.68 ,15.68
A,I_DSK2_IL_B,PC_IND_IU3,PL5,2025,14.63 ,14.63
A,I_DSK2_IL_B,PC_IND_IU3,PL6,2025,16.22 ,16.22
A,I_DSK2_IL_B,PC_IND_IU3,PL7,2025,12.54 ,12.54
A,I_DSK2_IL_B,PC_IND_IU3,PL8,2025,13.71 ,13.71
A,I_DSK2_IL_B,PC_IND_IU3,PL9,2025,9.20 ,9.2
A,I_DSK2_IL_B,PC_IND_IU3,PT,2025,8.78 ,8.78
A,I_DSK2_IL_B,PC_IND_IU3,PT1,2025,8.53 ,8.53
A,I_DSK2_IL_B,PC_IND_IU3,PT2,2025,15.58 ,15.58
A,I_DSK2_IL_B,PC_IND_IU3,PT3,2025,12.05 ,12.05
A,I_DSK2_IL_B,PC_IND_IU3,RO,2025,21.75 ,21.75
A,I_DSK2_IL_B,PC_IND_IU3,RO1,2025,23.89 ,23.89
A,I_DSK2_IL_B,PC_IND_IU3,RO2,2025,21.15 ,21.15
A,I_DSK2_IL_B,PC_IND_IU3,RO3,2025,18.76 ,18.76
A,I_DSK2_IL_B,PC_IND_IU3,RO4,2025,24.11 ,24.11
A,I_DSK2_IL_B,PC_IND_IU3,RS,2025,9.17 ,9.17
A,I_DSK2_IL_B,PC_IND_IU3,RS1,2025,11.46 ,11.46
A,I_DSK2_IL_B,PC_IND_IU3,RS2,2025,6.63 ,6.63
A,I_DSK2_IL_B,PC_IND_IU3,SE,2025,6.60 ,6.6
A,I_DSK2_IL_B,PC_IND_IU3,SE1,2025,6.59 ,6.59
A,I_DSK2_IL_B,PC_IND_IU3,SE2,2025,6.26 ,6.26
A,I_DSK2_IL_B,PC_IND_IU3,SE3,2025,7.45 ,7.45
A,I_DSK2_IL_B,PC_IND_IU3,SI,2025,12.17 ,12.17
A,I_DSK2_IL_B,PC_IND_IU3,SK,2025,13.50 ,13.5
A,I_DSK2_IL_B,PC_IND_IU3,TR,2025,14.47 ,14.47
A,I_DSK2_IL_B,PC_IND_IU3,TR1,2025,10.74 ,10.74
A,I_DSK2_IL_B,PC_IND_IU3,TR2,2025,15.03 ,15.03
A,I_DSK2_IL_B,PC_IND_IU3,TR3,2025,14.97 ,14.97
A,I_DSK2_IL_B,PC_IND_IU3,TR4,2025,11.75 ,11.75
A,I_DSK2_IL_B,PC_IND_IU3,TR5,2025,13.47 ,13.47
A,I_DSK2_IL_B,PC_IND_IU3,TR6,2025,15.49 ,15.49
A,I_DSK2_IL_B,PC_IND_IU3,TR7,2025,15.29 ,15.29
A,I_DSK2_IL_B,PC_IND_IU3,TR8,2025,14.83 ,14.83
A,I_DSK2_IL_B,PC_IND_IU3,TR9,2025,15.43 ,15.43
A,I_DSK2_IL_B,PC_IND_IU3,TRA,2025,15.89 ,15.89
A,I_DSK2_IL_B,PC_IND_IU3,TRB,2025,19.98 ,19.98
A,I_DSK2_IL_B,PC_IND_IU3,TRC,2025,21.11 ,21.11
A,I_DSK2_IL_B,PC_IND_IU3,XK,2025,14.12 ,14.12
A,I_DSK2_IL_BAB,PC_IND,AL,2025,77.37 ,77.37
A,I_DSK2_IL_BAB,PC_IND,AT,2025,87.29 ,87.29
A,I_DSK2_IL_BAB,PC_IND,AT1,2025,89.29 ,89.29
A,I_DSK2_IL_BAB,PC_IND,AT2,2025,85.78 ,85.78
A,I_DSK2_IL_BAB,PC_IND,AT3,2025,85.65 ,85.65
A,I_DSK2_IL_BAB,PC_IND,BA,2025,81.63 ,81.63
A,I_DSK2_IL_BAB,PC_IND,BE,2025,89.20 ,89.2
A,I_DSK2_IL_BAB,PC_IND,BE1,2025,83.09 ,83.09
A,I_DSK2_IL_BAB,PC_IND,BE2,2025,91.45 ,91.45
A,I_DSK2_IL_BAB,PC_IND,BE3,2025,87.16 ,87.16
A,I_DSK2_IL_BAB,PC_IND,BG,2025,73.64 ,73.64
A,I_DSK2_IL_BAB,PC_IND,BG3,2025,74.27 ,74.27
A,I_DSK2_IL_BAB,PC_IND,BG4,2025,73.06 ,73.06
A,I_DSK2_IL_BAB,PC_IND,CH,2025,95.04 ,95.04
A,I_DSK2_IL_BAB,PC_IND,CY,2025,91.80 ,91.8
A,I_DSK2_IL_BAB,PC_IND,CZ,2025,92.77 ,92.77
A,I_DSK2_IL_BAB,PC_IND,DE,2025,87.86 ,87.86
A,I_DSK2_IL_BAB,PC_IND,DE1,2025,90.55 ,90.55
A,I_DSK2_IL_BAB,PC_IND,DE2,2025,86.96 ,86.96
A,I_DSK2_IL_BAB,PC_IND,DE3,2025,88.89 ,88.89
A,I_DSK2_IL_BAB,PC_IND,DE4,2025,81.22 ,81.22
A,I_DSK2_IL_BAB,PC_IND,DE6,2025,91.68 ,91.68
A,I_DSK2_IL_BAB,PC_IND,DE7,2025,87.93 ,87.93
A,I_DSK2_IL_BAB,PC_IND,DE8,2025,85.27 ,85.27
A,I_DSK2_IL_BAB,PC_IND,DE9,2025,90.91 ,90.91
A,I_DSK2_IL_BAB,PC_IND,DEA,2025,88.35 ,88.35
A,I_DSK2_IL_BAB,PC_IND,DED,2025,84.04 ,84.04
A,I_DSK2_IL_BAB,PC_IND,DEE,2025,80.95 ,80.95
A,I_DSK2_IL_BAB,PC_IND,DEF,2025,87.56 ,87.56
A,I_DSK2_IL_BAB,PC_IND,DK,2025,97.03 ,97.03
A,I_DSK2_IL_BAB,PC_IND,EE,2025,91.29 ,91.29
A,I_DSK2_IL_BAB,PC_IND,EL,2025,86.25 ,86.25
A,I_DSK2_IL_BAB,PC_IND,EL3,2025,92.18 ,92.18
A,I_DSK2_IL_BAB,PC_IND,EL4,2025,84.42 ,84.42
A,I_DSK2_IL_BAB,PC_IND,EL5,2025,85.26 ,85.26
A,I_DSK2_IL_BAB,PC_IND,EL6,2025,79.04 ,79.04
A,I_DSK2_IL_BAB,PC_IND,ES,2025,89.84 ,89.84
A,I_DSK2_IL_BAB,PC_IND,ES1,2025,87.30 ,87.3
A,I_DSK2_IL_BAB,PC_IND,ES2,2025,90.79 ,90.79
A,I_DSK2_IL_BAB,PC_IND,ES3,2025,92.12 ,92.12
A,I_DSK2_IL_BAB,PC_IND,ES4,2025,87.70 ,87.7
A,I_DSK2_IL_BAB,PC_IND,ES5,2025,92.00 ,92.0
A,I_DSK2_IL_BAB,PC_IND,ES6,2025,86.89 ,86.89
A,I_DSK2_IL_BAB,PC_IND,ES7,2025,90.04 ,90.04
A,I_DSK2_IL_BAB,PC_IND,FI,2025,96.97 ,96.97
A,I_DSK2_IL_BAB,PC_IND,FR,2025,85.26 ,85.26
A,I_DSK2_IL_BAB,PC_IND,FR1,2025,88.12 u,88.12
A,I_DSK2_IL_BAB,PC_IND,FRB,2025,88.37 u,88.37
A,I_DSK2_IL_BAB,PC_IND,FRC,2025,83.25 u,83.25
A,I_DSK2_IL_BAB,PC_IND,FRD,2025,84.58 u,84.58
A,I_DSK2_IL_BAB,PC_IND,FRE,2025,82.63 u,82.63
A,I_DSK2_IL_BAB,PC_IND,FRF,2025,80.89 u,80.89
A,I_DSK2_IL_BAB,PC_IND,FRG,2025,86.90 u,86.9
A,I_DSK2_IL_BAB,PC_IND,FRH,2025,86.19 u,86.19
A,I_DSK2_IL_BAB,PC_IND,FRI,2025,86.10 u,86.1
A,I_DSK2_IL_BAB,PC_IND,FRJ,2025,84.18 u,84.18
A,I_DSK2_IL_BAB,PC_IND,FRK,2025,87.26 u,87.26
A,I_DSK2_IL_BAB,PC_IND,FRL,2025,86.10 u,86.1
A,I_DSK2_IL_BAB,PC_IND,FRM,2025,85.97 u,85.97
A,I_DSK2_IL_BAB,PC_IND,FRY,2025,71.69 u,71.69
A,I_DSK2_IL_BAB,PC_IND,HR,2025,83.64 ,83.64
A,I_DSK2_IL_BAB,PC_IND,HU,2025,86.77 ,86.77
A,I_DSK2_IL_BAB,PC_IND,HU1,2025,90.21 ,90.21
A,I_DSK2_IL_BAB,PC_IND,HU2,2025,86.88 ,86.88
A,I_DSK2_IL_BAB,PC_IND,HU3,2025,83.77 ,83.77
A,I_DSK2_IL_BAB,PC_IND,IE,2025,96.62 ,96.62
A,I_DSK2_IL_BAB,PC_IND,IT,2025,79.06 ,79.06
A,I_DSK2_IL_BAB,PC_IND,ITC,2025,83.51 ,83.51
A,I_DSK2_IL_BAB,PC_IND,ITF,2025,69.99 ,69.99
A,I_DSK2_IL_BAB,PC_IND,ITG,2025,74.57 ,74.57
A,I_DSK2_IL_BAB,PC_IND,ITH,2025,83.80 ,83.8
A,I_DSK2_IL_BAB,PC_IND,ITI,2025,81.26 ,81.26
A,I_DSK2_IL_BAB,PC_IND,LT,2025,85.99 ,85.99
A,I_DSK2_IL_BAB,PC_IND,LU,2025,90.65 ,90.65
A,I_DSK2_IL_BAB,PC_IND,LV,2025,83.57 ,83.57
A,I_DSK2_IL_BAB,PC_IND,ME,2025,87.34 ,87.34
A,I_DSK2_IL_BAB,PC_IND,MK,2025,72.82 ,72.82
A,I_DSK2_IL_BAB,PC_IND,MT,2025,90.63 ,90.63
A,I_DSK2_IL_BAB,PC_IND,NL,2025,97.48 ,97.48
A,I_DSK2_IL_BAB,PC_IND,NL1,2025,97.87 ,97.87
A,I_DSK2_IL_BAB,PC_IND,NL2,2025,97.79 ,97.79
A,I_DSK2_IL_BAB,PC_IND,NL3,2025,97.60 ,97.6
A,I_DSK2_IL_BAB,PC_IND,NL4,2025,96.72 ,96.72
A,I_DSK2_IL_BAB,PC_IND,NO,2025,97.29 ,97.29
A,I_DSK2_IL_BAB,PC_IND,PL,2025,84.15 ,84.15
A,I_DSK2_IL_BAB,PC_IND,PL2,2025,84.26 ,84.26
A,I_DSK2_IL_BAB,PC_IND,PL4,2025,85.51 ,85.51
A,I_DSK2_IL_BAB,PC_IND,PL5,2025,85.08 ,85.08
A,I_DSK2_IL_BAB,PC_IND,PL6,2025,80.01 ,80.01
A,I_DSK2_IL_BAB,PC_IND,PL7,2025,81.54 ,81.54
A,I_DSK2_IL_BAB,PC_IND,PL8,2025,84.52 ,84.52
A,I_DSK2_IL_BAB,PC_IND,PL9,2025,87.22 ,87.22
A,I_DSK2_IL_BAB,PC_IND,PT,2025,84.15 ,84.15
A,I_DSK2_IL_BAB,PC_IND,PT1,2025,84.30 ,84.3
A,I_DSK2_IL_BAB,PC_IND,PT2,2025,81.38 ,81.38
A,I_DSK2_IL_BAB,PC_IND,PT3,2025,80.80 ,80.8
A,I_DSK2_IL_BAB,PC_IND,RO,2025,79.43 ,79.43
A,I_DSK2_IL_BAB,PC_IND,RO1,2025,76.47 ,76.47
A,I_DSK2_IL_BAB,PC_IND,RO2,2025,76.16 ,76.16
A,I_DSK2_IL_BAB,PC_IND,RO3,2025,85.65 ,85.65
A,I_DSK2_IL_BAB,PC_IND,RO4,2025,79.43 ,79.43
A,I_DSK2_IL_BAB,PC_IND,RS,2025,87.09 ,87.09
A,I_DSK2_IL_BAB,PC_IND,RS1,2025,89.05 ,89.05
A,I_DSK2_IL_BAB,PC_IND,RS2,2025,85.00 ,85.0
A,I_DSK2_IL_BAB,PC_IND,SE,2025,95.11 ,95.11
A,I_DSK2_IL_BAB,PC_IND,SE1,2025,94.25 ,94.25
A,I_DSK2_IL_BAB,PC_IND,SE2,2025,95.94 ,95.94
A,I_DSK2_IL_BAB,PC_IND,SE3,2025,95.12 ,95.12
A,I_DSK2_IL_BAB,PC_IND,SI,2025,88.42 ,88.42
A,I_DSK2_IL_BAB,PC_IND,SK,2025,84.78 ,84.78
A,I_DSK2_IL_BAB,PC_IND,TR,2025,76.48 ,76.48
A,I_DSK2_IL_BAB,PC_IND,TR1,2025,86.21 ,86.21
A,I_DSK2_IL_BAB,PC_IND,TR2,2025,73.87 ,73.87
A,I_DSK2_IL_BAB,PC_IND,TR3,2025,77.28 ,77.28
A,I_DSK2_IL_BAB,PC_IND,TR4,2025,81.78 ,81.78
A,I_DSK2_IL_BAB,PC_IND,TR5,2025,79.34 ,79.34
A,I_DSK2_IL_BAB,PC_IND,TR6,2025,74.88 ,74.88
A,I_DSK2_IL_BAB,PC_IND,TR7,2025,73.47 ,73.47
A,I_DSK2_IL_BAB,PC_IND,TR8,2025,72.80 ,72.8
A,I_DSK2_IL_BAB,PC_IND,TR9,2025,67.43 ,67.43
A,I_DSK2_IL_BAB,PC_IND,TRA,2025,64.23 ,64.23
A,I_DSK2_IL_BAB,PC_IND,TRB,2025,62.66 ,62.66
A,I_DSK2_IL_BAB,PC_IND,TRC,2025,66.22 ,66.22
A,I_DSK2_IL_BAB,PC_IND,XK,2025,85.71 ,85.71
A,I_DSK2_IL_BAB,PC_IND_IU3,AL,2025,88.75 ,88.75
A,I_DSK2_IL_BAB,PC_IND_IU3,AT,2025,91.59 ,91.59
A,I_DSK2_IL_BAB,PC_IND_IU3,AT1,2025,92.33 ,92.33
A,I_DSK2_IL_BAB,PC_IND_IU3,AT2,2025,91.63 ,91.63
A,I_DSK2_IL_BAB,PC_IND_IU3,AT3,2025,90.64 ,90.64
A,I_DSK2_IL_BAB,PC_IND_IU3,BA,2025,90.59 ,90.59
A,I_DSK2_IL_BAB,PC_IND_IU3,BE,2025,92.48 ,92.48
A,I_DSK2_IL_BAB,PC_IND_IU3,BE1,2025,87.90 ,87.9
A,I_DSK2_IL_BAB,PC_IND_IU3,BE2,2025,94.31 ,94.31
A,I_DSK2_IL_BAB,PC_IND_IU3,BE3,2025,90.62 ,90.62
A,I_DSK2_IL_BAB,PC_IND_IU3,BG,2025,84.79 ,84.79
A,I_DSK2_IL_BAB,PC_IND_IU3,BG3,2025,86.44 ,86.44
A,I_DSK2_IL_BAB,PC_IND_IU3,BG4,2025,83.31 ,83.31
A,I_DSK2_IL_BAB,PC_IND_IU3,CH,2025,96.08 ,96.08
A,I_DSK2_IL_BAB,PC_IND_IU3,CY,2025,97.88 ,97.88
A,I_DSK2_IL_BAB,PC_IND_IU3,CZ,2025,98.15 ,98.15
A,I_DSK2_IL_BAB,PC_IND_IU3,DE,2025,92.89 ,92.89
A,I_DSK2_IL_BAB,PC_IND_IU3,DE1,2025,94.38 ,94.38
A,I_DSK2_IL_BAB,PC_IND_IU3,DE2,2025,91.81 ,91.81
A,I_DSK2_IL_BAB,PC_IND_IU3,DE3,2025,95.53 ,95.53
A,I_DSK2_IL_BAB,PC_IND_IU3,DE4,2025,89.85 ,89.85
A,I_DSK2_IL_BAB,PC_IND_IU3,DE6,2025,95.05 ,95.05
A,I_DSK2_IL_BAB,PC_IND_IU3,DE7,2025,92.05 ,92.05
A,I_DSK2_IL_BAB,PC_IND_IU3,DE8,2025,91.11 ,91.11
A,I_DSK2_IL_BAB,PC_IND_IU3,DE9,2025,95.59 ,95.59
A,I_DSK2_IL_BAB,PC_IND_IU3,DEA,2025,93.30 ,93.3
A,I_DSK2_IL_BAB,PC_IND_IU3,DED,2025,88.42 ,88.42
A,I_DSK2_IL_BAB,PC_IND_IU3,DEE,2025,90.05 ,90.05
A,I_DSK2_IL_BAB,PC_IND_IU3,DEF,2025,92.45 ,92.45
A,I_DSK2_IL_BAB,PC_IND_IU3,DK,2025,97.31 ,97.31
A,I_DSK2_IL_BAB,PC_IND_IU3,EE,2025,96.24 ,96.24
A,I_DSK2_IL_BAB,PC_IND_IU3,EL,2025,96.74 ,96.74
A,I_DSK2_IL_BAB,PC_IND_IU3,EL3,2025,97.73 ,97.73
A,I_DSK2_IL_BAB,PC_IND_IU3,EL4,2025,98.02 ,98.02
A,I_DSK2_IL_BAB,PC_IND_IU3,EL5,2025,95.36 ,95.36
A,I_DSK2_IL_BAB,PC_IND_IU3,EL6,2025,96.15 ,96.15
A,I_DSK2_IL_BAB,PC_IND_IU3,ES,2025,93.25 ,93.25
A,I_DSK2_IL_BAB,PC_IND_IU3,ES1,2025,92.70 ,92.7
A,I_DSK2_IL_BAB,PC_IND_IU3,ES2,2025,94.24 ,94.24
A,I_DSK2_IL_BAB,PC_IND_IU3,ES3,2025,93.93 ,93.93
A,I_DSK2_IL_BAB,PC_IND_IU3,ES4,2025,92.18 ,92.18
A,I_DSK2_IL_BAB,PC_IND_IU3,ES5,2025,94.30 ,94.3
A,I_DSK2_IL_BAB,PC_IND_IU3,ES6,2025,91.56 ,91.56
A,I_DSK2_IL_BAB,PC_IND_IU3,ES7,2025,93.43 ,93.43
A,I_DSK2_IL_BAB,PC_IND_IU3,FI,2025,98.87 ,98.87
A,I_DSK2_IL_BAB,PC_IND_IU3,FR,2025,89.77 ,89.77
A,I_DSK2_IL_BAB,PC_IND_IU3,FR1,2025,91.31 u,91.31
A,I_DSK2_IL_BAB,PC_IND_IU3,FRB,2025,92.57 u,92.57
A,I_DSK2_IL_BAB,PC_IND_IU3,FRC,2025,90.01 u,90.01
A,I_DSK2_IL_BAB,PC_IND_IU3,FRD,2025,89.02 u,89.02
A,I_DSK2_IL_BAB,PC_IND_IU3,FRE,2025,88.37 u,88.37
A,I_DSK2_IL_BAB,PC_IND_IU3,FRF,2025,86.32 u,86.32
A,I_DSK2_IL_BAB,PC_IND_IU3,FRG,2025,90.26 u,90.26
A,I_DSK2_IL_BAB,PC_IND_IU3,FRH,2025,90.43 u,90.43
A,I_DSK2_IL_BAB,PC_IND_IU3,FRI,2025,90.19 u,90.19
A,I_DSK2_IL_BAB,PC_IND_IU3,FRJ,2025,88.76 u,88.76
A,I_DSK2_IL_BAB,PC_IND_IU3,FRK,2025,91.66 u,91.66
A,I_DSK2_IL_BAB,PC_IND_IU3,FRL,2025,89.88 u,89.88
A,I_DSK2_IL_BAB,PC_IND_IU3,FRM,2025,93.00 u,93.0
A,I_DSK2_IL_BAB,PC_IND_IU3,FRY,2025,80.80 u,80.8
A,I_DSK2_IL_BAB,PC_IND_IU3,HR,2025,97.37 ,97.37
A,I_DSK2_IL_BAB,PC_IND_IU3,HU,2025,93.49 ,93.49
A,I_DSK2_IL_BAB,PC_IND_IU3,HU1,2025,94.75 ,94.75
A,I_DSK2_IL_BAB,PC_IND_IU3,HU2,2025,93.79 ,93.79
A,I_DSK2_IL_BAB,PC_IND_IU3,HU3,2025,92.14 ,92.14
A,I_DSK2_IL_BAB,PC_IND_IU3,IE,2025,96.84 ,96.84
A,I_DSK2_IL_BAB,PC_IND_IU3,IT,2025,87.53 ,87.53
A,I_DSK2_IL_BAB,PC_IND_IU3,ITC,2025,89.89 ,89.89
A,I_DSK2_IL_BAB,PC_IND_IU3,ITF,2025,82.63 ,82.63
A,I_DSK2_IL_BAB,PC_IND_IU3,ITG,2025,86.02 ,86.02
A,I_DSK2_IL_BAB,PC_IND_IU3,ITH,2025,90.59 ,90.59
A,I_DSK2_IL_BAB,PC_IND_IU3,ITI,2025,87.22 ,87.22
A,I_DSK2_IL_BAB,PC_IND_IU3,LT,2025,96.30 ,96.3
A,I_DSK2_IL_BAB,PC_IND_IU3,LU,2025,91.44 ,91.44
A,I_DSK2_IL_BAB,PC_IND_IU3,LV,2025,88.41 ,88.41
A,I_DSK2_IL_BAB,PC_IND_IU3,ME,2025,92.69 ,92.69
A,I_DSK2_IL_BAB,PC_IND_IU3,MK,2025,79.03 ,79.03
A,I_DSK2_IL_BAB,PC_IND_IU3,MT,2025,94.39 ,94.39
A,I_DSK2_IL_BAB,PC_IND_IU3,NL,2025,97.77 ,97.77
A,I_DSK2_IL_BAB,PC_IND_IU3,NL1,2025,98.00 ,98.0
A,I_DSK2_IL_BAB,PC_IND_IU3,NL2,2025,98.01 ,98.01
A,I_DSK2_IL_BAB,PC_IND_IU3,NL3,2025,97.82 ,97.82
A,I_DSK2_IL_BAB,PC_IND_IU3,NL4,2025,97.29 ,97.29
A,I_DSK2_IL_BAB,PC_IND_IU3,NO,2025,98.46 ,98.46
A,I_DSK2_IL_BAB,PC_IND_IU3,PL,2025,93.86 ,93.86
A,I_DSK2_IL_BAB,PC_IND_IU3,PL2,2025,93.51 ,93.51
A,I_DSK2_IL_BAB,PC_IND_IU3,PL4,2025,93.79 ,93.79
A,I_DSK2_IL_BAB,PC_IND_IU3,PL5,2025,90.96 ,90.96
A,I_DSK2_IL_BAB,PC_IND_IU3,PL6,2025,89.81 ,89.81
A,I_DSK2_IL_BAB,PC_IND_IU3,PL7,2025,96.03 ,96.03
A,I_DSK2_IL_BAB,PC_IND_IU3,PL8,2025,96.54 ,96.54
A,I_DSK2_IL_BAB,PC_IND_IU3,PL9,2025,95.66 ,95.66
A,I_DSK2_IL_BAB,PC_IND_IU3,PT,2025,94.07 ,94.07
A,I_DSK2_IL_BAB,PC_IND_IU3,PT1,2025,94.21 ,94.21
A,I_DSK2_IL_BAB,PC_IND_IU3,PT2,2025,91.25 ,91.25
A,I_DSK2_IL_BAB,PC_IND_IU3,PT3,2025,91.48 ,91.48
A,I_DSK2_IL_BAB,PC_IND_IU3,RO,2025,85.27 ,85.27
A,I_DSK2_IL_BAB,PC_IND_IU3,RO1,2025,81.26 ,81.26
A,I_DSK2_IL_BAB,PC_IND_IU3,RO2,2025,82.61 ,82.61
A,I_DSK2_IL_BAB,PC_IND_IU3,RO3,2025,91.74 ,91.74
A,I_DSK2_IL_BAB,PC_IND_IU3,RO4,2025,85.38 ,85.38
A,I_DSK2_IL_BAB,PC_IND_IU3,RS,2025,96.72 ,96.72
A,I_DSK2_IL_BAB,PC_IND_IU3,RS1,2025,97.07 ,97.07
A,I_DSK2_IL_BAB,PC_IND_IU3,RS2,2025,96.34 ,96.34
A,I_DSK2_IL_BAB,PC_IND_IU3,SE,2025,96.80 ,96.8
A,I_DSK2_IL_BAB,PC_IND_IU3,SE1,2025,96.18 ,96.18
A,I_DSK2_IL_BAB,PC_IND_IU3,SE2,2025,97.39 ,97.39
A,I_DSK2_IL_BAB,PC_IND_IU3,SE3,2025,96.82 ,96.82
A,I_DSK2_IL_BAB,PC_IND_IU3,SI,2025,96.56 ,96.56
A,I_DSK2_IL_BAB,PC_IND_IU3,SK,2025,91.66 ,91.66
A,I_DSK2_IL_BAB,PC_IND_IU3,TR,2025,85.20 ,85.2
A,I_DSK2_IL_BAB,PC_IND_IU3,TR1,2025,89.65 ,89.65
A,I_DSK2_IL_BAB,PC_IND_IU3,TR2,2025,84.30 ,84.3
A,I_DSK2_IL_BAB,PC_IND_IU3,TR3,2025,87.15 ,87.15
A,I_DSK2_IL_BAB,PC_IND_IU3,TR4,2025,88.24 ,88.24
A,I_DSK2_IL_BAB,PC_IND_IU3,TR5,2025,87.84 ,87.84
A,I_DSK2_IL_BAB,PC_IND_IU3,TR6,2025,83.90 ,83.9
A,I_DSK2_IL_BAB,PC_IND_IU3,TR7,2025,82.99 ,82.99
A,I_DSK2_IL_BAB,PC_IND_IU3,TR8,2025,83.77 ,83.77
A,I_DSK2_IL_BAB,PC_IND_IU3,TR9,2025,79.49 ,79.49
A,I_DSK2_IL_BAB,PC_IND_IU3,TRA,2025,76.28 ,76.28
A,I_DSK2_IL_BAB,PC_IND_IU3,TRB,2025,79.70 ,79.7
A,I_DSK2_IL_BAB,PC_IND_IU3,TRC,2025,76.44 ,76.44
A,I_DSK2_IL_BAB,PC_IND_IU3,XK,2025,87.04 ,87.04
A,I_DSK2_LM,PC_IND,AL,2025,16.79 ,16.79
A,I_DSK2_LM,PC_IND,AT,2025,3.36 ,3.36
A,I_DSK2_LM,PC_IND,AT1,2025,3.68 ,3.68
A,I_DSK2_LM,PC_IND,AT2,2025,3.13 ,3.13
A,I_DSK2_LM,PC_IND,AT3,2025,3.10 ,3.1
A,I_DSK2_LM,PC_IND,BA,2025,10.43 ,10.43
A,I_DSK2_LM,PC_IND,BE,2025,4.10 ,4.1
A,I_DSK2_LM,PC_IND,BE1,2025,4.95 ,4.95
A,I_DSK2_LM,PC_IND,BE2,2025,3.84 ,3.84
A,I_DSK2_LM,PC_IND,BE3,2025,4.28 ,4.28
A,I_DSK2_LM,PC_IND,BG,2025,9.84 ,9.84
A,I_DSK2_LM,PC_IND,BG3,2025,11.10 ,11.1
A,I_DSK2_LM,PC_IND,BG4,2025,8.68 ,8.68
A,I_DSK2_LM,PC_IND,CH,2025,1.58 ,1.58
A,I_DSK2_LM,PC_IND,CY,2025,4.95 ,4.95
A,I_DSK2_LM,PC_IND,CZ,2025,1.76 ,1.76
A,I_DSK2_LM,PC_IND,DE,2025,3.77 ,3.77
A,I_DSK2_LM,PC_IND,DE2,2025,5.55 ,5.55
A,I_DSK2_LM,PC_IND,DE3,2025,2.71 ,2.71
A,I_DSK2_LM,PC_IND,DE4,2025,2.62 ,2.62
A,I_DSK2_LM,PC_IND,DE6,2025,3.38 ,3.38
A,I_DSK2_LM,PC_IND,DE7,2025,3.54 ,3.54
A,I_DSK2_LM,PC_IND,DE8,2025,4.85 u,4.85
A,I_DSK2_LM,PC_IND,DE9,2025,2.65 ,2.65
A,I_DSK2_LM,PC_IND,DEA,2025,3.37 ,3.37
A,I_DSK2_LM,PC_IND,DED,2025,4.10 ,4.1
A,I_DSK2_LM,PC_IND,DEE,2025,8.61 ,8.61
A,I_DSK2_LM,PC_IND,DEF,2025,4.52 ,4.52
A,I_DSK2_LM,PC_IND,DK,2025,1.01 ,1.01
A,I_DSK2_LM,PC_IND,EE,2025,3.40 ,3.4
A,I_DSK2_LM,PC_IND,EL,2025,3.81 ,3.81
A,I_DSK2_LM,PC_IND,EL3,2025,4.28 ,4.28
A,I_DSK2_LM,PC_IND,EL4,2025,2.71 ,2.71
A,I_DSK2_LM,PC_IND,EL5,2025,3.33 ,3.33
A,I_DSK2_LM,PC_IND,EL6,2025,4.15 ,4.15
A,I_DSK2_LM,PC_IND,ES,2025,4.02 ,4.02
A,I_DSK2_LM,PC_IND,ES1,2025,4.56 ,4.56
A,I_DSK2_LM,PC_IND,ES2,2025,2.91 ,2.91
A,I_DSK2_LM,PC_IND,ES3,2025,3.44 ,3.44
A,I_DSK2_LM,PC_IND,ES4,2025,5.45 ,5.45
A,I_DSK2_LM,PC_IND,ES5,2025,3.15 ,3.15
A,I_DSK2_LM,PC_IND,ES6,2025,5.09 ,5.09
A,I_DSK2_LM,PC_IND,ES7,2025,4.37 ,4.37
A,I_DSK2_LM,PC_IND,FI,2025,0.89 ,0.89
A,I_DSK2_LM,PC_IND,FR,2025,3.73 ,3.73
A,I_DSK2_LM,PC_IND,FR1,2025,3.63 u,3.63
A,I_DSK2_LM,PC_IND,FRB,2025,3.54 u,3.54
A,I_DSK2_LM,PC_IND,FRC,2025,3.84 u,3.84
A,I_DSK2_LM,PC_IND,FRD,2025,4.33 u,4.33
A,I_DSK2_LM,PC_IND,FRE,2025,4.83 u,4.83
A,I_DSK2_LM,PC_IND,FRF,2025,4.29 u,4.29
A,I_DSK2_LM,PC_IND,FRG,2025,3.37 u,3.37
A,I_DSK2_LM,PC_IND,FRH,2025,3.80 u,3.8
A,I_DSK2_LM,PC_IND,FRI,2025,2.93 u,2.93
A,I_DSK2_LM,PC_IND,FRJ,2025,3.21 u,3.21
A,I_DSK2_LM,PC_IND,FRK,2025,3.10 u,3.1
A,I_DSK2_LM,PC_IND,FRL,2025,3.18 u,3.18
A,I_DSK2_LM,PC_IND,FRM,2025,0 u,0.0
A,I_DSK2_LM,PC_IND,FRY,2025,8.06 u,8.06
A,I_DSK2_LM,PC_IND,HR,2025,1.98 ,1.98
A,I_DSK2_LM,PC_IND,HU,2025,4.38 ,4.38
A,I_DSK2_LM,PC_IND,HU1,2025,2.45 ,2.45
A,I_DSK2_LM,PC_IND,HU2,2025,5.08 ,5.08
A,I_DSK2_LM,PC_IND,HU3,2025,5.47 ,5.47
A,I_DSK2_LM,PC_IND,IE,2025,2.04 ,2.04
A,I_DSK2_LM,PC_IND,IT,2025,5.19 ,5.19
A,I_DSK2_LM,PC_IND,ITC,2025,3.95 ,3.95
A,I_DSK2_LM,PC_IND,ITF,2025,6.93 ,6.93
A,I_DSK2_LM,PC_IND,ITG,2025,6.77 ,6.77
A,I_DSK2_LM,PC_IND,ITH,2025,4.00 ,4.0
A,I_DSK2_LM,PC_IND,ITI,2025,5.16 ,5.16
A,I_DSK2_LM,PC_IND,LT,2025,4.77 ,4.77
A,I_DSK2_LM,PC_IND,LU,2025,3.94 ,3.94
A,I_DSK2_LM,PC_IND,LV,2025,5.97 ,5.97
A,I_DSK2_LM,PC_IND,ME,2025,1.79 ,1.79
A,I_DSK2_LM,PC_IND,MK,2025,14.42 ,14.42
A,I_DSK2_LM,PC_IND,MT,2025,4.44 ,4.44
A,I_DSK2_LM,PC_IND,NL,2025,0.91 ,0.91
A,I_DSK2_LM,PC_IND,NL1,2025,1.07 ,1.07
A,I_DSK2_LM,PC_IND,NL2,2025,0.66 ,0.66
A,I_DSK2_LM,PC_IND,NL3,2025,0.90 ,0.9
A,I_DSK2_LM,PC_IND,NL4,2025,1.12 ,1.12
A,I_DSK2_LM,PC_IND,NO,2025,0.68 ,0.68
A,I_DSK2_LM,PC_IND,PL,2025,6.31 ,6.31
A,I_DSK2_LM,PC_IND,PL2,2025,5.24 ,5.24
A,I_DSK2_LM,PC_IND,PL4,2025,8.44 ,8.44
A,I_DSK2_LM,PC_IND,PL5,2025,4.11 ,4.11
A,I_DSK2_LM,PC_IND,PL6,2025,7.56 ,7.56
A,I_DSK2_LM,PC_IND,PL7,2025,5.92 ,5.92
A,I_DSK2_LM,PC_IND,PL8,2025,8.23 ,8.23
A,I_DSK2_LM,PC_IND,PL9,2025,4.14 ,4.14
A,I_DSK2_LM,PC_IND,PT,2025,4.37 ,4.37
A,I_DSK2_LM,PC_IND,PT1,2025,4.27 ,4.27
A,I_DSK2_LM,PC_IND,PT2,2025,7.05 ,7.05
A,I_DSK2_LM,PC_IND,PT3,2025,5.72 ,5.72
A,I_DSK2_LM,PC_IND,RO,2025,11.82 ,11.82
A,I_DSK2_LM,PC_IND,RO1,2025,12.53 ,12.53
A,I_DSK2_LM,PC_IND,RO2,2025,11.47 ,11.47
A,I_DSK2_LM,PC_IND,RO3,2025,11.73 ,11.73
A,I_DSK2_LM,PC_IND,RO4,2025,11.55 ,11.55
A,I_DSK2_LM,PC_IND,RS,2025,7.36 ,7.36
A,I_DSK2_LM,PC_IND,RS1,2025,6.07 ,6.07
A,I_DSK2_LM,PC_IND,RS2,2025,8.74 ,8.74
A,I_DSK2_LM,PC_IND,SE,2025,2.12 ,2.12
A,I_DSK2_LM,PC_IND,SE1,2025,2.47 ,2.47
A,I_DSK2_LM,PC_IND,SE2,2025,1.97 ,1.97
A,I_DSK2_LM,PC_IND,SE3,2025,1.63 ,1.63
A,I_DSK2_LM,PC_IND,SI,2025,7.06 ,7.06
A,I_DSK2_LM,PC_IND,SK,2025,5.88 ,5.88
A,I_DSK2_LM,PC_IND,TR,2025,8.92 ,8.92
A,I_DSK2_LM,PC_IND,TR1,2025,6.88 ,6.88
A,I_DSK2_LM,PC_IND,TR2,2025,9.42 ,9.42
A,I_DSK2_LM,PC_IND,TR3,2025,9.19 ,9.19
A,I_DSK2_LM,PC_IND,TR4,2025,7.00 ,7.0
A,I_DSK2_LM,PC_IND,TR5,2025,6.42 ,6.42
A,I_DSK2_LM,PC_IND,TR6,2025,9.62 ,9.62
A,I_DSK2_LM,PC_IND,TR7,2025,10.51 ,10.51
A,I_DSK2_LM,PC_IND,TR8,2025,9.35 ,9.35
A,I_DSK2_LM,PC_IND,TR9,2025,9.88 ,9.88
A,I_DSK2_LM,PC_IND,TRA,2025,10.73 ,10.73
A,I_DSK2_LM,PC_IND,TRB,2025,11.60 ,11.6
A,I_DSK2_LM,PC_IND,TRC,2025,13.05 ,13.05
A,I_DSK2_LM,PC_IND,XK,2025,0.18 ,0.18
A,I_DSK2_LM,PC_IND_IU3,AL,2025,19.26 ,19.26
A,I_DSK2_LM,PC_IND_IU3,AT,2025,3.53 ,3.53
A,I_DSK2_LM,PC_IND_IU3,AT1,2025,3.81 ,3.81
A,I_DSK2_LM,PC_IND_IU3,AT2,2025,3.34 ,3.34
A,I_DSK2_LM,PC_IND_IU3,AT3,2025,3.28 ,3.28
A,I_DSK2_LM,PC_IND_IU3,BA,2025,11.57 ,11.57
A,I_DSK2_LM,PC_IND_IU3,BE,2025,4.25 ,4.25
A,I_DSK2_LM,PC_IND_IU3,BE1,2025,5.24 ,5.24
A,I_DSK2_LM,PC_IND_IU3,BE2,2025,3.96 ,3.96
A,I_DSK2_LM,PC_IND_IU3,BE3,2025,4.45 ,4.45
A,I_DSK2_LM,PC_IND_IU3,BG,2025,11.33 ,11.33
A,I_DSK2_LM,PC_IND_IU3,BG3,2025,12.92 ,12.92
A,I_DSK2_LM,PC_IND_IU3,BG4,2025,9.89 ,9.89
A,I_DSK2_LM,PC_IND_IU3,CH,2025,1.59 ,1.59
A,I_DSK2_LM,PC_IND_IU3,CY,2025,5.28 ,5.28
A,I_DSK2_LM,PC_IND_IU3,CZ,2025,1.86 ,1.86
A,I_DSK2_LM,PC_IND_IU3,DE,2025,3.99 ,3.99
A,I_DSK2_LM,PC_IND_IU3,DE2,2025,5.85 ,5.85
A,I_DSK2_LM,PC_IND_IU3,DE3,2025,2.91 ,2.91
A,I_DSK2_LM,PC_IND_IU3,DE4,2025,2.90 ,2.9
A,I_DSK2_LM,PC_IND_IU3,DE6,2025,3.50 ,3.5
A,I_DSK2_LM,PC_IND_IU3,DE7,2025,3.71 ,3.71
A,I_DSK2_LM,PC_IND_IU3,DE8,2025,5.18 u,5.18
A,I_DSK2_LM,PC_IND_IU3,DE9,2025,2.79 ,2.79
A,I_DSK2_LM,PC_IND_IU3,DEA,2025,3.55 ,3.55
A,I_DSK2_LM,PC_IND_IU3,DED,2025,4.32 ,4.32
A,I_DSK2_LM,PC_IND_IU3,DEE,2025,9.58 ,9.58
A,I_DSK2_LM,PC_IND_IU3,DEF,2025,4.77 ,4.77
A,I_DSK2_LM,PC_IND_IU3,DK,2025,1.01 ,1.01
A,I_DSK2_LM,PC_IND_IU3,EE,2025,3.59 ,3.59
A,I_DSK2_LM,PC_IND_IU3,EL,2025,4.28 ,4.28
A,I_DSK2_LM,PC_IND_IU3,EL3,2025,4.54 ,4.54
A,I_DSK2_LM,PC_IND_IU3,EL4,2025,3.15 ,3.15
A,I_DSK2_LM,PC_IND_IU3,EL5,2025,3.73 ,3.73
A,I_DSK2_LM,PC_IND_IU3,EL6,2025,5.05 ,5.05
A,I_DSK2_LM,PC_IND_IU3,ES,2025,4.18 ,4.18
A,I_DSK2_LM,PC_IND_IU3,ES1,2025,4.84 ,4.84
A,I_DSK2_LM,PC_IND_IU3,ES2,2025,3.02 ,3.02
A,I_DSK2_LM,PC_IND_IU3,ES3,2025,3.51 ,3.51
A,I_DSK2_LM,PC_IND_IU3,ES4,2025,5.73 ,5.73
A,I_DSK2_LM,PC_IND_IU3,ES5,2025,3.23 ,3.23
A,I_DSK2_LM,PC_IND_IU3,ES6,2025,5.37 ,5.37
A,I_DSK2_LM,PC_IND_IU3,ES7,2025,4.53 ,4.53
A,I_DSK2_LM,PC_IND_IU3,FI,2025,0.91 ,0.91
A,I_DSK2_LM,PC_IND_IU3,FR,2025,3.93 ,3.93
A,I_DSK2_LM,PC_IND_IU3,FR1,2025,3.76 u,3.76
A,I_DSK2_LM,PC_IND_IU3,FRB,2025,3.71 u,3.71
A,I_DSK2_LM,PC_IND_IU3,FRC,2025,4.15 u,4.15
A,I_DSK2_LM,PC_IND_IU3,FRD,2025,4.55 u,4.55
A,I_DSK2_LM,PC_IND_IU3,FRE,2025,5.17 u,5.17
A,I_DSK2_LM,PC_IND_IU3,FRF,2025,4.58 u,4.58
A,I_DSK2_LM,PC_IND_IU3,FRG,2025,3.50 u,3.5
A,I_DSK2_LM,PC_IND_IU3,FRH,2025,3.98 u,3.98
A,I_DSK2_LM,PC_IND_IU3,FRI,2025,3.07 u,3.07
A,I_DSK2_LM,PC_IND_IU3,FRJ,2025,3.38 u,3.38
A,I_DSK2_LM,PC_IND_IU3,FRK,2025,3.26 u,3.26
A,I_DSK2_LM,PC_IND_IU3,FRL,2025,3.32 u,3.32
A,I_DSK2_LM,PC_IND_IU3,FRM,2025,0 u,0.0
A,I_DSK2_LM,PC_IND_IU3,FRY,2025,9.09 u,9.09
A,I_DSK2_LM,PC_IND_IU3,HR,2025,2.30 ,2.3
A,I_DSK2_LM,PC_IND_IU3,HU,2025,4.72 ,4.72
A,I_DSK2_LM,PC_IND_IU3,HU1,2025,2.57 ,2.57
A,I_DSK2_LM,PC_IND_IU3,HU2,2025,5.48 ,5.48
A,I_DSK2_LM,PC_IND_IU3,HU3,2025,6.02 ,6.02
A,I_DSK2_LM,PC_IND_IU3,IE,2025,2.04 ,2.04
A,I_DSK2_LM,PC_IND_IU3,IT,2025,5.74 ,5.74
A,I_DSK2_LM,PC_IND_IU3,ITC,2025,4.26 ,4.26
A,I_DSK2_LM,PC_IND_IU3,ITF,2025,8.18 ,8.18
A,I_DSK2_LM,PC_IND_IU3,ITG,2025,7.81 ,7.81
A,I_DSK2_LM,PC_IND_IU3,ITH,2025,4.32 ,4.32
A,I_DSK2_LM,PC_IND_IU3,ITI,2025,5.54 ,5.54
A,I_DSK2_LM,PC_IND_IU3,LT,2025,5.35 ,5.35
A,I_DSK2_LM,PC_IND_IU3,LU,2025,3.98 ,3.98
A,I_DSK2_LM,PC_IND_IU3,LV,2025,6.32 ,6.32
A,I_DSK2_LM,PC_IND_IU3,ME,2025,1.90 ,1.9
A,I_DSK2_LM,PC_IND_IU3,MK,2025,15.65 ,15.65
A,I_DSK2_LM,PC_IND_IU3,MT,2025,4.62 ,4.62
A,I_DSK2_LM,PC_IND_IU3,NL,2025,0.91 ,0.91
A,I_DSK2_LM,PC_IND_IU3,NL1,2025,1.07 ,1.07
A,I_DSK2_LM,PC_IND_IU3,NL2,2025,0.66 ,0.66
A,I_DSK2_LM,PC_IND_IU3,NL3,2025,0.90 ,0.9
A,I_DSK2_LM,PC_IND_IU3,NL4,2025,1.12 ,1.12
A,I_DSK2_LM,PC_IND_IU3,NO,2025,0.69 ,0.69
A,I_DSK2_LM,PC_IND_IU3,PL,2025,7.03 ,7.03
A,I_DSK2_LM,PC_IND_IU3,PL2,2025,5.82 ,5.82
A,I_DSK2_LM,PC_IND_IU3,PL4,2025,9.26 ,9.26
A,I_DSK2_LM,PC_IND_IU3,PL5,2025,4.40 ,4.4
A,I_DSK2_LM,PC_IND_IU3,PL6,2025,8.49 ,8.49
A,I_DSK2_LM,PC_IND_IU3,PL7,2025,6.97 ,6.97
A,I_DSK2_LM,PC_IND_IU3,PL8,2025,9.41 ,9.41
A,I_DSK2_LM,PC_IND_IU3,PL9,2025,4.54 ,4.54
A,I_DSK2_LM,PC_IND_IU3,PT,2025,4.88 ,4.88
A,I_DSK2_LM,PC_IND_IU3,PT1,2025,4.77 ,4.77
A,I_DSK2_LM,PC_IND_IU3,PT2,2025,7.90 ,7.9
A,I_DSK2_LM,PC_IND_IU3,PT3,2025,6.48 ,6.48
A,I_DSK2_LM,PC_IND_IU3,RO,2025,12.69 ,12.69
A,I_DSK2_LM,PC_IND_IU3,RO1,2025,13.31 ,13.31
A,I_DSK2_LM,PC_IND_IU3,RO2,2025,12.44 ,12.44
A,I_DSK2_LM,PC_IND_IU3,RO3,2025,12.56 ,12.56
A,I_DSK2_LM,PC_IND_IU3,RO4,2025,12.41 ,12.41
A,I_DSK2_LM,PC_IND_IU3,RS,2025,8.18 ,8.18
A,I_DSK2_LM,PC_IND_IU3,RS1,2025,6.62 ,6.62
A,I_DSK2_LM,PC_IND_IU3,RS2,2025,9.91 ,9.91
A,I_DSK2_LM,PC_IND_IU3,SE,2025,2.16 ,2.16
A,I_DSK2_LM,PC_IND_IU3,SE1,2025,2.52 ,2.52
A,I_DSK2_LM,PC_IND_IU3,SE2,2025,2.00 ,2.0
A,I_DSK2_LM,PC_IND_IU3,SE3,2025,1.65 ,1.65
A,I_DSK2_LM,PC_IND_IU3,SI,2025,7.71 ,7.71
A,I_DSK2_LM,PC_IND_IU3,SK,2025,6.36 ,6.36
A,I_DSK2_LM,PC_IND_IU3,TR,2025,9.93 ,9.93
A,I_DSK2_LM,PC_IND_IU3,TR1,2025,7.16 ,7.16
A,I_DSK2_LM,PC_IND_IU3,TR2,2025,10.75 ,10.75
A,I_DSK2_LM,PC_IND_IU3,TR3,2025,10.36 ,10.36
A,I_DSK2_LM,PC_IND_IU3,TR4,2025,7.56 ,7.56
A,I_DSK2_LM,PC_IND_IU3,TR5,2025,7.11 ,7.11
A,I_DSK2_LM,PC_IND_IU3,TR6,2025,10.78 ,10.78
A,I_DSK2_LM,PC_IND_IU3,TR7,2025,11.87 ,11.87
A,I_DSK2_LM,PC_IND_IU3,TR8,2025,10.75 ,10.75
A,I_DSK2_LM,PC_IND_IU3,TR9,2025,11.65 ,11.65
A,I_DSK2_LM,PC_IND_IU3,TRA,2025,12.75 ,12.75
A,I_DSK2_LM,PC_IND_IU3,TRB,2025,14.75 ,14.75
A,I_DSK2_LM,PC_IND_IU3,TRC,2025,15.06 ,15.06
A,I_DSK2_LM,PC_IND_IU3,XK,2025,0.18 ,0.18
A,I_DSK2_LW,PC_IND,AL,2025,24.38 ,24.38
A,I_DSK2_LW,PC_IND,AT,2025,15.31 ,15.31
A,I_DSK2_LW,PC_IND,AT1,2025,15.94 ,15.94
A,I_DSK2_LW,PC_IND,AT2,2025,13.66 ,13.66
A,I_DSK2_LW,PC_IND,AT3,2025,15.44 ,15.44
A,I_DSK2_LW,PC_IND,BA,2025,19.99 ,19.99
A,I_DSK2_LW,PC_IND,BE,2025,17.97 ,17.97
A,I_DSK2_LW,PC_IND,BE1,2025,13.76 ,13.76
A,I_DSK2_LW,PC_IND,BE2,2025,18.31 ,18.31
A,I_DSK2_LW,PC_IND,BE3,2025,18.78 ,18.78
A,I_DSK2_LW,PC_IND,BG,2025,18.27 ,18.27
A,I_DSK2_LW,PC_IND,BG3,2025,18.08 ,18.08
A,I_DSK2_LW,PC_IND,BG4,2025,18.46 ,18.46
A,I_DSK2_LW,PC_IND,CH,2025,13.61 ,13.61
A,I_DSK2_LW,PC_IND,CY,2025,21.22 ,21.22
A,I_DSK2_LW,PC_IND,CZ,2025,15.43 ,15.43
A,I_DSK2_LW,PC_IND,DE,2025,20.28 ,20.28
A,I_DSK2_LW,PC_IND,DE1,2025,19.49 ,19.49
A,I_DSK2_LW,PC_IND,DE2,2025,20.95 ,20.95
A,I_DSK2_LW,PC_IND,DE3,2025,14.46 ,14.46
A,I_DSK2_LW,PC_IND,DE4,2025,15.11 ,15.11
A,I_DSK2_LW,PC_IND,DE6,2025,21.18 ,21.18
A,I_DSK2_LW,PC_IND,DE7,2025,26.46 ,26.46
A,I_DSK2_LW,PC_IND,DE8,2025,26.18 ,26.18
A,I_DSK2_LW,PC_IND,DE9,2025,21.97 ,21.97
A,I_DSK2_LW,PC_IND,DEA,2025,19.50 ,19.5
A,I_DSK2_LW,PC_IND,DED,2025,16.18 ,16.18
A,I_DSK2_LW,PC_IND,DEE,2025,20.49 ,20.49
A,I_DSK2_LW,PC_IND,DEF,2025,17.00 ,17.0
A,I_DSK2_LW,PC_IND,DK,2025,12.63 ,12.63
A,I_DSK2_LW,PC_IND,EE,2025,17.02 ,17.02
A,I_DSK2_LW,PC_IND,EL,2025,23.53 ,23.53
A,I_DSK2_LW,PC_IND,EL3,2025,25.93 ,25.93
A,I_DSK2_LW,PC_IND,EL4,2025,19.29 ,19.29
A,I_DSK2_LW,PC_IND,EL5,2025,21.24 ,21.24
A,I_DSK2_LW,PC_IND,EL6,2025,24.37 ,24.37
A,I_DSK2_LW,PC_IND,ES,2025,16.14 ,16.14
A,I_DSK2_LW,PC_IND,ES1,2025,16.83 ,16.83
A,I_DSK2_LW,PC_IND,ES2,2025,17.10 ,17.1
A,I_DSK2_LW,PC_IND,ES3,2025,14.59 ,14.59
A,I_DSK2_LW,PC_IND,ES4,2025,15.63 ,15.63
A,I_DSK2_LW,PC_IND,ES5,2025,16.07 ,16.07
A,I_DSK2_LW,PC_IND,ES6,2025,16.92 ,16.92
A,I_DSK2_LW,PC_IND,ES7,2025,15.91 ,15.91
A,I_DSK2_LW,PC_IND,FI,2025,12.68 ,12.68
A,I_DSK2_LW,PC_IND,FR,2025,15.63 ,15.63
A,I_DSK2_LW,PC_IND,FR1,2025,14.14 u,14.14
A,I_DSK2_LW,PC_IND,FRB,2025,18.12 u,18.12
A,I_DSK2_LW,PC_IND,FRC,2025,18.19 u,18.19
A,I_DSK2_LW,PC_IND,FRD,2025,17.88 u,17.88
A,I_DSK2_LW,PC_IND,FRE,2025,16.79 u,16.79
A,I_DSK2_LW,PC_IND,FRF,2025,16.90 u,16.9
A,I_DSK2_LW,PC_IND,FRG,2025,16.29 u,16.29
A,I_DSK2_LW,PC_IND,FRH,2025,13.40 u,13.4
A,I_DSK2_LW,PC_IND,FRI,2025,17.66 u,17.66
A,I_DSK2_LW,PC_IND,FRJ,2025,15.38 u,15.38
A,I_DSK2_LW,PC_IND,FRK,2025,14.14 u,14.14
A,I_DSK2_LW,PC_IND,FRL,2025,14.31 u,14.31
A,I_DSK2_LW,PC_IND,FRM,2025,14.52 u,14.52
A,I_DSK2_LW,PC_IND,FRY,2025,14.44 u,14.44
A,I_DSK2_LW,PC_IND,HR,2025,14.23 ,14.23
A,I_DSK2_LW,PC_IND,HU,2025,19.84 ,19.84
A,I_DSK2_LW,PC_IND,HU1,2025,15.57 ,15.57
A,I_DSK2_LW,PC_IND,HU2,2025,22.65 ,22.65
A,I_DSK2_LW,PC_IND,HU3,2025,21.21 ,21.21
A,I_DSK2_LW,PC_IND,IE,2025,11.05 ,11.05
A,I_DSK2_LW,PC_IND,IT,2025,16.93 ,16.93
A,I_DSK2_LW,PC_IND,ITC,2025,16.71 ,16.71
A,I_DSK2_LW,PC_IND,ITF,2025,17.61 ,17.61
A,I_DSK2_LW,PC_IND,ITG,2025,17.47 ,17.47
A,I_DSK2_LW,PC_IND,ITH,2025,16.48 ,16.48
A,I_DSK2_LW,PC_IND,ITI,2025,16.61 ,16.61
A,I_DSK2_LW,PC_IND,LT,2025,16.89 ,16.89
A,I_DSK2_LW,PC_IND,LU,2025,19.06 ,19.06
A,I_DSK2_LW,PC_IND,LV,2025,23.43 ,23.43
A,I_DSK2_LW,PC_IND,ME,2025,35.36 ,35.36
A,I_DSK2_LW,PC_IND,MK,2025,21.80 ,21.8
A,I_DSK2_LW,PC_IND,MT,2025,13.27 ,13.27
A,I_DSK2_LW,PC_IND,NL,2025,10.88 ,10.88
A,I_DSK2_LW,PC_IND,NL1,2025,12.83 ,12.83
A,I_DSK2_LW,PC_IND,NL2,2025,10.48 ,10.48
A,I_DSK2_LW,PC_IND,NL3,2025,9.92 ,9.92
A,I_DSK2_LW,PC_IND,NL4,2025,12.55 ,12.55
A,I_DSK2_LW,PC_IND,NO,2025,14.55 ,14.55
A,I_DSK2_LW,PC_IND,PL,2025,18.76 ,18.76
A,I_DSK2_LW,PC_IND,PL2,2025,17.49 ,17.49
A,I_DSK2_LW,PC_IND,PL4,2025,20.24 ,20.24
A,I_DSK2_LW,PC_IND,PL5,2025,21.47 ,21.47
A,I_DSK2_LW,PC_IND,PL6,2025,20.93 ,20.93
A,I_DSK2_LW,PC_IND,PL7,2025,18.30 ,18.3
A,I_DSK2_LW,PC_IND,PL8,2025,19.08 ,19.08
A,I_DSK2_LW,PC_IND,PL9,2025,15.62 ,15.62
A,I_DSK2_LW,PC_IND,PT,2025,15.38 ,15.38
A,I_DSK2_LW,PC_IND,PT1,2025,15.26 ,15.26
A,I_DSK2_LW,PC_IND,PT2,2025,16.22 ,16.22
A,I_DSK2_LW,PC_IND,PT3,2025,19.30 ,19.3
A,I_DSK2_LW,PC_IND,RO,2025,20.80 ,20.8
A,I_DSK2_LW,PC_IND,RO1,2025,21.09 ,21.09
A,I_DSK2_LW,PC_IND,RO2,2025,20.09 ,20.09
A,I_DSK2_LW,PC_IND,RO3,2025,20.99 ,20.99
A,I_DSK2_LW,PC_IND,RO4,2025,21.21 ,21.21
A,I_DSK2_LW,PC_IND,RS,2025,29.09 ,29.09
A,I_DSK2_LW,PC_IND,RS1,2025,29.20 ,29.2
A,I_DSK2_LW,PC_IND,RS2,2025,28.98 ,28.98
A,I_DSK2_LW,PC_IND,SE,2025,17.73 ,17.73
A,I_DSK2_LW,PC_IND,SE1,2025,16.66 ,16.66
A,I_DSK2_LW,PC_IND,SE2,2025,18.06 ,18.06
A,I_DSK2_LW,PC_IND,SE3,2025,19.54 ,19.54
A,I_DSK2_LW,PC_IND,SI,2025,23.12 ,23.12
A,I_DSK2_LW,PC_IND,SK,2025,18.28 ,18.28
A,I_DSK2_LW,PC_IND,TR,2025,24.28 ,24.28
A,I_DSK2_LW,PC_IND,TR1,2025,28.31 ,28.31
A,I_DSK2_LW,PC_IND,TR2,2025,28.93 ,28.93
A,I_DSK2_LW,PC_IND,TR3,2025,23.06 ,23.06
A,I_DSK2_LW,PC_IND,TR4,2025,21.50 ,21.5
A,I_DSK2_LW,PC_IND,TR5,2025,23.64 ,23.64
A,I_DSK2_LW,PC_IND,TR6,2025,26.37 ,26.37
A,I_DSK2_LW,PC_IND,TR7,2025,23.10 ,23.1
A,I_DSK2_LW,PC_IND,TR8,2025,24.36 ,24.36
A,I_DSK2_LW,PC_IND,TR9,2025,21.07 ,21.07
A,I_DSK2_LW,PC_IND,TRA,2025,18.50 ,18.5
A,I_DSK2_LW,PC_IND,TRB,2025,20.89 ,20.89
A,I_DSK2_LW,PC_IND,TRC,2025,21.08 ,21.08
A,I_DSK2_LW,PC_IND,XK,2025,17.75 ,17.75
A,I_DSK2_LW,PC_IND_IU3,AL,2025,27.97 ,27.97
A,I_DSK2_LW,PC_IND_IU3,AT,2025,16.06 ,16.06
A,I_DSK2_LW,PC_IND_IU3,AT1,2025,16.48 ,16.48
A,I_DSK2_LW,PC_IND_IU3,AT2,2025,14.59 ,14.59
A,I_DSK2_LW,PC_IND_IU3,AT3,2025,16.34 ,16.34
A,I_DSK2_LW,PC_IND_IU3,BA,2025,22.18 ,22.18
A,I_DSK2_LW,PC_IND_IU3,BE,2025,18.63 ,18.63
A,I_DSK2_LW,PC_IND_IU3,BE1,2025,14.55 ,14.55
A,I_DSK2_LW,PC_IND_IU3,BE2,2025,18.88 ,18.88
A,I_DSK2_LW,PC_IND_IU3,BE3,2025,19.52 ,19.52
A,I_DSK2_LW,PC_IND_IU3,BG,2025,21.04 ,21.04
A,I_DSK2_LW,PC_IND_IU3,BG3,2025,21.04 ,21.04
A,I_DSK2_LW,PC_IND_IU3,BG4,2025,21.04 ,21.04
A,I_DSK2_LW,PC_IND_IU3,CH,2025,13.76 ,13.76
A,I_DSK2_LW,PC_IND_IU3,CY,2025,22.62 ,22.62
A,I_DSK2_LW,PC_IND_IU3,CZ,2025,16.32 ,16.32
A,I_DSK2_LW,PC_IND_IU3,DE,2025,21.44 ,21.44
A,I_DSK2_LW,PC_IND_IU3,DE1,2025,20.31 ,20.31
A,I_DSK2_LW,PC_IND_IU3,DE2,2025,22.12 ,22.12
A,I_DSK2_LW,PC_IND_IU3,DE3,2025,15.54 ,15.54
A,I_DSK2_LW,PC_IND_IU3,DE4,2025,16.72 ,16.72
A,I_DSK2_LW,PC_IND_IU3,DE6,2025,21.96 ,21.96
A,I_DSK2_LW,PC_IND_IU3,DE7,2025,27.70 ,27.7
A,I_DSK2_LW,PC_IND_IU3,DE8,2025,27.98 ,27.98
A,I_DSK2_LW,PC_IND_IU3,DE9,2025,23.10 ,23.1
A,I_DSK2_LW,PC_IND_IU3,DEA,2025,20.59 ,20.59
A,I_DSK2_LW,PC_IND_IU3,DED,2025,17.02 ,17.02
A,I_DSK2_LW,PC_IND_IU3,DEE,2025,22.79 ,22.79
A,I_DSK2_LW,PC_IND_IU3,DEF,2025,17.95 ,17.95
A,I_DSK2_LW,PC_IND_IU3,DK,2025,12.67 ,12.67
A,I_DSK2_LW,PC_IND_IU3,EE,2025,17.95 ,17.95
A,I_DSK2_LW,PC_IND_IU3,EL,2025,26.39 ,26.39
A,I_DSK2_LW,PC_IND_IU3,EL3,2025,27.50 ,27.5
A,I_DSK2_LW,PC_IND_IU3,EL4,2025,22.40 ,22.4
A,I_DSK2_LW,PC_IND_IU3,EL5,2025,23.76 ,23.76
A,I_DSK2_LW,PC_IND_IU3,EL6,2025,29.65 ,29.65
A,I_DSK2_LW,PC_IND_IU3,ES,2025,16.75 ,16.75
A,I_DSK2_LW,PC_IND_IU3,ES1,2025,17.87 ,17.87
A,I_DSK2_LW,PC_IND_IU3,ES2,2025,17.75 ,17.75
A,I_DSK2_LW,PC_IND_IU3,ES3,2025,14.88 ,14.88
A,I_DSK2_LW,PC_IND_IU3,ES4,2025,16.43 ,16.43
A,I_DSK2_LW,PC_IND_IU3,ES5,2025,16.47 ,16.47
A,I_DSK2_LW,PC_IND_IU3,ES6,2025,17.83 ,17.83
A,I_DSK2_LW,PC_IND_IU3,ES7,2025,16.51 ,16.51
A,I_DSK2_LW,PC_IND_IU3,FI,2025,12.93 ,12.93
A,I_DSK2_LW,PC_IND_IU3,FR,2025,16.45 ,16.45
A,I_DSK2_LW,PC_IND_IU3,FR1,2025,14.65 u,14.65
A,I_DSK2_LW,PC_IND_IU3,FRB,2025,18.98 u,18.98
A,I_DSK2_LW,PC_IND_IU3,FRC,2025,19.66 u,19.66
A,I_DSK2_LW,PC_IND_IU3,FRD,2025,18.82 u,18.82
A,I_DSK2_LW,PC_IND_IU3,FRE,2025,17.96 u,17.96
A,I_DSK2_LW,PC_IND_IU3,FRF,2025,18.04 u,18.04
A,I_DSK2_LW,PC_IND_IU3,FRG,2025,16.92 u,16.92
A,I_DSK2_LW,PC_IND_IU3,FRH,2025,14.06 u,14.06
A,I_DSK2_LW,PC_IND_IU3,FRI,2025,18.50 u,18.5
A,I_DSK2_LW,PC_IND_IU3,FRJ,2025,16.22 u,16.22
A,I_DSK2_LW,PC_IND_IU3,FRK,2025,14.85 u,14.85
A,I_DSK2_LW,PC_IND_IU3,FRL,2025,14.94 u,14.94
A,I_DSK2_LW,PC_IND_IU3,FRM,2025,15.71 u,15.71
A,I_DSK2_LW,PC_IND_IU3,FRY,2025,16.27 u,16.27
A,I_DSK2_LW,PC_IND_IU3,HR,2025,16.56 ,16.56
A,I_DSK2_LW,PC_IND_IU3,HU,2025,21.38 ,21.38
A,I_DSK2_LW,PC_IND_IU3,HU1,2025,16.36 ,16.36
A,I_DSK2_LW,PC_IND_IU3,HU2,2025,24.45 ,24.45
A,I_DSK2_LW,PC_IND_IU3,HU3,2025,23.33 ,23.33
A,I_DSK2_LW,PC_IND_IU3,IE,2025,11.07 ,11.07
A,I_DSK2_LW,PC_IND_IU3,IT,2025,18.75 ,18.75
A,I_DSK2_LW,PC_IND_IU3,ITC,2025,17.99 ,17.99
A,I_DSK2_LW,PC_IND_IU3,ITF,2025,20.79 ,20.79
A,I_DSK2_LW,PC_IND_IU3,ITG,2025,20.15 ,20.15
A,I_DSK2_LW,PC_IND_IU3,ITH,2025,17.81 ,17.81
A,I_DSK2_LW,PC_IND_IU3,ITI,2025,17.83 ,17.83
A,I_DSK2_LW,PC_IND_IU3,LT,2025,18.91 ,18.91
A,I_DSK2_LW,PC_IND_IU3,LU,2025,19.23 ,19.23
A,I_DSK2_LW,PC_IND_IU3,LV,2025,24.78 ,24.78
A,I_DSK2_LW,PC_IND_IU3,ME,2025,37.53 ,37.53
A,I_DSK2_LW,PC_IND_IU3,MK,2025,23.66 ,23.66
A,I_DSK2_LW,PC_IND_IU3,MT,2025,13.82 ,13.82
A,I_DSK2_LW,PC_IND_IU3,NL,2025,10.91 ,10.91
A,I_DSK2_LW,PC_IND_IU3,NL1,2025,12.85 ,12.85
A,I_DSK2_LW,PC_IND_IU3,NL2,2025,10.50 ,10.5
A,I_DSK2_LW,PC_IND_IU3,NL3,2025,9.95 ,9.95
A,I_DSK2_LW,PC_IND_IU3,NL4,2025,12.62 ,12.62
A,I_DSK2_LW,PC_IND_IU3,NO,2025,14.73 ,14.73
A,I_DSK2_LW,PC_IND_IU3,PL,2025,20.93 ,20.93
A,I_DSK2_LW,PC_IND_IU3,PL2,2025,19.41 ,19.41
A,I_DSK2_LW,PC_IND_IU3,PL4,2025,22.20 ,22.2
A,I_DSK2_LW,PC_IND_IU3,PL5,2025,22.96 ,22.96
A,I_DSK2_LW,PC_IND_IU3,PL6,2025,23.50 ,23.5
A,I_DSK2_LW,PC_IND_IU3,PL7,2025,21.55 ,21.55
A,I_DSK2_LW,PC_IND_IU3,PL8,2025,21.80 ,21.8
A,I_DSK2_LW,PC_IND_IU3,PL9,2025,17.13 ,17.13
A,I_DSK2_LW,PC_IND_IU3,PT,2025,17.20 ,17.2
A,I_DSK2_LW,PC_IND_IU3,PT1,2025,17.05 ,17.05
A,I_DSK2_LW,PC_IND_IU3,PT2,2025,18.19 ,18.19
A,I_DSK2_LW,PC_IND_IU3,PT3,2025,21.85 ,21.85
A,I_DSK2_LW,PC_IND_IU3,RO,2025,22.33 ,22.33
A,I_DSK2_LW,PC_IND_IU3,RO1,2025,22.41 ,22.41
A,I_DSK2_LW,PC_IND_IU3,RO2,2025,21.79 ,21.79
A,I_DSK2_LW,PC_IND_IU3,RO3,2025,22.48 ,22.48
A,I_DSK2_LW,PC_IND_IU3,RO4,2025,22.80 ,22.8
A,I_DSK2_LW,PC_IND_IU3,RS,2025,32.31 ,32.31
A,I_DSK2_LW,PC_IND_IU3,RS1,2025,31.83 ,31.83
A,I_DSK2_LW,PC_IND_IU3,RS2,2025,32.84 ,32.84
A,I_DSK2_LW,PC_IND_IU3,SE,2025,18.05 ,18.05
A,I_DSK2_LW,PC_IND_IU3,SE1,2025,17.00 ,17.0
A,I_DSK2_LW,PC_IND_IU3,SE2,2025,18.33 ,18.33
A,I_DSK2_LW,PC_IND_IU3,SE3,2025,19.89 ,19.89
A,I_DSK2_LW,PC_IND_IU3,SI,2025,25.25 ,25.25
A,I_DSK2_LW,PC_IND_IU3,SK,2025,19.77 ,19.77
A,I_DSK2_LW,PC_IND_IU3,TR,2025,27.04 ,27.04
A,I_DSK2_LW,PC_IND_IU3,TR1,2025,29.44 ,29.44
A,I_DSK2_LW,PC_IND_IU3,TR2,2025,33.01 ,33.01
A,I_DSK2_LW,PC_IND_IU3,TR3,2025,26.00 ,26.0
A,I_DSK2_LW,PC_IND_IU3,TR4,2025,23.19 ,23.19
A,I_DSK2_LW,PC_IND_IU3,TR5,2025,26.18 ,26.18
A,I_DSK2_LW,PC_IND_IU3,TR6,2025,29.54 ,29.54
A,I_DSK2_LW,PC_IND_IU3,TR7,2025,26.09 ,26.09
A,I_DSK2_LW,PC_IND_IU3,TR8,2025,28.03 ,28.03
A,I_DSK2_LW,PC_IND_IU3,TR9,2025,24.84 ,24.84
A,I_DSK2_LW,PC_IND_IU3,TRA,2025,21.97 ,21.97
A,I_DSK2_LW,PC_IND_IU3,TRB,2025,26.57 ,26.57
A,I_DSK2_LW,PC_IND_IU3,TRC,2025,24.34 ,24.34
A,I_DSK2_LW,PC_IND_IU3,XK,2025,18.02 ,18.02
A,I_DSK2_N,PC_IND,AL,2025,15.14 ,15.14
A,I_DSK2_N,PC_IND,AT,2025,5.36 ,5.36
A,I_DSK2_N,PC_IND,AT1,2025,5.26 ,5.26
A,I_DSK2_N,PC_IND,AT2,2025,5.21 ,5.21
A,I_DSK2_N,PC_IND,AT3,2025,5.57 ,5.57
A,I_DSK2_N,PC_IND,BA,2025,18.96 ,18.96
A,I_DSK2_N,PC_IND,BE,2025,11.07 ,11.07
A,I_DSK2_N,PC_IND,BE1,2025,6.85 ,6.85
A,I_DSK2_N,PC_IND,BE2,2025,12.31 ,12.31
A,I_DSK2_N,PC_IND,BE3,2025,10.22 ,10.22
A,I_DSK2_N,PC_IND,BG,2025,13.83 ,13.83
A,I_DSK2_N,PC_IND,BG3,2025,14.39 ,14.39
A,I_DSK2_N,PC_IND,BG4,2025,13.31 ,13.31
A,I_DSK2_N,PC_IND,CH,2025,4.46 ,4.46
A,I_DSK2_N,PC_IND,CY,2025,10.19 ,10.19
A,I_DSK2_N,PC_IND,CZ,2025,5.83 ,5.83
A,I_DSK2_N,PC_IND,DE,2025,9.32 ,9.32
A,I_DSK2_N,PC_IND,DE1,2025,5.15 u,5.15
A,I_DSK2_N,PC_IND,DE2,2025,18.01 ,18.01
A,I_DSK2_N,PC_IND,DE3,2025,5.57 ,5.57
A,I_DSK2_N,PC_IND,DE4,2025,9.85 ,9.85
A,I_DSK2_N,PC_IND,DE6,2025,7.83 ,7.83
A,I_DSK2_N,PC_IND,DE7,2025,9.89 ,9.89
A,I_DSK2_N,PC_IND,DE8,2025,16.50 u,16.5
A,I_DSK2_N,PC_IND,DE9,2025,5.06 ,5.06
A,I_DSK2_N,PC_IND,DEA,2025,6.70 ,6.7
A,I_DSK2_N,PC_IND,DED,2025,10.26 ,10.26
A,I_DSK2_N,PC_IND,DEE,2025,16.17 ,16.17
A,I_DSK2_N,PC_IND,DEF,2025,7.82 ,7.82
A,I_DSK2_N,PC_IND,DK,2025,3.94 ,3.94
A,I_DSK2_N,PC_IND,EE,2025,9.76 ,9.76
A,I_DSK2_N,PC_IND,EL,2025,9.17 ,9.17
A,I_DSK2_N,PC_IND,EL3,2025,11.73 ,11.73
A,I_DSK2_N,PC_IND,EL4,2025,7.93 ,7.93
A,I_DSK2_N,PC_IND,EL5,2025,6.26 ,6.26
A,I_DSK2_N,PC_IND,EL6,2025,9.19 ,9.19
A,I_DSK2_N,PC_IND,ES,2025,7.76 ,7.76
A,I_DSK2_N,PC_IND,ES1,2025,7.49 ,7.49
A,I_DSK2_N,PC_IND,ES2,2025,8.38 ,8.38
A,I_DSK2_N,PC_IND,ES3,2025,7.29 ,7.29
A,I_DSK2_N,PC_IND,ES4,2025,9.44 ,9.44
A,I_DSK2_N,PC_IND,ES5,2025,7.85 ,7.85
A,I_DSK2_N,PC_IND,ES6,2025,7.10 ,7.1
A,I_DSK2_N,PC_IND,ES7,2025,6.98 ,6.98
A,I_DSK2_N,PC_IND,FI,2025,3.20 ,3.2
A,I_DSK2_N,PC_IND,FR,2025,8.09 ,8.09
A,I_DSK2_N,PC_IND,FR1,2025,6.37 u,6.37
A,I_DSK2_N,PC_IND,FRB,2025,9.33 u,9.33
A,I_DSK2_N,PC_IND,FRC,2025,9.52 u,9.52
A,I_DSK2_N,PC_IND,FRD,2025,8.97 u,8.97
A,I_DSK2_N,PC_IND,FRE,2025,9.06 u,9.06
A,I_DSK2_N,PC_IND,FRF,2025,8.85 u,8.85
A,I_DSK2_N,PC_IND,FRG,2025,7.66 u,7.66
A,I_DSK2_N,PC_IND,FRH,2025,8.46 u,8.46
A,I_DSK2_N,PC_IND,FRI,2025,7.38 u,7.38
A,I_DSK2_N,PC_IND,FRJ,2025,8.07 u,8.07
A,I_DSK2_N,PC_IND,FRK,2025,7.61 u,7.61
A,I_DSK2_N,PC_IND,FRL,2025,9.18 u,9.18
A,I_DSK2_N,PC_IND,FRM,2025,7.41 u,7.41
A,I_DSK2_N,PC_IND,FRY,2025,10.71 u,10.71
A,I_DSK2_N,PC_IND,HR,2025,5.75 ,5.75
A,I_DSK2_N,PC_IND,HU,2025,8.51 ,8.51
A,I_DSK2_N,PC_IND,HU1,2025,6.73 ,6.73
A,I_DSK2_N,PC_IND,HU2,2025,8.36 ,8.36
A,I_DSK2_N,PC_IND,HU3,2025,10.13 ,10.13
A,I_DSK2_N,PC_IND,IE,2025,3.75 ,3.75
A,I_DSK2_N,PC_IND,IT,2025,9.40 ,9.4
A,I_DSK2_N,PC_IND,ITC,2025,8.75 ,8.75
A,I_DSK2_N,PC_IND,ITF,2025,10.27 ,10.27
A,I_DSK2_N,PC_IND,ITG,2025,9.68 ,9.68
A,I_DSK2_N,PC_IND,ITH,2025,8.98 ,8.98
A,I_DSK2_N,PC_IND,ITI,2025,9.55 ,9.55
A,I_DSK2_N,PC_IND,LT,2025,11.40 ,11.4
A,I_DSK2_N,PC_IND,LU,2025,10.71 ,10.71
A,I_DSK2_N,PC_IND,LV,2025,14.35 ,14.35
A,I_DSK2_N,PC_IND,ME,2025,12.68 ,12.68
A,I_DSK2_N,PC_IND,MK,2025,19.26 ,19.26
A,I_DSK2_N,PC_IND,MT,2025,8.90 ,8.9
A,I_DSK2_N,PC_IND,NL,2025,4.05 ,4.05
A,I_DSK2_N,PC_IND,NL1,2025,4.94 ,4.94
A,I_DSK2_N,PC_IND,NL2,2025,3.88 ,3.88
A,I_DSK2_N,PC_IND,NL3,2025,3.67 ,3.67
A,I_DSK2_N,PC_IND,NL4,2025,4.65 ,4.65
A,I_DSK2_N,PC_IND,NO,2025,3.40 ,3.4
A,I_DSK2_N,PC_IND,PL,2025,10.90 ,10.9
A,I_DSK2_N,PC_IND,PL2,2025,11.08 ,11.08
A,I_DSK2_N,PC_IND,PL4,2025,9.72 ,9.72
A,I_DSK2_N,PC_IND,PL5,2025,11.70 ,11.7
A,I_DSK2_N,PC_IND,PL6,2025,10.74 ,10.74
A,I_DSK2_N,PC_IND,PL7,2025,12.10 ,12.1
A,I_DSK2_N,PC_IND,PL8,2025,14.42 ,14.42
A,I_DSK2_N,PC_IND,PL9,2025,6.91 ,6.91
A,I_DSK2_N,PC_IND,PT,2025,7.86 ,7.86
A,I_DSK2_N,PC_IND,PT1,2025,7.76 ,7.76
A,I_DSK2_N,PC_IND,PT2,2025,8.76 ,8.76
A,I_DSK2_N,PC_IND,PT3,2025,10.56 ,10.56
A,I_DSK2_N,PC_IND,RO,2025,19.71 ,19.71
A,I_DSK2_N,PC_IND,RO1,2025,19.34 ,19.34
A,I_DSK2_N,PC_IND,RO2,2025,18.27 ,18.27
A,I_DSK2_N,PC_IND,RO3,2025,18.31 ,18.31
A,I_DSK2_N,PC_IND,RO4,2025,24.47 ,24.47
A,I_DSK2_N,PC_IND,RS,2025,9.53 ,9.53
A,I_DSK2_N,PC_IND,RS1,2025,9.53 ,9.53
A,I_DSK2_N,PC_IND,RS2,2025,9.52 ,9.52
A,I_DSK2_N,PC_IND,SE,2025,7.50 ,7.5
A,I_DSK2_N,PC_IND,SE1,2025,7.27 ,7.27
A,I_DSK2_N,PC_IND,SE2,2025,7.21 ,7.21
A,I_DSK2_N,PC_IND,SE3,2025,8.79 ,8.79
A,I_DSK2_N,PC_IND,SI,2025,12.39 ,12.39
A,I_DSK2_N,PC_IND,SK,2025,12.32 ,12.32
A,I_DSK2_N,PC_IND,TR,2025,18.50 ,18.5
A,I_DSK2_N,PC_IND,TR1,2025,16.49 ,16.49
A,I_DSK2_N,PC_IND,TR2,2025,15.68 ,15.68
A,I_DSK2_N,PC_IND,TR3,2025,20.56 ,20.56
A,I_DSK2_N,PC_IND,TR4,2025,12.94 ,12.94
A,I_DSK2_N,PC_IND,TR5,2025,12.67 ,12.67
A,I_DSK2_N,PC_IND,TR6,2025,19.51 ,19.51
A,I_DSK2_N,PC_IND,TR7,2025,24.45 ,24.45
A,I_DSK2_N,PC_IND,TR8,2025,19.51 ,19.51
A,I_DSK2_N,PC_IND,TR9,2025,18.58 ,18.58
A,I_DSK2_N,PC_IND,TRA,2025,25.20 ,25.2
A,I_DSK2_N,PC_IND,TRB,2025,20.67 ,20.67
A,I_DSK2_N,PC_IND,TRC,2025,25.52 ,25.52
A,I_DSK2_N,PC_IND,XK,2025,4.96 ,4.96
A,I_DSK2_N,PC_IND_IU3,AL,2025,17.37 ,17.37
A,I_DSK2_N,PC_IND_IU3,AT,2025,5.62 ,5.62
A,I_DSK2_N,PC_IND_IU3,AT1,2025,5.44 ,5.44
A,I_DSK2_N,PC_IND_IU3,AT2,2025,5.56 ,5.56
A,I_DSK2_N,PC_IND_IU3,AT3,2025,5.89 ,5.89
A,I_DSK2_N,PC_IND_IU3,BA,2025,21.04 ,21.04
A,I_DSK2_N,PC_IND_IU3,BE,2025,11.47 ,11.47
A,I_DSK2_N,PC_IND_IU3,BE1,2025,7.24 ,7.24
A,I_DSK2_N,PC_IND_IU3,BE2,2025,12.69 ,12.69
A,I_DSK2_N,PC_IND_IU3,BE3,2025,10.63 ,10.63
A,I_DSK2_N,PC_IND_IU3,BG,2025,15.92 ,15.92
A,I_DSK2_N,PC_IND_IU3,BG3,2025,16.75 ,16.75
A,I_DSK2_N,PC_IND_IU3,BG4,2025,15.18 ,15.18
A,I_DSK2_N,PC_IND_IU3,CH,2025,4.51 ,4.51
A,I_DSK2_N,PC_IND_IU3,CY,2025,10.87 ,10.87
A,I_DSK2_N,PC_IND_IU3,CZ,2025,6.17 ,6.17
A,I_DSK2_N,PC_IND_IU3,DE,2025,9.86 ,9.86
A,I_DSK2_N,PC_IND_IU3,DE1,2025,5.37 u,5.37
A,I_DSK2_N,PC_IND_IU3,DE2,2025,19.02 ,19.02
A,I_DSK2_N,PC_IND_IU3,DE3,2025,5.99 ,5.99
A,I_DSK2_N,PC_IND_IU3,DE4,2025,10.90 ,10.9
A,I_DSK2_N,PC_IND_IU3,DE6,2025,8.12 ,8.12
A,I_DSK2_N,PC_IND_IU3,DE7,2025,10.35 ,10.35
A,I_DSK2_N,PC_IND_IU3,DE8,2025,17.63 u,17.63
A,I_DSK2_N,PC_IND_IU3,DE9,2025,5.32 ,5.32
A,I_DSK2_N,PC_IND_IU3,DEA,2025,7.07 ,7.07
A,I_DSK2_N,PC_IND_IU3,DED,2025,10.79 ,10.79
A,I_DSK2_N,PC_IND_IU3,DEE,2025,17.99 ,17.99
A,I_DSK2_N,PC_IND_IU3,DEF,2025,8.26 ,8.26
A,I_DSK2_N,PC_IND_IU3,DK,2025,3.95 ,3.95
A,I_DSK2_N,PC_IND_IU3,EE,2025,10.29 ,10.29
A,I_DSK2_N,PC_IND_IU3,EL,2025,10.29 ,10.29
A,I_DSK2_N,PC_IND_IU3,EL3,2025,12.43 ,12.43
A,I_DSK2_N,PC_IND_IU3,EL4,2025,9.21 ,9.21
A,I_DSK2_N,PC_IND_IU3,EL5,2025,7.00 ,7.0
A,I_DSK2_N,PC_IND_IU3,EL6,2025,11.18 ,11.18
A,I_DSK2_N,PC_IND_IU3,ES,2025,8.06 ,8.06
A,I_DSK2_N,PC_IND_IU3,ES1,2025,7.96 ,7.96
A,I_DSK2_N,PC_IND_IU3,ES2,2025,8.70 ,8.7
A,I_DSK2_N,PC_IND_IU3,ES3,2025,7.43 ,7.43
A,I_DSK2_N,PC_IND_IU3,ES4,2025,9.93 ,9.93
A,I_DSK2_N,PC_IND_IU3,ES5,2025,8.05 ,8.05
A,I_DSK2_N,PC_IND_IU3,ES6,2025,7.48 ,7.48
A,I_DSK2_N,PC_IND_IU3,ES7,2025,7.25 ,7.25
A,I_DSK2_N,PC_IND_IU3,FI,2025,3.26 ,3.26
A,I_DSK2_N,PC_IND_IU3,FR,2025,8.52 ,8.52
A,I_DSK2_N,PC_IND_IU3,FR1,2025,6.60 u,6.6
A,I_DSK2_N,PC_IND_IU3,FRB,2025,9.77 u,9.77
A,I_DSK2_N,PC_IND_IU3,FRC,2025,10.29 u,10.29
A,I_DSK2_N,PC_IND_IU3,FRD,2025,9.45 u,9.45
A,I_DSK2_N,PC_IND_IU3,FRE,2025,9.69 u,9.69
A,I_DSK2_N,PC_IND_IU3,FRF,2025,9.45 u,9.45
A,I_DSK2_N,PC_IND_IU3,FRG,2025,7.96 u,7.96
A,I_DSK2_N,PC_IND_IU3,FRH,2025,8.88 u,8.88
A,I_DSK2_N,PC_IND_IU3,FRI,2025,7.73 u,7.73
A,I_DSK2_N,PC_IND_IU3,FRJ,2025,8.51 u,8.51
A,I_DSK2_N,PC_IND_IU3,FRK,2025,8.00 u,8.0
A,I_DSK2_N,PC_IND_IU3,FRL,2025,9.58 u,9.58
A,I_DSK2_N,PC_IND_IU3,FRM,2025,8.01 u,8.01
A,I_DSK2_N,PC_IND_IU3,FRY,2025,12.07 u,12.07
A,I_DSK2_N,PC_IND_IU3,HR,2025,6.69 ,6.69
A,I_DSK2_N,PC_IND_IU3,HU,2025,9.17 ,9.17
A,I_DSK2_N,PC_IND_IU3,HU1,2025,7.07 ,7.07
A,I_DSK2_N,PC_IND_IU3,HU2,2025,9.03 ,9.03
A,I_DSK2_N,PC_IND_IU3,HU3,2025,11.14 ,11.14
A,I_DSK2_N,PC_IND_IU3,IE,2025,3.76 ,3.76
A,I_DSK2_N,PC_IND_IU3,IT,2025,10.41 ,10.41
A,I_DSK2_N,PC_IND_IU3,ITC,2025,9.42 ,9.42
A,I_DSK2_N,PC_IND_IU3,ITF,2025,12.12 ,12.12
A,I_DSK2_N,PC_IND_IU3,ITG,2025,11.17 ,11.17
A,I_DSK2_N,PC_IND_IU3,ITH,2025,9.70 ,9.7
A,I_DSK2_N,PC_IND_IU3,ITI,2025,10.25 ,10.25
A,I_DSK2_N,PC_IND_IU3,LT,2025,12.77 ,12.77
A,I_DSK2_N,PC_IND_IU3,LU,2025,10.80 ,10.8
A,I_DSK2_N,PC_IND_IU3,LV,2025,15.18 ,15.18
A,I_DSK2_N,PC_IND_IU3,ME,2025,13.46 ,13.46
A,I_DSK2_N,PC_IND_IU3,MK,2025,20.90 ,20.9
A,I_DSK2_N,PC_IND_IU3,MT,2025,9.27 ,9.27
A,I_DSK2_N,PC_IND_IU3,NL,2025,4.06 ,4.06
A,I_DSK2_N,PC_IND_IU3,NL1,2025,4.95 ,4.95
A,I_DSK2_N,PC_IND_IU3,NL2,2025,3.89 ,3.89
A,I_DSK2_N,PC_IND_IU3,NL3,2025,3.68 ,3.68
A,I_DSK2_N,PC_IND_IU3,NL4,2025,4.68 ,4.68
A,I_DSK2_N,PC_IND_IU3,NO,2025,3.44 ,3.44
A,I_DSK2_N,PC_IND_IU3,PL,2025,12.16 ,12.16
A,I_DSK2_N,PC_IND_IU3,PL2,2025,12.30 ,12.3
A,I_DSK2_N,PC_IND_IU3,PL4,2025,10.66 ,10.66
A,I_DSK2_N,PC_IND_IU3,PL5,2025,12.51 ,12.51
A,I_DSK2_N,PC_IND_IU3,PL6,2025,12.06 ,12.06
A,I_DSK2_N,PC_IND_IU3,PL7,2025,14.25 ,14.25
A,I_DSK2_N,PC_IND_IU3,PL8,2025,16.48 ,16.48
A,I_DSK2_N,PC_IND_IU3,PL9,2025,7.58 ,7.58
A,I_DSK2_N,PC_IND_IU3,PT,2025,8.78 ,8.78
A,I_DSK2_N,PC_IND_IU3,PT1,2025,8.68 ,8.68
A,I_DSK2_N,PC_IND_IU3,PT2,2025,9.82 ,9.82
A,I_DSK2_N,PC_IND_IU3,PT3,2025,11.96 ,11.96
A,I_DSK2_N,PC_IND_IU3,RO,2025,21.16 ,21.16
A,I_DSK2_N,PC_IND_IU3,RO1,2025,20.55 ,20.55
A,I_DSK2_N,PC_IND_IU3,RO2,2025,19.82 ,19.82
A,I_DSK2_N,PC_IND_IU3,RO3,2025,19.61 ,19.61
A,I_DSK2_N,PC_IND_IU3,RO4,2025,26.31 ,26.31
A,I_DSK2_N,PC_IND_IU3,RS,2025,10.58 ,10.58
A,I_DSK2_N,PC_IND_IU3,RS1,2025,10.39 ,10.39
A,I_DSK2_N,PC_IND_IU3,RS2,2025,10.79 ,10.79
A,I_DSK2_N,PC_IND_IU3,SE,2025,7.63 ,7.63
A,I_DSK2_N,PC_IND_IU3,SE1,2025,7.42 ,7.42
A,I_DSK2_N,PC_IND_IU3,SE2,2025,7.32 ,7.32
A,I_DSK2_N,PC_IND_IU3,SE3,2025,8.95 ,8.95
A,I_DSK2_N,PC_IND_IU3,SI,2025,13.53 ,13.53
A,I_DSK2_N,PC_IND_IU3,SK,2025,13.32 ,13.32
A,I_DSK2_N,PC_IND_IU3,TR,2025,20.60 ,20.6
A,I_DSK2_N,PC_IND_IU3,TR1,2025,17.15 ,17.15
A,I_DSK2_N,PC_IND_IU3,TR2,2025,17.90 ,17.9
A,I_DSK2_N,PC_IND_IU3,TR3,2025,23.18 ,23.18
A,I_DSK2_N,PC_IND_IU3,TR4,2025,13.96 ,13.96
A,I_DSK2_N,PC_IND_IU3,TR5,2025,14.02 ,14.02
A,I_DSK2_N,PC_IND_IU3,TR6,2025,21.86 ,21.86
A,I_DSK2_N,PC_IND_IU3,TR7,2025,27.62 ,27.62
A,I_DSK2_N,PC_IND_IU3,TR8,2025,22.45 ,22.45
A,I_DSK2_N,PC_IND_IU3,TR9,2025,21.90 ,21.9
A,I_DSK2_N,PC_IND_IU3,TRA,2025,29.93 ,29.93
A,I_DSK2_N,PC_IND_IU3,TRB,2025,26.28 ,26.28
A,I_DSK2_N,PC_IND_IU3,TRC,2025,29.46 ,29.46
A,I_DSK2_N,PC_IND_IU3,XK,2025,5.04 ,5.04
A,I_DSK2_NA,PC_IND,AL,2025,12.82 ,12.82
A,I_DSK2_NA,PC_IND,AT,2025,4.70 ,4.7
A,I_DSK2_NA,PC_IND,AT1,2025,3.29 ,3.29
A,I_DSK2_NA,PC_IND,AT2,2025,6.38 ,6.38
A,I_DSK2_NA,PC_IND,AT3,2025,5.50 ,5.5
A,I_DSK2_NA,PC_IND,BA,2025,9.89 ,9.89
A,I_DSK2_NA,PC_IND,BE,2025,3.54 ,3.54
A,I_DSK2_NA,PC_IND,BE1,2025,5.48 ,5.48
A,I_DSK2_NA,PC_IND,BE2,2025,3.03 ,3.03
A,I_DSK2_NA,PC_IND,BE3,2025,3.82 ,3.82
A,I_DSK2_NA,PC_IND,BG,2025,13.15 ,13.15
A,I_DSK2_NA,PC_IND,BG3,2025,14.09 ,14.09
A,I_DSK2_NA,PC_IND,BG4,2025,12.30 ,12.3
A,I_DSK2_NA,PC_IND,CH,2025,1.08 ,1.08
A,I_DSK2_NA,PC_IND,CY,2025,6.21 ,6.21
A,I_DSK2_NA,PC_IND,CZ,2025,5.48 ,5.48
A,I_DSK2_NA,PC_IND,DE,2025,5.42 ,5.42
A,I_DSK2_NA,PC_IND,DE1,2025,4.06 ,4.06
A,I_DSK2_NA,PC_IND,DE2,2025,5.28 ,5.28
A,I_DSK2_NA,PC_IND,DE3,2025,6.95 ,6.95
A,I_DSK2_NA,PC_IND,DE4,2025,9.60 ,9.6
A,I_DSK2_NA,PC_IND,DE6,2025,3.55 ,3.55
A,I_DSK2_NA,PC_IND,DE7,2025,4.48 ,4.48
A,I_DSK2_NA,PC_IND,DE8,2025,6.41 u,6.41
A,I_DSK2_NA,PC_IND,DE9,2025,4.89 ,4.89
A,I_DSK2_NA,PC_IND,DEA,2025,5.30 ,5.3
A,I_DSK2_NA,PC_IND,DED,2025,4.95 ,4.95
A,I_DSK2_NA,PC_IND,DEE,2025,10.10 ,10.1
A,I_DSK2_NA,PC_IND,DEF,2025,5.29 ,5.29
A,I_DSK2_NA,PC_IND,DK,2025,0.29 ,0.29
A,I_DSK2_NA,PC_IND,EE,2025,5.14 ,5.14
A,I_DSK2_NA,PC_IND,EL,2025,10.85 ,10.85
A,I_DSK2_NA,PC_IND,EL3,2025,5.68 ,5.68
A,I_DSK2_NA,PC_IND,EL4,2025,13.88 ,13.88
A,I_DSK2_NA,PC_IND,EL5,2025,10.60 ,10.6
A,I_DSK2_NA,PC_IND,EL6,2025,17.80 ,17.8
A,I_DSK2_NA,PC_IND,ES,2025,3.66 ,3.66
A,I_DSK2_NA,PC_IND,ES1,2025,5.83 ,5.83
A,I_DSK2_NA,PC_IND,ES2,2025,3.66 ,3.66
A,I_DSK2_NA,PC_IND,ES3,2025,1.94 ,1.94
A,I_DSK2_NA,PC_IND,ES4,2025,4.86 ,4.86
A,I_DSK2_NA,PC_IND,ES5,2025,2.43 ,2.43
A,I_DSK2_NA,PC_IND,ES6,2025,5.10 ,5.1
A,I_DSK2_NA,PC_IND,ES7,2025,3.63 ,3.63
A,I_DSK2_NA,PC_IND,FI,2025,1.92 ,1.92
A,I_DSK2_NA,PC_IND,FR,2025,5.02 ,5.02
A,I_DSK2_NA,PC_IND,FR1,2025,3.50 u,3.5
A,I_DSK2_NA,PC_IND,FRB,2025,4.54 u,4.54
A,I_DSK2_NA,PC_IND,FRC,2025,7.51 u,7.51
A,I_DSK2_NA,PC_IND,FRD,2025,4.99 u,4.99
A,I_DSK2_NA,PC_IND,FRE,2025,6.50 u,6.5
A,I_DSK2_NA,PC_IND,FRF,2025,6.30 u,6.3
A,I_DSK2_NA,PC_IND,FRG,2025,3.73 u,3.73
A,I_DSK2_NA,PC_IND,FRH,2025,4.69 u,4.69
A,I_DSK2_NA,PC_IND,FRI,2025,4.54 u,4.54
A,I_DSK2_NA,PC_IND,FRJ,2025,5.15 u,5.15
A,I_DSK2_NA,PC_IND,FRK,2025,4.80 u,4.8
A,I_DSK2_NA,PC_IND,FRL,2025,4.21 u,4.21
A,I_DSK2_NA,PC_IND,FRM,2025,7.56 u,7.56
A,I_DSK2_NA,PC_IND,FRY,2025,11.27 u,11.27
A,I_DSK2_NA,PC_IND,HR,2025,14.10 ,14.1
A,I_DSK2_NA,PC_IND,HU,2025,7.20 ,7.2
A,I_DSK2_NA,PC_IND,HU1,2025,4.80 ,4.8
A,I_DSK2_NA,PC_IND,HU2,2025,7.37 ,7.37
A,I_DSK2_NA,PC_IND,HU3,2025,9.08 ,9.08
A,I_DSK2_NA,PC_IND,IE,2025,0.22 ,0.22
A,I_DSK2_NA,PC_IND,IT,2025,9.68 ,9.68
A,I_DSK2_NA,PC_IND,ITC,2025,7.09 ,7.09
A,I_DSK2_NA,PC_IND,ITF,2025,15.30 ,15.3
A,I_DSK2_NA,PC_IND,ITG,2025,13.32 ,13.32
A,I_DSK2_NA,PC_IND,ITH,2025,7.50 ,7.5
A,I_DSK2_NA,PC_IND,ITI,2025,6.84 ,6.84
A,I_DSK2_NA,PC_IND,LT,2025,10.70 ,10.7
A,I_DSK2_NA,PC_IND,LU,2025,0.87 ,0.87
A,I_DSK2_NA,PC_IND,LV,2025,5.47 ,5.47
A,I_DSK2_NA,PC_IND,ME,2025,5.78 ,5.78
A,I_DSK2_NA,PC_IND,MK,2025,7.86 ,7.86
A,I_DSK2_NA,PC_IND,MT,2025,3.99 ,3.99
A,I_DSK2_NA,PC_IND,NL,2025,0.29 ,0.29
A,I_DSK2_NA,PC_IND,NL1,2025,0.14 ,0.14
A,I_DSK2_NA,PC_IND,NL2,2025,0.22 ,0.22
A,I_DSK2_NA,PC_IND,NL3,2025,0.23 ,0.23
A,I_DSK2_NA,PC_IND,NL4,2025,0.58 ,0.58
A,I_DSK2_NA,PC_IND,NO,2025,1.18 ,1.18
A,I_DSK2_NA,PC_IND,PL,2025,10.35 ,10.35
A,I_DSK2_NA,PC_IND,PL2,2025,9.90 ,9.9
A,I_DSK2_NA,PC_IND,PL4,2025,8.84 ,8.84
A,I_DSK2_NA,PC_IND,PL5,2025,6.47 ,6.47
A,I_DSK2_NA,PC_IND,PL6,2025,10.92 ,10.92
A,I_DSK2_NA,PC_IND,PL7,2025,15.09 ,15.09
A,I_DSK2_NA,PC_IND,PL8,2025,12.46 ,12.46
A,I_DSK2_NA,PC_IND,PL9,2025,8.83 ,8.83
A,I_DSK2_NA,PC_IND,PT,2025,10.55 ,10.55
A,I_DSK2_NA,PC_IND,PT1,2025,10.51 ,10.51
A,I_DSK2_NA,PC_IND,PT2,2025,10.82 ,10.82
A,I_DSK2_NA,PC_IND,PT3,2025,11.67 ,11.67
A,I_DSK2_NA,PC_IND,RO,2025,6.85 ,6.85
A,I_DSK2_NA,PC_IND,RO1,2025,5.90 ,5.9
A,I_DSK2_NA,PC_IND,RO2,2025,7.81 ,7.81
A,I_DSK2_NA,PC_IND,RO3,2025,6.63 ,6.63
A,I_DSK2_NA,PC_IND,RO4,2025,6.97 ,6.97
A,I_DSK2_NA,PC_IND,RS,2025,9.96 ,9.96
A,I_DSK2_NA,PC_IND,RS1,2025,8.26 ,8.26
A,I_DSK2_NA,PC_IND,RS2,2025,11.77 ,11.77
A,I_DSK2_NA,PC_IND,SE,2025,1.75 ,1.75
A,I_DSK2_NA,PC_IND,SE1,2025,2.01 ,2.01
A,I_DSK2_NA,PC_IND,SE2,2025,1.49 ,1.49
A,I_DSK2_NA,PC_IND,SE3,2025,1.76 ,1.76
A,I_DSK2_NA,PC_IND,SI,2025,8.43 ,8.43
A,I_DSK2_NA,PC_IND,SK,2025,7.51 ,7.51
A,I_DSK2_NA,PC_IND,TR,2025,10.23 ,10.23
A,I_DSK2_NA,PC_IND,TR1,2025,3.84 ,3.84
A,I_DSK2_NA,PC_IND,TR2,2025,12.38 ,12.38
A,I_DSK2_NA,PC_IND,TR3,2025,11.32 ,11.32
A,I_DSK2_NA,PC_IND,TR4,2025,7.33 ,7.33
A,I_DSK2_NA,PC_IND,TR5,2025,9.68 ,9.68
A,I_DSK2_NA,PC_IND,TR6,2025,10.75 ,10.75
A,I_DSK2_NA,PC_IND,TR7,2025,11.46 ,11.46
A,I_DSK2_NA,PC_IND,TR8,2025,13.09 ,13.09
A,I_DSK2_NA,PC_IND,TR9,2025,15.17 ,15.17
A,I_DSK2_NA,PC_IND,TRA,2025,15.80 ,15.8
A,I_DSK2_NA,PC_IND,TRB,2025,21.38 ,21.38
A,I_DSK2_NA,PC_IND,TRC,2025,13.37 ,13.37
A,I_DSK2_NA,PC_IND,XK,2025,1.53 ,1.53
A,I_DSK2_PS_AB,PC_IND,AL,2025,30.49 ,30.49
A,I_DSK2_PS_AB,PC_IND,AT,2025,67.75 ,67.75
A,I_DSK2_PS_AB,PC_IND,AT1,2025,70.52 ,70.52
A,I_DSK2_PS_AB,PC_IND,AT2,2025,64.64 ,64.64
A,I_DSK2_PS_AB,PC_IND,AT3,2025,66.06 ,66.06
A,I_DSK2_PS_AB,PC_IND,BA,2025,36.14 ,36.14
A,I_DSK2_PS_AB,PC_IND,BE,2025,61.76 ,61.76
A,I_DSK2_PS_AB,PC_IND,BE1,2025,63.33 ,63.33
A,I_DSK2_PS_AB,PC_IND,BE2,2025,62.87 ,62.87
A,I_DSK2_PS_AB,PC_IND,BE3,2025,59.19 ,59.19
A,I_DSK2_PS_AB,PC_IND,BG,2025,34.03 ,34.03
A,I_DSK2_PS_AB,PC_IND,BG3,2025,29.44 ,29.44
A,I_DSK2_PS_AB,PC_IND,BG4,2025,38.25 ,38.25
A,I_DSK2_PS_AB,PC_IND,CH,2025,75.69 ,75.69
A,I_DSK2_PS_AB,PC_IND,CY,2025,58.69 ,58.69
A,I_DSK2_PS_AB,PC_IND,CZ,2025,66.15 ,66.15
A,I_DSK2_PS_AB,PC_IND,DE,2025,62.29 ,62.29
A,I_DSK2_PS_AB,PC_IND,DE1,2025,71.18 ,71.18
A,I_DSK2_PS_AB,PC_IND,DE2,2025,52.49 ,52.49
A,I_DSK2_PS_AB,PC_IND,DE3,2025,66.11 ,66.11
A,I_DSK2_PS_AB,PC_IND,DE4,2025,54.57 ,54.57
A,I_DSK2_PS_AB,PC_IND,DE6,2025,66.66 ,66.66
A,I_DSK2_PS_AB,PC_IND,DE7,2025,59.32 ,59.32
A,I_DSK2_PS_AB,PC_IND,DE8,2025,49.22 ,49.22
A,I_DSK2_PS_AB,PC_IND,DE9,2025,68.82 ,68.82
A,I_DSK2_PS_AB,PC_IND,DEA,2025,66.67 ,66.67
A,I_DSK2_PS_AB,PC_IND,DED,2025,57.36 ,57.36
A,I_DSK2_PS_AB,PC_IND,DEE,2025,38.63 ,38.63
A,I_DSK2_PS_AB,PC_IND,DEF,2025,66.89 ,66.89
A,I_DSK2_PS_AB,PC_IND,DK,2025,85.63 ,85.63
A,I_DSK2_PS_AB,PC_IND,EE,2025,67.80 ,67.8
A,I_DSK2_PS_AB,PC_IND,EL,2025,54.50 ,54.5
A,I_DSK2_PS_AB,PC_IND,EL3,2025,51.90 ,51.9
A,I_DSK2_PS_AB,PC_IND,EL4,2025,61.85 ,61.85
A,I_DSK2_PS_AB,PC_IND,EL5,2025,65.66 ,65.66
A,I_DSK2_PS_AB,PC_IND,EL6,2025,42.12 ,42.12
A,I_DSK2_PS_AB,PC_IND,ES,2025,67.33 ,67.33
A,I_DSK2_PS_AB,PC_IND,ES1,2025,63.45 ,63.45
A,I_DSK2_PS_AB,PC_IND,ES2,2025,66.38 ,66.38
A,I_DSK2_PS_AB,PC_IND,ES3,2025,72.03 ,72.03
A,I_DSK2_PS_AB,PC_IND,ES4,2025,60.75 ,60.75
A,I_DSK2_PS_AB,PC_IND,ES5,2025,70.61 ,70.61
A,I_DSK2_PS_AB,PC_IND,ES6,2025,65.63 ,65.63
A,I_DSK2_PS_AB,PC_IND,ES7,2025,64.20 ,64.2
A,I_DSK2_PS_AB,PC_IND,FI,2025,82.58 ,82.58
A,I_DSK2_PS_AB,PC_IND,FR,2025,67.49 ,67.49
A,I_DSK2_PS_AB,PC_IND,FR1,2025,72.47 u,72.47
A,I_DSK2_PS_AB,PC_IND,FRB,2025,67.34 u,67.34
A,I_DSK2_PS_AB,PC_IND,FRC,2025,64.61 u,64.61
A,I_DSK2_PS_AB,PC_IND,FRD,2025,66.77 u,66.77
A,I_DSK2_PS_AB,PC_IND,FRE,2025,63.12 u,63.12
A,I_DSK2_PS_AB,PC_IND,FRF,2025,63.94 u,63.94
A,I_DSK2_PS_AB,PC_IND,FRG,2025,72.67 u,72.67
A,I_DSK2_PS_AB,PC_IND,FRH,2025,65.36 u,65.36
A,I_DSK2_PS_AB,PC_IND,FRI,2025,66.48 u,66.48
A,I_DSK2_PS_AB,PC_IND,FRJ,2025,65.20 u,65.2
A,I_DSK2_PS_AB,PC_IND,FRK,2025,71.21 u,71.21
A,I_DSK2_PS_AB,PC_IND,FRL,2025,67.65 u,67.65
A,I_DSK2_PS_AB,PC_IND,FRM,2025,64.11 u,64.11
A,I_DSK2_PS_AB,PC_IND,FRY,2025,51.60 u,51.6
A,I_DSK2_PS_AB,PC_IND,HR,2025,54.64 ,54.64
A,I_DSK2_PS_AB,PC_IND,HU,2025,61.82 ,61.82
A,I_DSK2_PS_AB,PC_IND,HU1,2025,73.54 ,73.54
A,I_DSK2_PS_AB,PC_IND,HU2,2025,58.05 ,58.05
A,I_DSK2_PS_AB,PC_IND,HU3,2025,54.92 ,54.92
A,I_DSK2_PS_AB,PC_IND,IE,2025,87.42 ,87.42
A,I_DSK2_PS_AB,PC_IND,IT,2025,54.85 ,54.85
A,I_DSK2_PS_AB,PC_IND,ITC,2025,61.46 ,61.46
A,I_DSK2_PS_AB,PC_IND,ITF,2025,43.27 ,43.27
A,I_DSK2_PS_AB,PC_IND,ITG,2025,47.63 ,47.63
A,I_DSK2_PS_AB,PC_IND,ITH,2025,60.26 ,60.26
A,I_DSK2_PS_AB,PC_IND,ITI,2025,57.90 ,57.9
A,I_DSK2_PS_AB,PC_IND,LT,2025,57.50 ,57.5
A,I_DSK2_PS_AB,PC_IND,LU,2025,64.86 ,64.86
A,I_DSK2_PS_AB,PC_IND,LV,2025,55.52 ,55.52
A,I_DSK2_PS_AB,PC_IND,ME,2025,26.47 ,26.47
A,I_DSK2_PS_AB,PC_IND,MK,2025,25.86 ,25.86
A,I_DSK2_PS_AB,PC_IND,MT,2025,67.28 ,67.28
A,I_DSK2_PS_AB,PC_IND,NL,2025,89.63 ,89.63
A,I_DSK2_PS_AB,PC_IND,NL1,2025,87.92 ,87.92
A,I_DSK2_PS_AB,PC_IND,NL2,2025,87.73 ,87.73
A,I_DSK2_PS_AB,PC_IND,NL3,2025,90.56 ,90.56
A,I_DSK2_PS_AB,PC_IND,NL4,2025,90.21 ,90.21
A,I_DSK2_PS_AB,PC_IND,NO,2025,86.03 ,86.03
A,I_DSK2_PS_AB,PC_IND,PL,2025,55.22 ,55.22
A,I_DSK2_PS_AB,PC_IND,PL2,2025,56.84 ,56.84
A,I_DSK2_PS_AB,PC_IND,PL4,2025,54.92 ,54.92
A,I_DSK2_PS_AB,PC_IND,PL5,2025,63.35 ,63.35
A,I_DSK2_PS_AB,PC_IND,PL6,2025,51.54 ,51.54
A,I_DSK2_PS_AB,PC_IND,PL7,2025,49.95 ,49.95
A,I_DSK2_PS_AB,PC_IND,PL8,2025,46.85 ,46.85
A,I_DSK2_PS_AB,PC_IND,PL9,2025,64.11 ,64.11
A,I_DSK2_PS_AB,PC_IND,PT,2025,47.25 ,47.25
A,I_DSK2_PS_AB,PC_IND,PT1,2025,47.77 ,47.77
A,I_DSK2_PS_AB,PC_IND,PT2,2025,37.44 ,37.44
A,I_DSK2_PS_AB,PC_IND,PT3,2025,36.88 ,36.88
A,I_DSK2_PS_AB,PC_IND,RO,2025,27.41 ,27.41
A,I_DSK2_PS_AB,PC_IND,RO1,2025,28.77 ,28.77
A,I_DSK2_PS_AB,PC_IND,RO2,2025,24.68 ,24.68
A,I_DSK2_PS_AB,PC_IND,RO3,2025,32.33 ,32.33
A,I_DSK2_PS_AB,PC_IND,RO4,2025,22.61 ,22.61
A,I_DSK2_PS_AB,PC_IND,RS,2025,46.91 ,46.91
A,I_DSK2_PS_AB,PC_IND,RS1,2025,49.61 ,49.61
A,I_DSK2_PS_AB,PC_IND,RS2,2025,44.01 ,44.01
A,I_DSK2_PS_AB,PC_IND,SE,2025,78.44 ,78.44
A,I_DSK2_PS_AB,PC_IND,SE1,2025,79.36 ,79.36
A,I_DSK2_PS_AB,PC_IND,SE2,2025,78.34 ,78.34
A,I_DSK2_PS_AB,PC_IND,SE3,2025,76.49 ,76.49
A,I_DSK2_PS_AB,PC_IND,SI,2025,52.25 ,52.25
A,I_DSK2_PS_AB,PC_IND,SK,2025,52.03 ,52.03
A,I_DSK2_PS_AB,PC_IND,TR,2025,37.09 ,37.09
A,I_DSK2_PS_AB,PC_IND,TR1,2025,48.01 ,48.01
A,I_DSK2_PS_AB,PC_IND,TR2,2025,34.11 ,34.11
A,I_DSK2_PS_AB,PC_IND,TR3,2025,34.93 ,34.93
A,I_DSK2_PS_AB,PC_IND,TR4,2025,45.63 ,45.63
A,I_DSK2_PS_AB,PC_IND,TR5,2025,41.60 ,41.6
A,I_DSK2_PS_AB,PC_IND,TR6,2025,32.10 ,32.1
A,I_DSK2_PS_AB,PC_IND,TR7,2025,27.04 ,27.04
A,I_DSK2_PS_AB,PC_IND,TR8,2025,31.76 ,31.76
A,I_DSK2_PS_AB,PC_IND,TR9,2025,30.74 ,30.74
A,I_DSK2_PS_AB,PC_IND,TRA,2025,29.22 ,29.22
A,I_DSK2_PS_AB,PC_IND,TRB,2025,28.12 ,28.12
A,I_DSK2_PS_AB,PC_IND,TRC,2025,28.23 ,28.23
A,I_DSK2_PS_AB,PC_IND,XK,2025,38.17 ,38.17
A,I_DSK2_PS_AB,PC_IND_IU3,AL,2025,34.97 ,34.97
A,I_DSK2_PS_AB,PC_IND_IU3,AT,2025,71.09 ,71.09
A,I_DSK2_PS_AB,PC_IND_IU3,AT1,2025,72.92 ,72.92
A,I_DSK2_PS_AB,PC_IND_IU3,AT2,2025,69.04 ,69.04
A,I_DSK2_PS_AB,PC_IND_IU3,AT3,2025,69.90 ,69.9
A,I_DSK2_PS_AB,PC_IND_IU3,BA,2025,40.10 ,40.1
A,I_DSK2_PS_AB,PC_IND_IU3,BE,2025,64.02 ,64.02
A,I_DSK2_PS_AB,PC_IND_IU3,BE1,2025,67.00 ,67.0
A,I_DSK2_PS_AB,PC_IND_IU3,BE2,2025,64.83 ,64.83
A,I_DSK2_PS_AB,PC_IND_IU3,BE3,2025,61.54 ,61.54
A,I_DSK2_PS_AB,PC_IND_IU3,BG,2025,39.19 ,39.19
A,I_DSK2_PS_AB,PC_IND_IU3,BG3,2025,34.26 ,34.26
A,I_DSK2_PS_AB,PC_IND_IU3,BG4,2025,43.62 ,43.62
A,I_DSK2_PS_AB,PC_IND_IU3,CH,2025,76.52 ,76.52
A,I_DSK2_PS_AB,PC_IND_IU3,CY,2025,62.58 ,62.58
A,I_DSK2_PS_AB,PC_IND_IU3,CZ,2025,69.98 ,69.98
A,I_DSK2_PS_AB,PC_IND_IU3,DE,2025,65.86 ,65.86
A,I_DSK2_PS_AB,PC_IND_IU3,DE1,2025,74.19 ,74.19
A,I_DSK2_PS_AB,PC_IND_IU3,DE2,2025,55.41 ,55.41
A,I_DSK2_PS_AB,PC_IND_IU3,DE3,2025,71.04 ,71.04
A,I_DSK2_PS_AB,PC_IND_IU3,DE4,2025,60.37 ,60.37
A,I_DSK2_PS_AB,PC_IND_IU3,DE6,2025,69.11 ,69.11
A,I_DSK2_PS_AB,PC_IND_IU3,DE7,2025,62.11 ,62.11
A,I_DSK2_PS_AB,PC_IND_IU3,DE8,2025,52.59 ,52.59
A,I_DSK2_PS_AB,PC_IND_IU3,DE9,2025,72.36 ,72.36
A,I_DSK2_PS_AB,PC_IND_IU3,DEA,2025,70.40 ,70.4
A,I_DSK2_PS_AB,PC_IND_IU3,DED,2025,60.35 ,60.35
A,I_DSK2_PS_AB,PC_IND_IU3,DEE,2025,42.97 ,42.97
A,I_DSK2_PS_AB,PC_IND_IU3,DEF,2025,70.63 ,70.63
A,I_DSK2_PS_AB,PC_IND_IU3,DK,2025,85.88 ,85.88
A,I_DSK2_PS_AB,PC_IND_IU3,EE,2025,71.47 ,71.47
A,I_DSK2_PS_AB,PC_IND_IU3,EL,2025,61.13 ,61.13
A,I_DSK2_PS_AB,PC_IND_IU3,EL3,2025,55.03 ,55.03
A,I_DSK2_PS_AB,PC_IND_IU3,EL4,2025,71.82 ,71.82
A,I_DSK2_PS_AB,PC_IND_IU3,EL5,2025,73.44 ,73.44
A,I_DSK2_PS_AB,PC_IND_IU3,EL6,2025,51.24 ,51.24
A,I_DSK2_PS_AB,PC_IND_IU3,ES,2025,69.89 ,69.89
A,I_DSK2_PS_AB,PC_IND_IU3,ES1,2025,67.37 ,67.37
A,I_DSK2_PS_AB,PC_IND_IU3,ES2,2025,68.90 ,68.9
A,I_DSK2_PS_AB,PC_IND_IU3,ES3,2025,73.45 ,73.45
A,I_DSK2_PS_AB,PC_IND_IU3,ES4,2025,63.86 ,63.86
A,I_DSK2_PS_AB,PC_IND_IU3,ES5,2025,72.37 ,72.37
A,I_DSK2_PS_AB,PC_IND_IU3,ES6,2025,69.15 ,69.15
A,I_DSK2_PS_AB,PC_IND_IU3,ES7,2025,66.62 ,66.62
A,I_DSK2_PS_AB,PC_IND_IU3,FI,2025,84.20 ,84.2
A,I_DSK2_PS_AB,PC_IND_IU3,FR,2025,71.06 ,71.06
A,I_DSK2_PS_AB,PC_IND_IU3,FR1,2025,75.10 u,75.1
A,I_DSK2_PS_AB,PC_IND_IU3,FRB,2025,70.54 u,70.54
A,I_DSK2_PS_AB,PC_IND_IU3,FRC,2025,69.86 u,69.86
A,I_DSK2_PS_AB,PC_IND_IU3,FRD,2025,70.28 u,70.28
A,I_DSK2_PS_AB,PC_IND_IU3,FRE,2025,67.51 u,67.51
A,I_DSK2_PS_AB,PC_IND_IU3,FRF,2025,68.24 u,68.24
A,I_DSK2_PS_AB,PC_IND_IU3,FRG,2025,75.49 u,75.49
A,I_DSK2_PS_AB,PC_IND_IU3,FRH,2025,68.57 u,68.57
A,I_DSK2_PS_AB,PC_IND_IU3,FRI,2025,69.64 u,69.64
A,I_DSK2_PS_AB,PC_IND_IU3,FRJ,2025,68.74 u,68.74
A,I_DSK2_PS_AB,PC_IND_IU3,FRK,2025,74.80 u,74.8
A,I_DSK2_PS_AB,PC_IND_IU3,FRL,2025,70.62 u,70.62
A,I_DSK2_PS_AB,PC_IND_IU3,FRM,2025,69.35 u,69.35
A,I_DSK2_PS_AB,PC_IND_IU3,FRY,2025,58.15 u,58.15
A,I_DSK2_PS_AB,PC_IND_IU3,HR,2025,63.60 ,63.6
A,I_DSK2_PS_AB,PC_IND_IU3,HU,2025,66.61 ,66.61
A,I_DSK2_PS_AB,PC_IND_IU3,HU1,2025,77.24 ,77.24
A,I_DSK2_PS_AB,PC_IND_IU3,HU2,2025,62.67 ,62.67
A,I_DSK2_PS_AB,PC_IND_IU3,HU3,2025,60.40 ,60.4
A,I_DSK2_PS_AB,PC_IND_IU3,IE,2025,87.62 ,87.62
A,I_DSK2_PS_AB,PC_IND_IU3,IT,2025,60.73 ,60.73
A,I_DSK2_PS_AB,PC_IND_IU3,ITC,2025,66.15 ,66.15
A,I_DSK2_PS_AB,PC_IND_IU3,ITF,2025,51.08 ,51.08
A,I_DSK2_PS_AB,PC_IND_IU3,ITG,2025,54.94 ,54.94
A,I_DSK2_PS_AB,PC_IND_IU3,ITH,2025,65.15 ,65.15
A,I_DSK2_PS_AB,PC_IND_IU3,ITI,2025,62.14 ,62.14
A,I_DSK2_PS_AB,PC_IND_IU3,LT,2025,64.39 ,64.39
A,I_DSK2_PS_AB,PC_IND_IU3,LU,2025,65.43 ,65.43
A,I_DSK2_PS_AB,PC_IND_IU3,LV,2025,58.73 ,58.73
A,I_DSK2_PS_AB,PC_IND_IU3,ME,2025,28.09 ,28.09
A,I_DSK2_PS_AB,PC_IND_IU3,MK,2025,28.07 ,28.07
A,I_DSK2_PS_AB,PC_IND_IU3,MT,2025,70.07 ,70.07
A,I_DSK2_PS_AB,PC_IND_IU3,NL,2025,89.90 ,89.9
A,I_DSK2_PS_AB,PC_IND_IU3,NL1,2025,88.04 ,88.04
A,I_DSK2_PS_AB,PC_IND_IU3,NL2,2025,87.93 ,87.93
A,I_DSK2_PS_AB,PC_IND_IU3,NL3,2025,90.76 ,90.76
A,I_DSK2_PS_AB,PC_IND_IU3,NL4,2025,90.74 ,90.74
A,I_DSK2_PS_AB,PC_IND_IU3,NO,2025,87.06 ,87.06
A,I_DSK2_PS_AB,PC_IND_IU3,PL,2025,61.59 ,61.59
A,I_DSK2_PS_AB,PC_IND_IU3,PL2,2025,63.09 ,63.09
A,I_DSK2_PS_AB,PC_IND_IU3,PL4,2025,60.24 ,60.24
A,I_DSK2_PS_AB,PC_IND_IU3,PL5,2025,67.73 ,67.73
A,I_DSK2_PS_AB,PC_IND_IU3,PL6,2025,57.86 ,57.86
A,I_DSK2_PS_AB,PC_IND_IU3,PL7,2025,58.82 ,58.82
A,I_DSK2_PS_AB,PC_IND_IU3,PL8,2025,53.52 ,53.52
A,I_DSK2_PS_AB,PC_IND_IU3,PL9,2025,70.31 ,70.31
A,I_DSK2_PS_AB,PC_IND_IU3,PT,2025,52.83 ,52.83
A,I_DSK2_PS_AB,PC_IND_IU3,PT1,2025,53.38 ,53.38
A,I_DSK2_PS_AB,PC_IND_IU3,PT2,2025,41.98 ,41.98
A,I_DSK2_PS_AB,PC_IND_IU3,PT3,2025,41.75 ,41.75
A,I_DSK2_PS_AB,PC_IND_IU3,RO,2025,29.43 ,29.43
A,I_DSK2_PS_AB,PC_IND_IU3,RO1,2025,30.57 ,30.57
A,I_DSK2_PS_AB,PC_IND_IU3,RO2,2025,26.77 ,26.77
A,I_DSK2_PS_AB,PC_IND_IU3,RO3,2025,34.62 ,34.62
A,I_DSK2_PS_AB,PC_IND_IU3,RO4,2025,24.31 ,24.31
A,I_DSK2_PS_AB,PC_IND_IU3,RS,2025,52.09 ,52.09
A,I_DSK2_PS_AB,PC_IND_IU3,RS1,2025,54.08 ,54.08
A,I_DSK2_PS_AB,PC_IND_IU3,RS2,2025,49.88 ,49.88
A,I_DSK2_PS_AB,PC_IND_IU3,SE,2025,79.84 ,79.84
A,I_DSK2_PS_AB,PC_IND_IU3,SE1,2025,80.98 ,80.98
A,I_DSK2_PS_AB,PC_IND_IU3,SE2,2025,79.52 ,79.52
A,I_DSK2_PS_AB,PC_IND_IU3,SE3,2025,77.86 ,77.86
A,I_DSK2_PS_AB,PC_IND_IU3,SI,2025,57.06 ,57.06
A,I_DSK2_PS_AB,PC_IND_IU3,SK,2025,56.25 ,56.25
A,I_DSK2_PS_AB,PC_IND_IU3,TR,2025,41.31 ,41.31
A,I_DSK2_PS_AB,PC_IND_IU3,TR1,2025,49.93 ,49.93
A,I_DSK2_PS_AB,PC_IND_IU3,TR2,2025,38.93 ,38.93
A,I_DSK2_PS_AB,PC_IND_IU3,TR3,2025,39.38 ,39.38
A,I_DSK2_PS_AB,PC_IND_IU3,TR4,2025,49.23 ,49.23
A,I_DSK2_PS_AB,PC_IND_IU3,TR5,2025,46.05 ,46.05
A,I_DSK2_PS_AB,PC_IND_IU3,TR6,2025,35.96 ,35.96
A,I_DSK2_PS_AB,PC_IND_IU3,TR7,2025,30.54 ,30.54
A,I_DSK2_PS_AB,PC_IND_IU3,TR8,2025,36.54 ,36.54
A,I_DSK2_PS_AB,PC_IND_IU3,TR9,2025,36.23 ,36.23
A,I_DSK2_PS_AB,PC_IND_IU3,TRA,2025,34.70 ,34.7
A,I_DSK2_PS_AB,PC_IND_IU3,TRB,2025,35.76 ,35.76
A,I_DSK2_PS_AB,PC_IND_IU3,TRC,2025,32.58 ,32.58
A,I_DSK2_PS_AB,PC_IND_IU3,XK,2025,38.76 ,38.76
A,I_DSK2_PS_B,PC_IND,AL,2025,28.87 ,28.87
A,I_DSK2_PS_B,PC_IND,AT,2025,20.91 ,20.91
A,I_DSK2_PS_B,PC_IND,AT1,2025,19.87 ,19.87
A,I_DSK2_PS_B,PC_IND,AT2,2025,21.24 ,21.24
A,I_DSK2_PS_B,PC_IND,AT3,2025,22.01 ,22.01
A,I_DSK2_PS_B,PC_IND,BA,2025,30.62 ,30.62
A,I_DSK2_PS_B,PC_IND,BE,2025,30.16 ,30.16
A,I_DSK2_PS_B,PC_IND,BE1,2025,24.48 ,24.48
A,I_DSK2_PS_B,PC_IND,BE2,2025,30.47 ,30.47
A,I_DSK2_PS_B,PC_IND,BE3,2025,31.53 ,31.53
A,I_DSK2_PS_B,PC_IND,BG,2025,30.27 ,30.27
A,I_DSK2_PS_B,PC_IND,BG3,2025,30.89 ,30.89
A,I_DSK2_PS_B,PC_IND,BG4,2025,29.70 ,29.7
A,I_DSK2_PS_B,PC_IND,CH,2025,18.97 ,18.97
A,I_DSK2_PS_B,PC_IND,CY,2025,27.39 ,27.39
A,I_DSK2_PS_B,PC_IND,CZ,2025,24.64 ,24.64
A,I_DSK2_PS_B,PC_IND,DE,2025,26.35 ,26.35
A,I_DSK2_PS_B,PC_IND,DE1,2025,19.89 ,19.89
A,I_DSK2_PS_B,PC_IND,DE2,2025,35.21 ,35.21
A,I_DSK2_PS_B,PC_IND,DE3,2025,23.21 ,23.21
A,I_DSK2_PS_B,PC_IND,DE4,2025,31.76 ,31.76
A,I_DSK2_PS_B,PC_IND,DE6,2025,25.15 ,25.15
A,I_DSK2_PS_B,PC_IND,DE7,2025,28.55 ,28.55
A,I_DSK2_PS_B,PC_IND,DE8,2025,37.32 ,37.32
A,I_DSK2_PS_B,PC_IND,DE9,2025,22.52 ,22.52
A,I_DSK2_PS_B,PC_IND,DEA,2025,22.17 ,22.17
A,I_DSK2_PS_B,PC_IND,DED,2025,31.10 ,31.1
A,I_DSK2_PS_B,PC_IND,DEE,2025,38.86 ,38.86
A,I_DSK2_PS_B,PC_IND,DEF,2025,21.38 ,21.38
A,I_DSK2_PS_B,PC_IND,DK,2025,13.06 ,13.06
A,I_DSK2_PS_B,PC_IND,EE,2025,23.60 ,23.6
A,I_DSK2_PS_B,PC_IND,EL,2025,27.81 ,27.81
A,I_DSK2_PS_B,PC_IND,EL3,2025,34.05 ,34.05
A,I_DSK2_PS_B,PC_IND,EL4,2025,19.20 ,19.2
A,I_DSK2_PS_B,PC_IND,EL5,2025,19.11 ,19.11
A,I_DSK2_PS_B,PC_IND,EL6,2025,32.20 ,32.2
A,I_DSK2_PS_B,PC_IND,ES,2025,21.74 ,21.74
A,I_DSK2_PS_B,PC_IND,ES1,2025,23.08 ,23.08
A,I_DSK2_PS_B,PC_IND,ES2,2025,22.68 ,22.68
A,I_DSK2_PS_B,PC_IND,ES3,2025,19.80 ,19.8
A,I_DSK2_PS_B,PC_IND,ES4,2025,24.82 ,24.82
A,I_DSK2_PS_B,PC_IND,ES5,2025,20.87 ,20.87
A,I_DSK2_PS_B,PC_IND,ES6,2025,21.21 ,21.21
A,I_DSK2_PS_B,PC_IND,ES7,2025,24.05 ,24.05
A,I_DSK2_PS_B,PC_IND,FI,2025,14.72 ,14.72
A,I_DSK2_PS_B,PC_IND,FR,2025,23.47 ,23.47
A,I_DSK2_PS_B,PC_IND,FR1,2025,21.17 u,21.17
A,I_DSK2_PS_B,PC_IND,FRB,2025,23.41 u,23.41
A,I_DSK2_PS_B,PC_IND,FRC,2025,22.95 u,22.95
A,I_DSK2_PS_B,PC_IND,FRD,2025,24.66 u,24.66
A,I_DSK2_PS_B,PC_IND,FRE,2025,25.20 u,25.2
A,I_DSK2_PS_B,PC_IND,FRF,2025,26.22 u,26.22
A,I_DSK2_PS_B,PC_IND,FRG,2025,20.18 u,20.18
A,I_DSK2_PS_B,PC_IND,FRH,2025,24.57 u,24.57
A,I_DSK2_PS_B,PC_IND,FRI,2025,24.84 u,24.84
A,I_DSK2_PS_B,PC_IND,FRJ,2025,25.85 u,25.85
A,I_DSK2_PS_B,PC_IND,FRK,2025,20.36 u,20.36
A,I_DSK2_PS_B,PC_IND,FRL,2025,24.41 u,24.41
A,I_DSK2_PS_B,PC_IND,FRM,2025,23.89 u,23.89
A,I_DSK2_PS_B,PC_IND,FRY,2025,27.91 u,27.91
A,I_DSK2_PS_B,PC_IND,HR,2025,22.69 ,22.69
A,I_DSK2_PS_B,PC_IND,HU,2025,21.63 ,21.63
A,I_DSK2_PS_B,PC_IND,HU1,2025,15.45 ,15.45
A,I_DSK2_PS_B,PC_IND,HU2,2025,24.47 ,24.47
A,I_DSK2_PS_B,PC_IND,HU3,2025,24.59 ,24.59
A,I_DSK2_PS_B,PC_IND,IE,2025,11.51 ,11.51
A,I_DSK2_PS_B,PC_IND,IT,2025,23.32 ,23.32
A,I_DSK2_PS_B,PC_IND,ITC,2025,22.21 ,22.21
A,I_DSK2_PS_B,PC_IND,ITF,2025,25.27 ,25.27
A,I_DSK2_PS_B,PC_IND,ITG,2025,23.24 ,23.24
A,I_DSK2_PS_B,PC_IND,ITH,2025,22.45 ,22.45
A,I_DSK2_PS_B,PC_IND,ITI,2025,23.49 ,23.49
A,I_DSK2_PS_B,PC_IND,LT,2025,25.31 ,25.31
A,I_DSK2_PS_B,PC_IND,LU,2025,27.97 ,27.97
A,I_DSK2_PS_B,PC_IND,LV,2025,34.20 ,34.2
A,I_DSK2_PS_B,PC_IND,ME,2025,54.79 ,54.79
A,I_DSK2_PS_B,PC_IND,MK,2025,41.99 ,41.99
A,I_DSK2_PS_B,PC_IND,MT,2025,21.54 ,21.54
A,I_DSK2_PS_B,PC_IND,NL,2025,8.85 ,8.85
A,I_DSK2_PS_B,PC_IND,NL1,2025,10.59 ,10.59
A,I_DSK2_PS_B,PC_IND,NL2,2025,10.52 ,10.52
A,I_DSK2_PS_B,PC_IND,NL3,2025,8.41 ,8.41
A,I_DSK2_PS_B,PC_IND,NL4,2025,7.40 ,7.4
A,I_DSK2_PS_B,PC_IND,NO,2025,12.19 ,12.19
A,I_DSK2_PS_B,PC_IND,PL,2025,25.19 ,25.19
A,I_DSK2_PS_B,PC_IND,PL2,2025,24.98 ,24.98
A,I_DSK2_PS_B,PC_IND,PL4,2025,24.32 ,24.32
A,I_DSK2_PS_B,PC_IND,PL5,2025,23.51 ,23.51
A,I_DSK2_PS_B,PC_IND,PL6,2025,28.53 ,28.53
A,I_DSK2_PS_B,PC_IND,PL7,2025,25.31 ,25.31
A,I_DSK2_PS_B,PC_IND,PL8,2025,28.76 ,28.76
A,I_DSK2_PS_B,PC_IND,PL9,2025,20.35 ,20.35
A,I_DSK2_PS_B,PC_IND,PT,2025,30.50 ,30.5
A,I_DSK2_PS_B,PC_IND,PT1,2025,30.18 ,30.18
A,I_DSK2_PS_B,PC_IND,PT2,2025,35.78 ,35.78
A,I_DSK2_PS_B,PC_IND,PT3,2025,37.62 ,37.62
A,I_DSK2_PS_B,PC_IND,RO,2025,40.34 ,40.34
A,I_DSK2_PS_B,PC_IND,RO1,2025,38.17 ,38.17
A,I_DSK2_PS_B,PC_IND,RO2,2025,40.82 ,40.82
A,I_DSK2_PS_B,PC_IND,RO3,2025,39.82 ,39.82
A,I_DSK2_PS_B,PC_IND,RO4,2025,43.34 ,43.34
A,I_DSK2_PS_B,PC_IND,RS,2025,31.04 ,31.04
A,I_DSK2_PS_B,PC_IND,RS1,2025,31.09 ,31.09
A,I_DSK2_PS_B,PC_IND,RS2,2025,30.99 ,30.99
A,I_DSK2_PS_B,PC_IND,SE,2025,17.83 ,17.83
A,I_DSK2_PS_B,PC_IND,SE1,2025,16.58 ,16.58
A,I_DSK2_PS_B,PC_IND,SE2,2025,18.57 ,18.57
A,I_DSK2_PS_B,PC_IND,SE3,2025,19.05 ,19.05
A,I_DSK2_PS_B,PC_IND,SI,2025,28.78 ,28.78
A,I_DSK2_PS_B,PC_IND,SK,2025,34.06 ,34.06
A,I_DSK2_PS_B,PC_IND,TR,2025,37.75 ,37.75
A,I_DSK2_PS_B,PC_IND,TR1,2025,35.91 ,35.91
A,I_DSK2_PS_B,PC_IND,TR2,2025,38.59 ,38.59
A,I_DSK2_PS_B,PC_IND,TR3,2025,38.72 ,38.72
A,I_DSK2_PS_B,PC_IND,TR4,2025,34.96 ,34.96
A,I_DSK2_PS_B,PC_IND,TR5,2025,36.38 ,36.38
A,I_DSK2_PS_B,PC_IND,TR6,2025,40.87 ,40.87
A,I_DSK2_PS_B,PC_IND,TR7,2025,43.57 ,43.57
A,I_DSK2_PS_B,PC_IND,TR8,2025,34.53 ,34.53
A,I_DSK2_PS_B,PC_IND,TR9,2025,37.56 ,37.56
A,I_DSK2_PS_B,PC_IND,TRA,2025,37.95 ,37.95
A,I_DSK2_PS_B,PC_IND,TRB,2025,36.54 ,36.54
A,I_DSK2_PS_B,PC_IND,TRC,2025,39.57 ,39.57
A,I_DSK2_PS_B,PC_IND,XK,2025,47.29 ,47.29
A,I_DSK2_PS_B,PC_IND_IU3,AL,2025,33.11 ,33.11
A,I_DSK2_PS_B,PC_IND_IU3,AT,2025,21.94 ,21.94
A,I_DSK2_PS_B,PC_IND_IU3,AT1,2025,20.54 ,20.54
A,I_DSK2_PS_B,PC_IND_IU3,AT2,2025,22.69 ,22.69
A,I_DSK2_PS_B,PC_IND_IU3,AT3,2025,23.29 ,23.29
A,I_DSK2_PS_B,PC_IND_IU3,BA,2025,33.98 ,33.98
A,I_DSK2_PS_B,PC_IND_IU3,BE,2025,31.27 ,31.27
A,I_DSK2_PS_B,PC_IND_IU3,BE1,2025,25.90 ,25.9
A,I_DSK2_PS_B,PC_IND_IU3,BE2,2025,31.42 ,31.42
A,I_DSK2_PS_B,PC_IND_IU3,BE3,2025,32.78 ,32.78
A,I_DSK2_PS_B,PC_IND_IU3,BG,2025,34.85 ,34.85
A,I_DSK2_PS_B,PC_IND_IU3,BG3,2025,35.95 ,35.95
A,I_DSK2_PS_B,PC_IND_IU3,BG4,2025,33.86 ,33.86
A,I_DSK2_PS_B,PC_IND_IU3,CH,2025,19.17 ,19.17
A,I_DSK2_PS_B,PC_IND_IU3,CY,2025,29.20 ,29.2
A,I_DSK2_PS_B,PC_IND_IU3,CZ,2025,26.07 ,26.07
A,I_DSK2_PS_B,PC_IND_IU3,DE,2025,27.86 ,27.86
A,I_DSK2_PS_B,PC_IND_IU3,DE1,2025,20.73 ,20.73
A,I_DSK2_PS_B,PC_IND_IU3,DE2,2025,37.18 ,37.18
A,I_DSK2_PS_B,PC_IND_IU3,DE3,2025,24.94 ,24.94
A,I_DSK2_PS_B,PC_IND_IU3,DE4,2025,35.13 ,35.13
A,I_DSK2_PS_B,PC_IND_IU3,DE6,2025,26.07 ,26.07
A,I_DSK2_PS_B,PC_IND_IU3,DE7,2025,29.89 ,29.89
A,I_DSK2_PS_B,PC_IND_IU3,DE8,2025,39.88 ,39.88
A,I_DSK2_PS_B,PC_IND_IU3,DE9,2025,23.68 ,23.68
A,I_DSK2_PS_B,PC_IND_IU3,DEA,2025,23.41 ,23.41
A,I_DSK2_PS_B,PC_IND_IU3,DED,2025,32.72 ,32.72
A,I_DSK2_PS_B,PC_IND_IU3,DEE,2025,43.22 ,43.22
A,I_DSK2_PS_B,PC_IND_IU3,DEF,2025,22.57 ,22.57
A,I_DSK2_PS_B,PC_IND_IU3,DK,2025,13.10 ,13.1
A,I_DSK2_PS_B,PC_IND_IU3,EE,2025,24.88 ,24.88
A,I_DSK2_PS_B,PC_IND_IU3,EL,2025,31.19 ,31.19
A,I_DSK2_PS_B,PC_IND_IU3,EL3,2025,36.10 ,36.1
A,I_DSK2_PS_B,PC_IND_IU3,EL4,2025,22.29 ,22.29
A,I_DSK2_PS_B,PC_IND_IU3,EL5,2025,21.38 ,21.38
A,I_DSK2_PS_B,PC_IND_IU3,EL6,2025,39.18 ,39.18
A,I_DSK2_PS_B,PC_IND_IU3,ES,2025,22.57 ,22.57
A,I_DSK2_PS_B,PC_IND_IU3,ES1,2025,24.50 ,24.5
A,I_DSK2_PS_B,PC_IND_IU3,ES2,2025,23.54 ,23.54
A,I_DSK2_PS_B,PC_IND_IU3,ES3,2025,20.19 ,20.19
A,I_DSK2_PS_B,PC_IND_IU3,ES4,2025,26.09 ,26.09
A,I_DSK2_PS_B,PC_IND_IU3,ES5,2025,21.39 ,21.39
A,I_DSK2_PS_B,PC_IND_IU3,ES6,2025,22.35 ,22.35
A,I_DSK2_PS_B,PC_IND_IU3,ES7,2025,24.96 ,24.96
A,I_DSK2_PS_B,PC_IND_IU3,FI,2025,15.01 ,15.01
A,I_DSK2_PS_B,PC_IND_IU3,FR,2025,24.72 ,24.72
A,I_DSK2_PS_B,PC_IND_IU3,FR1,2025,21.94 u,21.94
A,I_DSK2_PS_B,PC_IND_IU3,FRB,2025,24.52 u,24.52
A,I_DSK2_PS_B,PC_IND_IU3,FRC,2025,24.81 u,24.81
A,I_DSK2_PS_B,PC_IND_IU3,FRD,2025,25.96 u,25.96
A,I_DSK2_PS_B,PC_IND_IU3,FRE,2025,26.95 u,26.95
A,I_DSK2_PS_B,PC_IND_IU3,FRF,2025,27.98 u,27.98
A,I_DSK2_PS_B,PC_IND_IU3,FRG,2025,20.96 u,20.96
A,I_DSK2_PS_B,PC_IND_IU3,FRH,2025,25.77 u,25.77
A,I_DSK2_PS_B,PC_IND_IU3,FRI,2025,26.02 u,26.02
A,I_DSK2_PS_B,PC_IND_IU3,FRJ,2025,27.25 u,27.25
A,I_DSK2_PS_B,PC_IND_IU3,FRK,2025,21.39 u,21.39
A,I_DSK2_PS_B,PC_IND_IU3,FRL,2025,25.48 u,25.48
A,I_DSK2_PS_B,PC_IND_IU3,FRM,2025,25.85 u,25.85
A,I_DSK2_PS_B,PC_IND_IU3,FRY,2025,31.45 u,31.45
A,I_DSK2_PS_B,PC_IND_IU3,HR,2025,26.42 ,26.42
A,I_DSK2_PS_B,PC_IND_IU3,HU,2025,23.31 ,23.31
A,I_DSK2_PS_B,PC_IND_IU3,HU1,2025,16.23 ,16.23
A,I_DSK2_PS_B,PC_IND_IU3,HU2,2025,26.42 ,26.42
A,I_DSK2_PS_B,PC_IND_IU3,HU3,2025,27.04 ,27.04
A,I_DSK2_PS_B,PC_IND_IU3,IE,2025,11.53 ,11.53
A,I_DSK2_PS_B,PC_IND_IU3,IT,2025,25.82 ,25.82
A,I_DSK2_PS_B,PC_IND_IU3,ITC,2025,23.91 ,23.91
A,I_DSK2_PS_B,PC_IND_IU3,ITF,2025,29.83 ,29.83
A,I_DSK2_PS_B,PC_IND_IU3,ITG,2025,26.81 ,26.81
A,I_DSK2_PS_B,PC_IND_IU3,ITH,2025,24.27 ,24.27
A,I_DSK2_PS_B,PC_IND_IU3,ITI,2025,25.22 ,25.22
A,I_DSK2_PS_B,PC_IND_IU3,LT,2025,28.34 ,28.34
A,I_DSK2_PS_B,PC_IND_IU3,LU,2025,28.22 ,28.22
A,I_DSK2_PS_B,PC_IND_IU3,LV,2025,36.18 ,36.18
A,I_DSK2_PS_B,PC_IND_IU3,ME,2025,58.15 ,58.15
A,I_DSK2_PS_B,PC_IND_IU3,MK,2025,45.57 ,45.57
A,I_DSK2_PS_B,PC_IND_IU3,MT,2025,22.43 ,22.43
A,I_DSK2_PS_B,PC_IND_IU3,NL,2025,8.88 ,8.88
A,I_DSK2_PS_B,PC_IND_IU3,NL1,2025,10.60 ,10.6
A,I_DSK2_PS_B,PC_IND_IU3,NL2,2025,10.55 ,10.55
A,I_DSK2_PS_B,PC_IND_IU3,NL3,2025,8.43 ,8.43
A,I_DSK2_PS_B,PC_IND_IU3,NL4,2025,7.44 ,7.44
A,I_DSK2_PS_B,PC_IND_IU3,NO,2025,12.34 ,12.34
A,I_DSK2_PS_B,PC_IND_IU3,PL,2025,28.10 ,28.1
A,I_DSK2_PS_B,PC_IND_IU3,PL2,2025,27.73 ,27.73
A,I_DSK2_PS_B,PC_IND_IU3,PL4,2025,26.67 ,26.67
A,I_DSK2_PS_B,PC_IND_IU3,PL5,2025,25.13 ,25.13
A,I_DSK2_PS_B,PC_IND_IU3,PL6,2025,32.03 ,32.03
A,I_DSK2_PS_B,PC_IND_IU3,PL7,2025,29.81 ,29.81
A,I_DSK2_PS_B,PC_IND_IU3,PL8,2025,32.85 ,32.85
A,I_DSK2_PS_B,PC_IND_IU3,PL9,2025,22.32 ,22.32
A,I_DSK2_PS_B,PC_IND_IU3,PT,2025,34.10 ,34.1
A,I_DSK2_PS_B,PC_IND_IU3,PT1,2025,33.73 ,33.73
A,I_DSK2_PS_B,PC_IND_IU3,PT2,2025,40.12 ,40.12
A,I_DSK2_PS_B,PC_IND_IU3,PT3,2025,42.59 ,42.59
A,I_DSK2_PS_B,PC_IND_IU3,RO,2025,43.31 ,43.31
A,I_DSK2_PS_B,PC_IND_IU3,RO1,2025,40.57 ,40.57
A,I_DSK2_PS_B,PC_IND_IU3,RO2,2025,44.28 ,44.28
A,I_DSK2_PS_B,PC_IND_IU3,RO3,2025,42.65 ,42.65
A,I_DSK2_PS_B,PC_IND_IU3,RO4,2025,46.58 ,46.58
A,I_DSK2_PS_B,PC_IND_IU3,RS,2025,34.47 ,34.47
A,I_DSK2_PS_B,PC_IND_IU3,RS1,2025,33.89 ,33.89
A,I_DSK2_PS_B,PC_IND_IU3,RS2,2025,35.12 ,35.12
A,I_DSK2_PS_B,PC_IND_IU3,SE,2025,18.15 ,18.15
A,I_DSK2_PS_B,PC_IND_IU3,SE1,2025,16.92 ,16.92
A,I_DSK2_PS_B,PC_IND_IU3,SE2,2025,18.85 ,18.85
A,I_DSK2_PS_B,PC_IND_IU3,SE3,2025,19.39 ,19.39
A,I_DSK2_PS_B,PC_IND_IU3,SI,2025,31.43 ,31.43
A,I_DSK2_PS_B,PC_IND_IU3,SK,2025,36.83 ,36.83
A,I_DSK2_PS_B,PC_IND_IU3,TR,2025,42.05 ,42.05
A,I_DSK2_PS_B,PC_IND_IU3,TR1,2025,37.34 ,37.34
A,I_DSK2_PS_B,PC_IND_IU3,TR2,2025,44.04 ,44.04
A,I_DSK2_PS_B,PC_IND_IU3,TR3,2025,43.67 ,43.67
A,I_DSK2_PS_B,PC_IND_IU3,TR4,2025,37.73 ,37.73
A,I_DSK2_PS_B,PC_IND_IU3,TR5,2025,40.28 ,40.28
A,I_DSK2_PS_B,PC_IND_IU3,TR6,2025,45.80 ,45.8
A,I_DSK2_PS_B,PC_IND_IU3,TR7,2025,49.21 ,49.21
A,I_DSK2_PS_B,PC_IND_IU3,TR8,2025,39.73 ,39.73
A,I_DSK2_PS_B,PC_IND_IU3,TR9,2025,44.28 ,44.28
A,I_DSK2_PS_B,PC_IND_IU3,TRA,2025,45.08 ,45.08
A,I_DSK2_PS_B,PC_IND_IU3,TRB,2025,46.47 ,46.47
A,I_DSK2_PS_B,PC_IND_IU3,TRC,2025,45.67 ,45.67
A,I_DSK2_PS_B,PC_IND_IU3,XK,2025,48.03 ,48.03
A,I_DSK2_PS_BAB,PC_IND,AL,2025,59.35 ,59.35
A,I_DSK2_PS_BAB,PC_IND,AT,2025,88.66 ,88.66
A,I_DSK2_PS_BAB,PC_IND,AT1,2025,90.38 ,90.38
A,I_DSK2_PS_BAB,PC_IND,AT2,2025,85.88 ,85.88
A,I_DSK2_PS_BAB,PC_IND,AT3,2025,88.07 ,88.07
A,I_DSK2_PS_BAB,PC_IND,BA,2025,66.76 ,66.76
A,I_DSK2_PS_BAB,PC_IND,BE,2025,91.92 ,91.92
A,I_DSK2_PS_BAB,PC_IND,BE1,2025,87.81 ,87.81
A,I_DSK2_PS_BAB,PC_IND,BE2,2025,93.34 ,93.34
A,I_DSK2_PS_BAB,PC_IND,BE3,2025,90.72 ,90.72
A,I_DSK2_PS_BAB,PC_IND,BG,2025,64.30 ,64.3
A,I_DSK2_PS_BAB,PC_IND,BG3,2025,60.33 ,60.33
A,I_DSK2_PS_BAB,PC_IND,BG4,2025,67.95 ,67.95
A,I_DSK2_PS_BAB,PC_IND,CH,2025,94.66 ,94.66
A,I_DSK2_PS_BAB,PC_IND,CY,2025,86.08 ,86.08
A,I_DSK2_PS_BAB,PC_IND,CZ,2025,90.79 ,90.79
A,I_DSK2_PS_BAB,PC_IND,DE,2025,88.64 ,88.64
A,I_DSK2_PS_BAB,PC_IND,DE1,2025,91.07 ,91.07
A,I_DSK2_PS_BAB,PC_IND,DE2,2025,87.70 ,87.7
A,I_DSK2_PS_BAB,PC_IND,DE3,2025,89.31 ,89.31
A,I_DSK2_PS_BAB,PC_IND,DE4,2025,86.33 ,86.33
A,I_DSK2_PS_BAB,PC_IND,DE6,2025,91.80 ,91.8
A,I_DSK2_PS_BAB,PC_IND,DE7,2025,87.87 ,87.87
A,I_DSK2_PS_BAB,PC_IND,DE8,2025,86.54 ,86.54
A,I_DSK2_PS_BAB,PC_IND,DE9,2025,91.33 ,91.33
A,I_DSK2_PS_BAB,PC_IND,DEA,2025,88.84 ,88.84
A,I_DSK2_PS_BAB,PC_IND,DED,2025,88.46 ,88.46
A,I_DSK2_PS_BAB,PC_IND,DEE,2025,77.49 ,77.49
A,I_DSK2_PS_BAB,PC_IND,DEF,2025,88.27 ,88.27
A,I_DSK2_PS_BAB,PC_IND,DK,2025,98.69 ,98.69
A,I_DSK2_PS_BAB,PC_IND,EE,2025,91.40 ,91.4
A,I_DSK2_PS_BAB,PC_IND,EL,2025,82.31 ,82.31
A,I_DSK2_PS_BAB,PC_IND,EL3,2025,85.95 ,85.95
A,I_DSK2_PS_BAB,PC_IND,EL4,2025,81.05 ,81.05
A,I_DSK2_PS_BAB,PC_IND,EL5,2025,84.77 ,84.77
A,I_DSK2_PS_BAB,PC_IND,EL6,2025,74.33 ,74.33
A,I_DSK2_PS_BAB,PC_IND,ES,2025,89.07 ,89.07
A,I_DSK2_PS_BAB,PC_IND,ES1,2025,86.52 ,86.52
A,I_DSK2_PS_BAB,PC_IND,ES2,2025,89.06 ,89.06
A,I_DSK2_PS_BAB,PC_IND,ES3,2025,91.83 ,91.83
A,I_DSK2_PS_BAB,PC_IND,ES4,2025,85.57 ,85.57
A,I_DSK2_PS_BAB,PC_IND,ES5,2025,91.48 ,91.48
A,I_DSK2_PS_BAB,PC_IND,ES6,2025,86.83 ,86.83
A,I_DSK2_PS_BAB,PC_IND,ES7,2025,88.25 ,88.25
A,I_DSK2_PS_BAB,PC_IND,FI,2025,97.30 ,97.3
A,I_DSK2_PS_BAB,PC_IND,FR,2025,90.97 ,90.97
A,I_DSK2_PS_BAB,PC_IND,FR1,2025,93.64 u,93.64
A,I_DSK2_PS_BAB,PC_IND,FRB,2025,90.75 u,90.75
A,I_DSK2_PS_BAB,PC_IND,FRC,2025,87.56 u,87.56
A,I_DSK2_PS_BAB,PC_IND,FRD,2025,91.43 u,91.43
A,I_DSK2_PS_BAB,PC_IND,FRE,2025,88.32 u,88.32
A,I_DSK2_PS_BAB,PC_IND,FRF,2025,90.16 u,90.16
A,I_DSK2_PS_BAB,PC_IND,FRG,2025,92.85 u,92.85
A,I_DSK2_PS_BAB,PC_IND,FRH,2025,89.92 u,89.92
A,I_DSK2_PS_BAB,PC_IND,FRI,2025,91.32 u,91.32
A,I_DSK2_PS_BAB,PC_IND,FRJ,2025,91.05 u,91.05
A,I_DSK2_PS_BAB,PC_IND,FRK,2025,91.57 u,91.57
A,I_DSK2_PS_BAB,PC_IND,FRL,2025,92.06 u,92.06
A,I_DSK2_PS_BAB,PC_IND,FRM,2025,88.00 u,88.0
A,I_DSK2_PS_BAB,PC_IND,FRY,2025,79.51 u,79.51
A,I_DSK2_PS_BAB,PC_IND,HR,2025,77.33 ,77.33
A,I_DSK2_PS_BAB,PC_IND,HU,2025,83.45 ,83.45
A,I_DSK2_PS_BAB,PC_IND,HU1,2025,88.99 ,88.99
A,I_DSK2_PS_BAB,PC_IND,HU2,2025,82.52 ,82.52
A,I_DSK2_PS_BAB,PC_IND,HU3,2025,79.50 ,79.5
A,I_DSK2_PS_BAB,PC_IND,IE,2025,98.93 ,98.93
A,I_DSK2_PS_BAB,PC_IND,IT,2025,78.18 ,78.18
A,I_DSK2_PS_BAB,PC_IND,ITC,2025,83.67 ,83.67
A,I_DSK2_PS_BAB,PC_IND,ITF,2025,68.54 ,68.54
A,I_DSK2_PS_BAB,PC_IND,ITG,2025,70.87 ,70.87
A,I_DSK2_PS_BAB,PC_IND,ITH,2025,82.71 ,82.71
A,I_DSK2_PS_BAB,PC_IND,ITI,2025,81.39 ,81.39
A,I_DSK2_PS_BAB,PC_IND,LT,2025,82.80 ,82.8
A,I_DSK2_PS_BAB,PC_IND,LU,2025,92.83 ,92.83
A,I_DSK2_PS_BAB,PC_IND,LV,2025,89.72 ,89.72
A,I_DSK2_PS_BAB,PC_IND,ME,2025,81.26 ,81.26
A,I_DSK2_PS_BAB,PC_IND,MK,2025,67.85 ,67.85
A,I_DSK2_PS_BAB,PC_IND,MT,2025,88.81 ,88.81
A,I_DSK2_PS_BAB,PC_IND,NL,2025,98.49 ,98.49
A,I_DSK2_PS_BAB,PC_IND,NL1,2025,98.51 ,98.51
A,I_DSK2_PS_BAB,PC_IND,NL2,2025,98.26 ,98.26
A,I_DSK2_PS_BAB,PC_IND,NL3,2025,98.97 ,98.97
A,I_DSK2_PS_BAB,PC_IND,NL4,2025,97.61 ,97.61
A,I_DSK2_PS_BAB,PC_IND,NO,2025,98.23 ,98.23
A,I_DSK2_PS_BAB,PC_IND,PL,2025,80.41 ,80.41
A,I_DSK2_PS_BAB,PC_IND,PL2,2025,81.83 ,81.83
A,I_DSK2_PS_BAB,PC_IND,PL4,2025,79.23 ,79.23
A,I_DSK2_PS_BAB,PC_IND,PL5,2025,86.86 ,86.86
A,I_DSK2_PS_BAB,PC_IND,PL6,2025,80.07 ,80.07
A,I_DSK2_PS_BAB,PC_IND,PL7,2025,75.26 ,75.26
A,I_DSK2_PS_BAB,PC_IND,PL8,2025,75.61 ,75.61
A,I_DSK2_PS_BAB,PC_IND,PL9,2025,84.45 ,84.45
A,I_DSK2_PS_BAB,PC_IND,PT,2025,77.76 ,77.76
A,I_DSK2_PS_BAB,PC_IND,PT1,2025,77.96 ,77.96
A,I_DSK2_PS_BAB,PC_IND,PT2,2025,73.21 ,73.21
A,I_DSK2_PS_BAB,PC_IND,PT3,2025,74.50 ,74.5
A,I_DSK2_PS_BAB,PC_IND,RO,2025,67.76 ,67.76
A,I_DSK2_PS_BAB,PC_IND,RO1,2025,66.94 ,66.94
A,I_DSK2_PS_BAB,PC_IND,RO2,2025,65.50 ,65.5
A,I_DSK2_PS_BAB,PC_IND,RO3,2025,72.14 ,72.14
A,I_DSK2_PS_BAB,PC_IND,RO4,2025,65.95 ,65.95
A,I_DSK2_PS_BAB,PC_IND,RS,2025,77.95 ,77.95
A,I_DSK2_PS_BAB,PC_IND,RS1,2025,80.71 ,80.71
A,I_DSK2_PS_BAB,PC_IND,RS2,2025,75.00 ,75.0
A,I_DSK2_PS_BAB,PC_IND,SE,2025,96.28 ,96.28
A,I_DSK2_PS_BAB,PC_IND,SE1,2025,95.93 ,95.93
A,I_DSK2_PS_BAB,PC_IND,SE2,2025,96.91 ,96.91
A,I_DSK2_PS_BAB,PC_IND,SE3,2025,95.54 ,95.54
A,I_DSK2_PS_BAB,PC_IND,SI,2025,81.02 ,81.02
A,I_DSK2_PS_BAB,PC_IND,SK,2025,86.09 ,86.09
A,I_DSK2_PS_BAB,PC_IND,TR,2025,74.84 ,74.84
A,I_DSK2_PS_BAB,PC_IND,TR1,2025,83.92 ,83.92
A,I_DSK2_PS_BAB,PC_IND,TR2,2025,72.71 ,72.71
A,I_DSK2_PS_BAB,PC_IND,TR3,2025,73.65 ,73.65
A,I_DSK2_PS_BAB,PC_IND,TR4,2025,80.59 ,80.59
A,I_DSK2_PS_BAB,PC_IND,TR5,2025,77.98 ,77.98
A,I_DSK2_PS_BAB,PC_IND,TR6,2025,72.97 ,72.97
A,I_DSK2_PS_BAB,PC_IND,TR7,2025,70.61 ,70.61
A,I_DSK2_PS_BAB,PC_IND,TR8,2025,66.29 ,66.29
A,I_DSK2_PS_BAB,PC_IND,TR9,2025,68.30 ,68.3
A,I_DSK2_PS_BAB,PC_IND,TRA,2025,67.17 ,67.17
A,I_DSK2_PS_BAB,PC_IND,TRB,2025,64.65 ,64.65
A,I_DSK2_PS_BAB,PC_IND,TRC,2025,67.79 ,67.79
A,I_DSK2_PS_BAB,PC_IND,XK,2025,85.46 ,85.46
A,I_DSK2_PS_BAB,PC_IND_IU3,AL,2025,68.09 ,68.09
A,I_DSK2_PS_BAB,PC_IND_IU3,AT,2025,93.02 ,93.02
A,I_DSK2_PS_BAB,PC_IND_IU3,AT1,2025,93.46 ,93.46
A,I_DSK2_PS_BAB,PC_IND_IU3,AT2,2025,91.73 ,91.73
A,I_DSK2_PS_BAB,PC_IND_IU3,AT3,2025,93.19 ,93.19
A,I_DSK2_PS_BAB,PC_IND_IU3,BA,2025,74.08 ,74.08
A,I_DSK2_PS_BAB,PC_IND_IU3,BE,2025,95.29 ,95.29
A,I_DSK2_PS_BAB,PC_IND_IU3,BE1,2025,92.90 ,92.9
A,I_DSK2_PS_BAB,PC_IND_IU3,BE2,2025,96.25 ,96.25
A,I_DSK2_PS_BAB,PC_IND_IU3,BE3,2025,94.32 ,94.32
A,I_DSK2_PS_BAB,PC_IND_IU3,BG,2025,74.04 ,74.04
A,I_DSK2_PS_BAB,PC_IND_IU3,BG3,2025,70.22 ,70.22
A,I_DSK2_PS_BAB,PC_IND_IU3,BG4,2025,77.48 ,77.48
A,I_DSK2_PS_BAB,PC_IND_IU3,CH,2025,95.69 ,95.69
A,I_DSK2_PS_BAB,PC_IND_IU3,CY,2025,91.78 ,91.78
A,I_DSK2_PS_BAB,PC_IND_IU3,CZ,2025,96.05 ,96.05
A,I_DSK2_PS_BAB,PC_IND_IU3,DE,2025,93.72 ,93.72
A,I_DSK2_PS_BAB,PC_IND_IU3,DE1,2025,94.92 ,94.92
A,I_DSK2_PS_BAB,PC_IND_IU3,DE2,2025,92.59 ,92.59
A,I_DSK2_PS_BAB,PC_IND_IU3,DE3,2025,95.98 ,95.98
A,I_DSK2_PS_BAB,PC_IND_IU3,DE4,2025,95.50 ,95.5
A,I_DSK2_PS_BAB,PC_IND_IU3,DE6,2025,95.18 ,95.18
A,I_DSK2_PS_BAB,PC_IND_IU3,DE7,2025,91.99 ,91.99
A,I_DSK2_PS_BAB,PC_IND_IU3,DE8,2025,92.47 ,92.47
A,I_DSK2_PS_BAB,PC_IND_IU3,DE9,2025,96.03 ,96.03
A,I_DSK2_PS_BAB,PC_IND_IU3,DEA,2025,93.81 ,93.81
A,I_DSK2_PS_BAB,PC_IND_IU3,DED,2025,93.07 ,93.07
A,I_DSK2_PS_BAB,PC_IND_IU3,DEE,2025,86.19 ,86.19
A,I_DSK2_PS_BAB,PC_IND_IU3,DEF,2025,93.20 ,93.2
A,I_DSK2_PS_BAB,PC_IND_IU3,DK,2025,98.98 ,98.98
A,I_DSK2_PS_BAB,PC_IND_IU3,EE,2025,96.36 ,96.36
A,I_DSK2_PS_BAB,PC_IND_IU3,EL,2025,92.32 ,92.32
A,I_DSK2_PS_BAB,PC_IND_IU3,EL3,2025,91.13 ,91.13
A,I_DSK2_PS_BAB,PC_IND_IU3,EL4,2025,94.11 ,94.11
A,I_DSK2_PS_BAB,PC_IND_IU3,EL5,2025,94.81 ,94.81
A,I_DSK2_PS_BAB,PC_IND_IU3,EL6,2025,90.42 ,90.42
A,I_DSK2_PS_BAB,PC_IND_IU3,ES,2025,92.46 ,92.46
A,I_DSK2_PS_BAB,PC_IND_IU3,ES1,2025,91.87 ,91.87
A,I_DSK2_PS_BAB,PC_IND_IU3,ES2,2025,92.45 ,92.45
A,I_DSK2_PS_BAB,PC_IND_IU3,ES3,2025,93.64 ,93.64
A,I_DSK2_PS_BAB,PC_IND_IU3,ES4,2025,89.95 ,89.95
A,I_DSK2_PS_BAB,PC_IND_IU3,ES5,2025,93.76 ,93.76
A,I_DSK2_PS_BAB,PC_IND_IU3,ES6,2025,91.50 ,91.5
A,I_DSK2_PS_BAB,PC_IND_IU3,ES7,2025,91.57 ,91.57
A,I_DSK2_PS_BAB,PC_IND_IU3,FI,2025,99.21 ,99.21
A,I_DSK2_PS_BAB,PC_IND_IU3,FR,2025,95.78 ,95.78
A,I_DSK2_PS_BAB,PC_IND_IU3,FR1,2025,97.03 u,97.03
A,I_DSK2_PS_BAB,PC_IND_IU3,FRB,2025,95.06 u,95.06
A,I_DSK2_PS_BAB,PC_IND_IU3,FRC,2025,94.67 u,94.67
A,I_DSK2_PS_BAB,PC_IND_IU3,FRD,2025,96.23 u,96.23
A,I_DSK2_PS_BAB,PC_IND_IU3,FRE,2025,94.47 u,94.47
A,I_DSK2_PS_BAB,PC_IND_IU3,FRF,2025,96.22 u,96.22
A,I_DSK2_PS_BAB,PC_IND_IU3,FRG,2025,96.45 u,96.45
A,I_DSK2_PS_BAB,PC_IND_IU3,FRH,2025,94.35 u,94.35
A,I_DSK2_PS_BAB,PC_IND_IU3,FRI,2025,95.66 u,95.66
A,I_DSK2_PS_BAB,PC_IND_IU3,FRJ,2025,95.99 u,95.99
A,I_DSK2_PS_BAB,PC_IND_IU3,FRK,2025,96.19 u,96.19
A,I_DSK2_PS_BAB,PC_IND_IU3,FRL,2025,96.10 u,96.1
A,I_DSK2_PS_BAB,PC_IND_IU3,FRM,2025,95.20 u,95.2
A,I_DSK2_PS_BAB,PC_IND_IU3,FRY,2025,89.60 u,89.6
A,I_DSK2_PS_BAB,PC_IND_IU3,HR,2025,90.02 ,90.02
A,I_DSK2_PS_BAB,PC_IND_IU3,HU,2025,89.92 ,89.92
A,I_DSK2_PS_BAB,PC_IND_IU3,HU1,2025,93.47 ,93.47
A,I_DSK2_PS_BAB,PC_IND_IU3,HU2,2025,89.09 ,89.09
A,I_DSK2_PS_BAB,PC_IND_IU3,HU3,2025,87.44 ,87.44
A,I_DSK2_PS_BAB,PC_IND_IU3,IE,2025,99.15 ,99.15
A,I_DSK2_PS_BAB,PC_IND_IU3,IT,2025,86.55 ,86.55
A,I_DSK2_PS_BAB,PC_IND_IU3,ITC,2025,90.05 ,90.05
A,I_DSK2_PS_BAB,PC_IND_IU3,ITF,2025,80.92 ,80.92
A,I_DSK2_PS_BAB,PC_IND_IU3,ITG,2025,81.76 ,81.76
A,I_DSK2_PS_BAB,PC_IND_IU3,ITH,2025,89.41 ,89.41
A,I_DSK2_PS_BAB,PC_IND_IU3,ITI,2025,87.36 ,87.36
A,I_DSK2_PS_BAB,PC_IND_IU3,LT,2025,92.72 ,92.72
A,I_DSK2_PS_BAB,PC_IND_IU3,LU,2025,93.65 ,93.65
A,I_DSK2_PS_BAB,PC_IND_IU3,LV,2025,94.91 ,94.91
A,I_DSK2_PS_BAB,PC_IND_IU3,ME,2025,86.24 ,86.24
A,I_DSK2_PS_BAB,PC_IND_IU3,MK,2025,73.64 ,73.64
A,I_DSK2_PS_BAB,PC_IND_IU3,MT,2025,92.50 ,92.5
A,I_DSK2_PS_BAB,PC_IND_IU3,NL,2025,98.78 ,98.78
A,I_DSK2_PS_BAB,PC_IND_IU3,NL1,2025,98.65 ,98.65
A,I_DSK2_PS_BAB,PC_IND_IU3,NL2,2025,98.47 ,98.47
A,I_DSK2_PS_BAB,PC_IND_IU3,NL3,2025,99.20 ,99.2
A,I_DSK2_PS_BAB,PC_IND_IU3,NL4,2025,98.18 ,98.18
A,I_DSK2_PS_BAB,PC_IND_IU3,NO,2025,99.40 ,99.4
A,I_DSK2_PS_BAB,PC_IND_IU3,PL,2025,89.69 ,89.69
A,I_DSK2_PS_BAB,PC_IND_IU3,PL2,2025,90.81 ,90.81
A,I_DSK2_PS_BAB,PC_IND_IU3,PL4,2025,86.91 ,86.91
A,I_DSK2_PS_BAB,PC_IND_IU3,PL5,2025,92.86 ,92.86
A,I_DSK2_PS_BAB,PC_IND_IU3,PL6,2025,89.89 ,89.89
A,I_DSK2_PS_BAB,PC_IND_IU3,PL7,2025,88.63 ,88.63
A,I_DSK2_PS_BAB,PC_IND_IU3,PL8,2025,86.37 ,86.37
A,I_DSK2_PS_BAB,PC_IND_IU3,PL9,2025,92.63 ,92.63
A,I_DSK2_PS_BAB,PC_IND_IU3,PT,2025,86.93 ,86.93
A,I_DSK2_PS_BAB,PC_IND_IU3,PT1,2025,87.11 ,87.11
A,I_DSK2_PS_BAB,PC_IND_IU3,PT2,2025,82.09 ,82.09
A,I_DSK2_PS_BAB,PC_IND_IU3,PT3,2025,84.35 ,84.35
A,I_DSK2_PS_BAB,PC_IND_IU3,RO,2025,72.74 ,72.74
A,I_DSK2_PS_BAB,PC_IND_IU3,RO1,2025,71.14 ,71.14
A,I_DSK2_PS_BAB,PC_IND_IU3,RO2,2025,71.05 ,71.05
A,I_DSK2_PS_BAB,PC_IND_IU3,RO3,2025,77.27 ,77.27
A,I_DSK2_PS_BAB,PC_IND_IU3,RO4,2025,70.89 ,70.89
A,I_DSK2_PS_BAB,PC_IND_IU3,RS,2025,86.57 ,86.57
A,I_DSK2_PS_BAB,PC_IND_IU3,RS1,2025,87.98 ,87.98
A,I_DSK2_PS_BAB,PC_IND_IU3,RS2,2025,85.00 ,85.0
A,I_DSK2_PS_BAB,PC_IND_IU3,SE,2025,97.99 ,97.99
A,I_DSK2_PS_BAB,PC_IND_IU3,SE1,2025,97.90 ,97.9
A,I_DSK2_PS_BAB,PC_IND_IU3,SE2,2025,98.38 ,98.38
A,I_DSK2_PS_BAB,PC_IND_IU3,SE3,2025,97.25 ,97.25
A,I_DSK2_PS_BAB,PC_IND_IU3,SI,2025,88.48 ,88.48
A,I_DSK2_PS_BAB,PC_IND_IU3,SK,2025,93.08 ,93.08
A,I_DSK2_PS_BAB,PC_IND_IU3,TR,2025,83.36 ,83.36
A,I_DSK2_PS_BAB,PC_IND_IU3,TR1,2025,87.27 ,87.27
A,I_DSK2_PS_BAB,PC_IND_IU3,TR2,2025,82.98 ,82.98
A,I_DSK2_PS_BAB,PC_IND_IU3,TR3,2025,83.05 ,83.05
A,I_DSK2_PS_BAB,PC_IND_IU3,TR4,2025,86.96 ,86.96
A,I_DSK2_PS_BAB,PC_IND_IU3,TR5,2025,86.33 ,86.33
A,I_DSK2_PS_BAB,PC_IND_IU3,TR6,2025,81.76 ,81.76
A,I_DSK2_PS_BAB,PC_IND_IU3,TR7,2025,79.75 ,79.75
A,I_DSK2_PS_BAB,PC_IND_IU3,TR8,2025,76.27 ,76.27
A,I_DSK2_PS_BAB,PC_IND_IU3,TR9,2025,80.51 ,80.51
A,I_DSK2_PS_BAB,PC_IND_IU3,TRA,2025,79.78 ,79.78
A,I_DSK2_PS_BAB,PC_IND_IU3,TRB,2025,82.23 ,82.23
A,I_DSK2_PS_BAB,PC_IND_IU3,TRC,2025,78.25 ,78.25
A,I_DSK2_PS_BAB,PC_IND_IU3,XK,2025,86.79 ,86.79
A,I_DSK2_SF_AB,PC_IND,AL,2025,16.67 ,16.67
A,I_DSK2_SF_AB,PC_IND,AT,2025,54.02 ,54.02
A,I_DSK2_SF_AB,PC_IND,AT1,2025,54.24 ,54.24
A,I_DSK2_SF_AB,PC_IND,AT2,2025,53.49 ,53.49
A,I_DSK2_SF_AB,PC_IND,AT3,2025,54.04 ,54.04
A,I_DSK2_SF_AB,PC_IND,BA,2025,22.88 ,22.88
A,I_DSK2_SF_AB,PC_IND,BE,2025,42.80 ,42.8
A,I_DSK2_SF_AB,PC_IND,BE1,2025,48.65 ,48.65
A,I_DSK2_SF_AB,PC_IND,BE2,2025,40.58 ,40.58
A,I_DSK2_SF_AB,PC_IND,BE3,2025,44.88 ,44.88
A,I_DSK2_SF_AB,PC_IND,BG,2025,21.16 ,21.16
A,I_DSK2_SF_AB,PC_IND,BG3,2025,18.38 ,18.38
A,I_DSK2_SF_AB,PC_IND,BG4,2025,23.71 ,23.71
A,I_DSK2_SF_AB,PC_IND,CH,2025,70.29 ,70.29
A,I_DSK2_SF_AB,PC_IND,CY,2025,25.80 ,25.8
A,I_DSK2_SF_AB,PC_IND,CZ,2025,61.98 ,61.98
A,I_DSK2_SF_AB,PC_IND,DE,2025,39.38 ,39.38
A,I_DSK2_SF_AB,PC_IND,DE1,2025,43.01 ,43.01
A,I_DSK2_SF_AB,PC_IND,DE2,2025,31.96 ,31.96
A,I_DSK2_SF_AB,PC_IND,DE3,2025,50.39 ,50.39
A,I_DSK2_SF_AB,PC_IND,DE4,2025,40.02 ,40.02
A,I_DSK2_SF_AB,PC_IND,DE6,2025,44.17 ,44.17
A,I_DSK2_SF_AB,PC_IND,DE7,2025,34.61 ,34.61
A,I_DSK2_SF_AB,PC_IND,DE8,2025,28.88 ,28.88
A,I_DSK2_SF_AB,PC_IND,DE9,2025,40.21 ,40.21
A,I_DSK2_SF_AB,PC_IND,DEA,2025,40.47 ,40.47
A,I_DSK2_SF_AB,PC_IND,DED,2025,46.47 ,46.47
A,I_DSK2_SF_AB,PC_IND,DEE,2025,38.26 ,38.26
A,I_DSK2_SF_AB,PC_IND,DEF,2025,41.93 ,41.93
A,I_DSK2_SF_AB,PC_IND,DK,2025,73.34 ,73.34
A,I_DSK2_SF_AB,PC_IND,EE,2025,50.76 ,50.76
A,I_DSK2_SF_AB,PC_IND,EL,2025,41.90 ,41.9
A,I_DSK2_SF_AB,PC_IND,EL3,2025,38.75 ,38.75
A,I_DSK2_SF_AB,PC_IND,EL4,2025,43.84 ,43.84
A,I_DSK2_SF_AB,PC_IND,EL5,2025,49.91 ,49.91
A,I_DSK2_SF_AB,PC_IND,EL6,2025,36.49 ,36.49
A,I_DSK2_SF_AB,PC_IND,ES,2025,66.70 ,66.7
A,I_DSK2_SF_AB,PC_IND,ES1,2025,64.51 ,64.51
A,I_DSK2_SF_AB,PC_IND,ES2,2025,63.42 ,63.42
A,I_DSK2_SF_AB,PC_IND,ES3,2025,72.89 ,72.89
A,I_DSK2_SF_AB,PC_IND,ES4,2025,62.37 ,62.37
A,I_DSK2_SF_AB,PC_IND,ES5,2025,68.98 ,68.98
A,I_DSK2_SF_AB,PC_IND,ES6,2025,64.19 ,64.19
A,I_DSK2_SF_AB,PC_IND,ES7,2025,64.97 ,64.97
A,I_DSK2_SF_AB,PC_IND,FI,2025,78.29 ,78.29
A,I_DSK2_SF_AB,PC_IND,FR,2025,52.84 ,52.84
A,I_DSK2_SF_AB,PC_IND,FR1,2025,55.95 u,55.95
A,I_DSK2_SF_AB,PC_IND,FRB,2025,52.65 u,52.65
A,I_DSK2_SF_AB,PC_IND,FRC,2025,45.60 u,45.6
A,I_DSK2_SF_AB,PC_IND,FRD,2025,55.94 u,55.94
A,I_DSK2_SF_AB,PC_IND,FRE,2025,49.58 u,49.58
A,I_DSK2_SF_AB,PC_IND,FRF,2025,50.55 u,50.55
A,I_DSK2_SF_AB,PC_IND,FRG,2025,52.23 u,52.23
A,I_DSK2_SF_AB,PC_IND,FRH,2025,55.10 u,55.1
A,I_DSK2_SF_AB,PC_IND,FRI,2025,52.23 u,52.23
A,I_DSK2_SF_AB,PC_IND,FRJ,2025,53.26 u,53.26
A,I_DSK2_SF_AB,PC_IND,FRK,2025,55.22 u,55.22
A,I_DSK2_SF_AB,PC_IND,FRL,2025,52.87 u,52.87
A,I_DSK2_SF_AB,PC_IND,FRM,2025,54.58 u,54.58
A,I_DSK2_SF_AB,PC_IND,FRY,2025,41.20 u,41.2
A,I_DSK2_SF_AB,PC_IND,HR,2025,54.17 ,54.17
A,I_DSK2_SF_AB,PC_IND,HU,2025,57.82 ,57.82
A,I_DSK2_SF_AB,PC_IND,HU1,2025,66.89 ,66.89
A,I_DSK2_SF_AB,PC_IND,HU2,2025,55.53 ,55.53
A,I_DSK2_SF_AB,PC_IND,HU3,2025,51.99 ,51.99
A,I_DSK2_SF_AB,PC_IND,IE,2025,66.17 ,66.17
A,I_DSK2_SF_AB,PC_IND,IT,2025,59.93 ,59.93
A,I_DSK2_SF_AB,PC_IND,ITC,2025,64.70 ,64.7
A,I_DSK2_SF_AB,PC_IND,ITF,2025,51.36 ,51.36
A,I_DSK2_SF_AB,PC_IND,ITG,2025,55.92 ,55.92
A,I_DSK2_SF_AB,PC_IND,ITH,2025,64.08 ,64.08
A,I_DSK2_SF_AB,PC_IND,ITI,2025,61.47 ,61.47
A,I_DSK2_SF_AB,PC_IND,LT,2025,42.40 ,42.4
A,I_DSK2_SF_AB,PC_IND,LU,2025,39.31 ,39.31
A,I_DSK2_SF_AB,PC_IND,LV,2025,33.67 ,33.67
A,I_DSK2_SF_AB,PC_IND,ME,2025,29.48 ,29.48
A,I_DSK2_SF_AB,PC_IND,MK,2025,21.50 ,21.5
A,I_DSK2_SF_AB,PC_IND,MT,2025,55.70 ,55.7
A,I_DSK2_SF_AB,PC_IND,NL,2025,76.71 ,76.71
A,I_DSK2_SF_AB,PC_IND,NL1,2025,74.65 ,74.65
A,I_DSK2_SF_AB,PC_IND,NL2,2025,75.56 ,75.56
A,I_DSK2_SF_AB,PC_IND,NL3,2025,78.83 ,78.83
A,I_DSK2_SF_AB,PC_IND,NL4,2025,73.95 ,73.95
A,I_DSK2_SF_AB,PC_IND,NO,2025,70.00 ,70.0
A,I_DSK2_SF_AB,PC_IND,PL,2025,41.46 ,41.46
A,I_DSK2_SF_AB,PC_IND,PL2,2025,49.59 ,49.59
A,I_DSK2_SF_AB,PC_IND,PL4,2025,36.75 ,36.75
A,I_DSK2_SF_AB,PC_IND,PL5,2025,43.00 ,43.0
A,I_DSK2_SF_AB,PC_IND,PL6,2025,39.59 ,39.59
A,I_DSK2_SF_AB,PC_IND,PL7,2025,30.57 ,30.57
A,I_DSK2_SF_AB,PC_IND,PL8,2025,31.85 ,31.85
A,I_DSK2_SF_AB,PC_IND,PL9,2025,52.42 ,52.42
A,I_DSK2_SF_AB,PC_IND,PT,2025,58.64 ,58.64
A,I_DSK2_SF_AB,PC_IND,PT1,2025,59.12 ,59.12
A,I_DSK2_SF_AB,PC_IND,PT2,2025,46.50 ,46.5
A,I_DSK2_SF_AB,PC_IND,PT3,2025,51.99 ,51.99
A,I_DSK2_SF_AB,PC_IND,RO,2025,24.52 ,24.52
A,I_DSK2_SF_AB,PC_IND,RO1,2025,23.47 ,23.47
A,I_DSK2_SF_AB,PC_IND,RO2,2025,24.11 ,24.11
A,I_DSK2_SF_AB,PC_IND,RO3,2025,29.26 ,29.26
A,I_DSK2_SF_AB,PC_IND,RO4,2025,19.65 ,19.65
A,I_DSK2_SF_AB,PC_IND,RS,2025,21.10 ,21.1
A,I_DSK2_SF_AB,PC_IND,RS1,2025,27.89 ,27.89
A,I_DSK2_SF_AB,PC_IND,RS2,2025,13.84 ,13.84
A,I_DSK2_SF_AB,PC_IND,SE,2025,53.98 ,53.98
A,I_DSK2_SF_AB,PC_IND,SE1,2025,54.95 ,54.95
A,I_DSK2_SF_AB,PC_IND,SE2,2025,53.58 ,53.58
A,I_DSK2_SF_AB,PC_IND,SE3,2025,52.62 ,52.62
A,I_DSK2_SF_AB,PC_IND,SI,2025,29.96 ,29.96
A,I_DSK2_SF_AB,PC_IND,SK,2025,34.24 ,34.24
A,I_DSK2_SF_AB,PC_IND,TR,2025,30.60 ,30.6
A,I_DSK2_SF_AB,PC_IND,TR1,2025,36.93 ,36.93
A,I_DSK2_SF_AB,PC_IND,TR2,2025,32.30 ,32.3
A,I_DSK2_SF_AB,PC_IND,TR3,2025,25.24 ,25.24
A,I_DSK2_SF_AB,PC_IND,TR4,2025,42.04 ,42.04
A,I_DSK2_SF_AB,PC_IND,TR5,2025,41.17 ,41.17
A,I_DSK2_SF_AB,PC_IND,TR6,2025,30.88 ,30.88
A,I_DSK2_SF_AB,PC_IND,TR7,2025,27.24 ,27.24
A,I_DSK2_SF_AB,PC_IND,TR8,2025,22.35 ,22.35
A,I_DSK2_SF_AB,PC_IND,TR9,2025,22.77 ,22.77
A,I_DSK2_SF_AB,PC_IND,TRA,2025,18.86 ,18.86
A,I_DSK2_SF_AB,PC_IND,TRB,2025,18.66 ,18.66
A,I_DSK2_SF_AB,PC_IND,TRC,2025,18.17 ,18.17
A,I_DSK2_SF_AB,PC_IND,XK,2025,18.51 ,18.51
A,I_DSK2_SF_AB,PC_IND_IU3,AL,2025,19.13 ,19.13
A,I_DSK2_SF_AB,PC_IND_IU3,AT,2025,56.68 ,56.68
A,I_DSK2_SF_AB,PC_IND_IU3,AT1,2025,56.08 ,56.08
A,I_DSK2_SF_AB,PC_IND_IU3,AT2,2025,57.14 ,57.14
A,I_DSK2_SF_AB,PC_IND_IU3,AT3,2025,57.18 ,57.18
A,I_DSK2_SF_AB,PC_IND_IU3,BA,2025,25.39 ,25.39
A,I_DSK2_SF_AB,PC_IND_IU3,BE,2025,44.37 ,44.37
A,I_DSK2_SF_AB,PC_IND_IU3,BE1,2025,51.47 ,51.47
A,I_DSK2_SF_AB,PC_IND_IU3,BE2,2025,41.84 ,41.84
A,I_DSK2_SF_AB,PC_IND_IU3,BE3,2025,46.66 ,46.66
A,I_DSK2_SF_AB,PC_IND_IU3,BG,2025,24.36 ,24.36
A,I_DSK2_SF_AB,PC_IND_IU3,BG3,2025,21.39 ,21.39
A,I_DSK2_SF_AB,PC_IND_IU3,BG4,2025,27.03 ,27.03
A,I_DSK2_SF_AB,PC_IND_IU3,CH,2025,71.06 ,71.06
A,I_DSK2_SF_AB,PC_IND_IU3,CY,2025,27.51 ,27.51
A,I_DSK2_SF_AB,PC_IND_IU3,CZ,2025,65.57 ,65.57
A,I_DSK2_SF_AB,PC_IND_IU3,DE,2025,41.63 ,41.63
A,I_DSK2_SF_AB,PC_IND_IU3,DE1,2025,44.83 ,44.83
A,I_DSK2_SF_AB,PC_IND_IU3,DE2,2025,33.74 ,33.74
A,I_DSK2_SF_AB,PC_IND_IU3,DE3,2025,54.15 ,54.15
A,I_DSK2_SF_AB,PC_IND_IU3,DE4,2025,44.27 ,44.27
A,I_DSK2_SF_AB,PC_IND_IU3,DE6,2025,45.80 ,45.8
A,I_DSK2_SF_AB,PC_IND_IU3,DE7,2025,36.23 ,36.23
A,I_DSK2_SF_AB,PC_IND_IU3,DE8,2025,30.86 ,30.86
A,I_DSK2_SF_AB,PC_IND_IU3,DE9,2025,42.28 ,42.28
A,I_DSK2_SF_AB,PC_IND_IU3,DEA,2025,42.74 ,42.74
A,I_DSK2_SF_AB,PC_IND_IU3,DED,2025,48.89 ,48.89
A,I_DSK2_SF_AB,PC_IND_IU3,DEE,2025,42.56 ,42.56
A,I_DSK2_SF_AB,PC_IND_IU3,DEF,2025,44.28 ,44.28
A,I_DSK2_SF_AB,PC_IND_IU3,DK,2025,73.56 ,73.56
A,I_DSK2_SF_AB,PC_IND_IU3,EE,2025,53.51 ,53.51
A,I_DSK2_SF_AB,PC_IND_IU3,EL,2025,46.99 ,46.99
A,I_DSK2_SF_AB,PC_IND_IU3,EL3,2025,41.09 ,41.09
A,I_DSK2_SF_AB,PC_IND_IU3,EL4,2025,50.90 ,50.9
A,I_DSK2_SF_AB,PC_IND_IU3,EL5,2025,55.83 ,55.83
A,I_DSK2_SF_AB,PC_IND_IU3,EL6,2025,44.39 ,44.39
A,I_DSK2_SF_AB,PC_IND_IU3,ES,2025,69.24 ,69.24
A,I_DSK2_SF_AB,PC_IND_IU3,ES1,2025,68.51 ,68.51
A,I_DSK2_SF_AB,PC_IND_IU3,ES2,2025,65.83 ,65.83
A,I_DSK2_SF_AB,PC_IND_IU3,ES3,2025,74.32 ,74.32
A,I_DSK2_SF_AB,PC_IND_IU3,ES4,2025,65.55 ,65.55
A,I_DSK2_SF_AB,PC_IND_IU3,ES5,2025,70.70 ,70.7
A,I_DSK2_SF_AB,PC_IND_IU3,ES6,2025,67.64 ,67.64
A,I_DSK2_SF_AB,PC_IND_IU3,ES7,2025,67.42 ,67.42
A,I_DSK2_SF_AB,PC_IND_IU3,FI,2025,79.83 ,79.83
A,I_DSK2_SF_AB,PC_IND_IU3,FR,2025,55.63 ,55.63
A,I_DSK2_SF_AB,PC_IND_IU3,FR1,2025,57.98 u,57.98
A,I_DSK2_SF_AB,PC_IND_IU3,FRB,2025,55.16 u,55.16
A,I_DSK2_SF_AB,PC_IND_IU3,FRC,2025,49.30 u,49.3
A,I_DSK2_SF_AB,PC_IND_IU3,FRD,2025,58.88 u,58.88
A,I_DSK2_SF_AB,PC_IND_IU3,FRE,2025,53.03 u,53.03
A,I_DSK2_SF_AB,PC_IND_IU3,FRF,2025,53.95 u,53.95
A,I_DSK2_SF_AB,PC_IND_IU3,FRG,2025,54.25 u,54.25
A,I_DSK2_SF_AB,PC_IND_IU3,FRH,2025,57.81 u,57.81
A,I_DSK2_SF_AB,PC_IND_IU3,FRI,2025,54.72 u,54.72
A,I_DSK2_SF_AB,PC_IND_IU3,FRJ,2025,56.16 u,56.16
A,I_DSK2_SF_AB,PC_IND_IU3,FRK,2025,58.01 u,58.01
A,I_DSK2_SF_AB,PC_IND_IU3,FRL,2025,55.19 u,55.19
A,I_DSK2_SF_AB,PC_IND_IU3,FRM,2025,59.05 u,59.05
A,I_DSK2_SF_AB,PC_IND_IU3,FRY,2025,46.44 u,46.44
A,I_DSK2_SF_AB,PC_IND_IU3,HR,2025,63.06 ,63.06
A,I_DSK2_SF_AB,PC_IND_IU3,HU,2025,62.30 ,62.3
A,I_DSK2_SF_AB,PC_IND_IU3,HU1,2025,70.26 ,70.26
A,I_DSK2_SF_AB,PC_IND_IU3,HU2,2025,59.95 ,59.95
A,I_DSK2_SF_AB,PC_IND_IU3,HU3,2025,57.18 ,57.18
A,I_DSK2_SF_AB,PC_IND_IU3,IE,2025,66.31 ,66.31
A,I_DSK2_SF_AB,PC_IND_IU3,IT,2025,66.35 ,66.35
A,I_DSK2_SF_AB,PC_IND_IU3,ITC,2025,69.64 ,69.64
A,I_DSK2_SF_AB,PC_IND_IU3,ITF,2025,60.64 ,60.64
A,I_DSK2_SF_AB,PC_IND_IU3,ITG,2025,64.52 ,64.52
A,I_DSK2_SF_AB,PC_IND_IU3,ITH,2025,69.27 ,69.27
A,I_DSK2_SF_AB,PC_IND_IU3,ITI,2025,65.98 ,65.98
A,I_DSK2_SF_AB,PC_IND_IU3,LT,2025,47.48 ,47.48
A,I_DSK2_SF_AB,PC_IND_IU3,LU,2025,39.65 ,39.65
A,I_DSK2_SF_AB,PC_IND_IU3,LV,2025,35.62 ,35.62
A,I_DSK2_SF_AB,PC_IND_IU3,ME,2025,31.29 ,31.29
A,I_DSK2_SF_AB,PC_IND_IU3,MK,2025,23.33 ,23.33
A,I_DSK2_SF_AB,PC_IND_IU3,MT,2025,58.02 ,58.02
A,I_DSK2_SF_AB,PC_IND_IU3,NL,2025,76.94 ,76.94
A,I_DSK2_SF_AB,PC_IND_IU3,NL1,2025,74.76 ,74.76
A,I_DSK2_SF_AB,PC_IND_IU3,NL2,2025,75.73 ,75.73
A,I_DSK2_SF_AB,PC_IND_IU3,NL3,2025,79.01 ,79.01
A,I_DSK2_SF_AB,PC_IND_IU3,NL4,2025,74.38 ,74.38
A,I_DSK2_SF_AB,PC_IND_IU3,NO,2025,70.84 ,70.84
A,I_DSK2_SF_AB,PC_IND_IU3,PL,2025,46.24 ,46.24
A,I_DSK2_SF_AB,PC_IND_IU3,PL2,2025,55.04 ,55.04
A,I_DSK2_SF_AB,PC_IND_IU3,PL4,2025,40.31 ,40.31
A,I_DSK2_SF_AB,PC_IND_IU3,PL5,2025,45.97 ,45.97
A,I_DSK2_SF_AB,PC_IND_IU3,PL6,2025,44.44 ,44.44
A,I_DSK2_SF_AB,PC_IND_IU3,PL7,2025,36.01 ,36.01
A,I_DSK2_SF_AB,PC_IND_IU3,PL8,2025,36.38 ,36.38
A,I_DSK2_SF_AB,PC_IND_IU3,PL9,2025,57.50 ,57.5
A,I_DSK2_SF_AB,PC_IND_IU3,PT,2025,65.56 ,65.56
A,I_DSK2_SF_AB,PC_IND_IU3,PT1,2025,66.06 ,66.06
A,I_DSK2_SF_AB,PC_IND_IU3,PT2,2025,52.14 ,52.14
A,I_DSK2_SF_AB,PC_IND_IU3,PT3,2025,58.86 ,58.86
A,I_DSK2_SF_AB,PC_IND_IU3,RO,2025,26.32 ,26.32
A,I_DSK2_SF_AB,PC_IND_IU3,RO1,2025,24.94 ,24.94
A,I_DSK2_SF_AB,PC_IND_IU3,RO2,2025,26.15 ,26.15
A,I_DSK2_SF_AB,PC_IND_IU3,RO3,2025,31.34 ,31.34
A,I_DSK2_SF_AB,PC_IND_IU3,RO4,2025,21.12 ,21.12
A,I_DSK2_SF_AB,PC_IND_IU3,RS,2025,23.43 ,23.43
A,I_DSK2_SF_AB,PC_IND_IU3,RS1,2025,30.40 ,30.4
A,I_DSK2_SF_AB,PC_IND_IU3,RS2,2025,15.68 ,15.68
A,I_DSK2_SF_AB,PC_IND_IU3,SE,2025,54.94 ,54.94
A,I_DSK2_SF_AB,PC_IND_IU3,SE1,2025,56.08 ,56.08
A,I_DSK2_SF_AB,PC_IND_IU3,SE2,2025,54.39 ,54.39
A,I_DSK2_SF_AB,PC_IND_IU3,SE3,2025,53.57 ,53.57
A,I_DSK2_SF_AB,PC_IND_IU3,SI,2025,32.72 ,32.72
A,I_DSK2_SF_AB,PC_IND_IU3,SK,2025,37.02 ,37.02
A,I_DSK2_SF_AB,PC_IND_IU3,TR,2025,34.08 ,34.08
A,I_DSK2_SF_AB,PC_IND_IU3,TR1,2025,38.40 ,38.4
A,I_DSK2_SF_AB,PC_IND_IU3,TR2,2025,36.86 ,36.86
A,I_DSK2_SF_AB,PC_IND_IU3,TR3,2025,28.46 ,28.46
A,I_DSK2_SF_AB,PC_IND_IU3,TR4,2025,45.37 ,45.37
A,I_DSK2_SF_AB,PC_IND_IU3,TR5,2025,45.58 ,45.58
A,I_DSK2_SF_AB,PC_IND_IU3,TR6,2025,34.60 ,34.6
A,I_DSK2_SF_AB,PC_IND_IU3,TR7,2025,30.77 ,30.77
A,I_DSK2_SF_AB,PC_IND_IU3,TR8,2025,25.72 ,25.72
A,I_DSK2_SF_AB,PC_IND_IU3,TR9,2025,26.84 ,26.84
A,I_DSK2_SF_AB,PC_IND_IU3,TRA,2025,22.39 ,22.39
A,I_DSK2_SF_AB,PC_IND_IU3,TRB,2025,23.73 ,23.73
A,I_DSK2_SF_AB,PC_IND_IU3,TRC,2025,20.98 ,20.98
A,I_DSK2_SF_AB,PC_IND_IU3,XK,2025,18.80 ,18.8
A,I_DSK2_SF_B,PC_IND,AL,2025,25.90 ,25.9
A,I_DSK2_SF_B,PC_IND,AT,2025,22.40 ,22.4
A,I_DSK2_SF_B,PC_IND,AT1,2025,23.11 ,23.11
A,I_DSK2_SF_B,PC_IND,AT2,2025,22.08 ,22.08
A,I_DSK2_SF_B,PC_IND,AT3,2025,21.71 ,21.71
A,I_DSK2_SF_B,PC_IND,BA,2025,26.17 ,26.17
A,I_DSK2_SF_B,PC_IND,BE,2025,27.61 ,27.61
A,I_DSK2_SF_B,PC_IND,BE1,2025,23.93 ,23.93
A,I_DSK2_SF_B,PC_IND,BE2,2025,28.21 ,28.21
A,I_DSK2_SF_B,PC_IND,BE3,2025,27.77 ,27.77
A,I_DSK2_SF_B,PC_IND,BG,2025,33.95 ,33.95
A,I_DSK2_SF_B,PC_IND,BG3,2025,32.44 ,32.44
A,I_DSK2_SF_B,PC_IND,BG4,2025,35.34 ,35.34
A,I_DSK2_SF_B,PC_IND,CH,2025,18.88 ,18.88
A,I_DSK2_SF_B,PC_IND,CY,2025,40.63 ,40.63
A,I_DSK2_SF_B,PC_IND,CZ,2025,23.79 ,23.79
A,I_DSK2_SF_B,PC_IND,DE,2025,33.85 ,33.85
A,I_DSK2_SF_B,PC_IND,DE1,2025,36.04 ,36.04
A,I_DSK2_SF_B,PC_IND,DE2,2025,29.85 ,29.85
A,I_DSK2_SF_B,PC_IND,DE3,2025,28.43 ,28.43
A,I_DSK2_SF_B,PC_IND,DE4,2025,33.78 ,33.78
A,I_DSK2_SF_B,PC_IND,DE6,2025,28.46 ,28.46
A,I_DSK2_SF_B,PC_IND,DE7,2025,32.94 ,32.94
A,I_DSK2_SF_B,PC_IND,DE8,2025,36.22 ,36.22
A,I_DSK2_SF_B,PC_IND,DE9,2025,36.08 ,36.08
A,I_DSK2_SF_B,PC_IND,DEA,2025,36.31 ,36.31
A,I_DSK2_SF_B,PC_IND,DED,2025,32.22 ,32.22
A,I_DSK2_SF_B,PC_IND,DEE,2025,28.69 ,28.69
A,I_DSK2_SF_B,PC_IND,DEF,2025,34.95 ,34.95
A,I_DSK2_SF_B,PC_IND,DK,2025,17.27 ,17.27
A,I_DSK2_SF_B,PC_IND,EE,2025,24.19 ,24.19
A,I_DSK2_SF_B,PC_IND,EL,2025,28.16 ,28.16
A,I_DSK2_SF_B,PC_IND,EL3,2025,39.15 ,39.15
A,I_DSK2_SF_B,PC_IND,EL4,2025,18.96 ,18.96
A,I_DSK2_SF_B,PC_IND,EL5,2025,19.39 ,19.39
A,I_DSK2_SF_B,PC_IND,EL6,2025,25.51 ,25.51
A,I_DSK2_SF_B,PC_IND,ES,2025,14.51 ,14.51
A,I_DSK2_SF_B,PC_IND,ES1,2025,13.31 ,13.31
A,I_DSK2_SF_B,PC_IND,ES2,2025,17.43 ,17.43
A,I_DSK2_SF_B,PC_IND,ES3,2025,12.91 ,12.91
A,I_DSK2_SF_B,PC_IND,ES4,2025,14.57 ,14.57
A,I_DSK2_SF_B,PC_IND,ES5,2025,14.44 ,14.44
A,I_DSK2_SF_B,PC_IND,ES6,2025,14.47 ,14.47
A,I_DSK2_SF_B,PC_IND,ES7,2025,16.38 ,16.38
A,I_DSK2_SF_B,PC_IND,FI,2025,14.06 ,14.06
A,I_DSK2_SF_B,PC_IND,FR,2025,25.06 ,25.06
A,I_DSK2_SF_B,PC_IND,FR1,2025,24.55 u,24.55
A,I_DSK2_SF_B,PC_IND,FRB,2025,23.23 u,23.23
A,I_DSK2_SF_B,PC_IND,FRC,2025,26.27 u,26.27
A,I_DSK2_SF_B,PC_IND,FRD,2025,20.78 u,20.78
A,I_DSK2_SF_B,PC_IND,FRE,2025,25.67 u,25.67
A,I_DSK2_SF_B,PC_IND,FRF,2025,24.30 u,24.3
A,I_DSK2_SF_B,PC_IND,FRG,2025,26.90 u,26.9
A,I_DSK2_SF_B,PC_IND,FRH,2025,25.08 u,25.08
A,I_DSK2_SF_B,PC_IND,FRI,2025,26.82 u,26.82
A,I_DSK2_SF_B,PC_IND,FRJ,2025,25.55 u,25.55
A,I_DSK2_SF_B,PC_IND,FRK,2025,25.25 u,25.25
A,I_DSK2_SF_B,PC_IND,FRL,2025,26.87 u,26.87
A,I_DSK2_SF_B,PC_IND,FRM,2025,24.67 u,24.67
A,I_DSK2_SF_B,PC_IND,FRY,2025,20.02 u,20.02
A,I_DSK2_SF_B,PC_IND,HR,2025,16.50 ,16.5
A,I_DSK2_SF_B,PC_IND,HU,2025,22.19 ,22.19
A,I_DSK2_SF_B,PC_IND,HU1,2025,18.70 ,18.7
A,I_DSK2_SF_B,PC_IND,HU2,2025,24.56 ,24.56
A,I_DSK2_SF_B,PC_IND,HU3,2025,23.26 ,23.26
A,I_DSK2_SF_B,PC_IND,IE,2025,22.29 ,22.29
A,I_DSK2_SF_B,PC_IND,IT,2025,13.48 ,13.48
A,I_DSK2_SF_B,PC_IND,ITC,2025,13.88 ,13.88
A,I_DSK2_SF_B,PC_IND,ITF,2025,13.46 ,13.46
A,I_DSK2_SF_B,PC_IND,ITG,2025,12.08 ,12.08
A,I_DSK2_SF_B,PC_IND,ITH,2025,13.61 ,13.61
A,I_DSK2_SF_B,PC_IND,ITI,2025,13.58 ,13.58
A,I_DSK2_SF_B,PC_IND,LT,2025,21.91 ,21.91
A,I_DSK2_SF_B,PC_IND,LU,2025,32.57 ,32.57
A,I_DSK2_SF_B,PC_IND,LV,2025,30.14 ,30.14
A,I_DSK2_SF_B,PC_IND,ME,2025,21.65 ,21.65
A,I_DSK2_SF_B,PC_IND,MK,2025,36.90 ,36.9
A,I_DSK2_SF_B,PC_IND,MT,2025,21.88 ,21.88
A,I_DSK2_SF_B,PC_IND,NL,2025,15.55 ,15.55
A,I_DSK2_SF_B,PC_IND,NL1,2025,16.87 ,16.87
A,I_DSK2_SF_B,PC_IND,NL2,2025,16.76 ,16.76
A,I_DSK2_SF_B,PC_IND,NL3,2025,14.15 ,14.15
A,I_DSK2_SF_B,PC_IND,NL4,2025,16.93 ,16.93
A,I_DSK2_SF_B,PC_IND,NO,2025,20.05 ,20.05
A,I_DSK2_SF_B,PC_IND,PL,2025,22.61 ,22.61
A,I_DSK2_SF_B,PC_IND,PL2,2025,20.02 ,20.02
A,I_DSK2_SF_B,PC_IND,PL4,2025,21.99 ,21.99
A,I_DSK2_SF_B,PC_IND,PL5,2025,25.55 ,25.55
A,I_DSK2_SF_B,PC_IND,PL6,2025,24.93 ,24.93
A,I_DSK2_SF_B,PC_IND,PL7,2025,28.28 ,28.28
A,I_DSK2_SF_B,PC_IND,PL8,2025,21.11 ,21.11
A,I_DSK2_SF_B,PC_IND,PL9,2025,20.96 ,20.96
A,I_DSK2_SF_B,PC_IND,PT,2025,17.87 ,17.87
A,I_DSK2_SF_B,PC_IND,PT1,2025,17.67 ,17.67
A,I_DSK2_SF_B,PC_IND,PT2,2025,24.68 ,24.68
A,I_DSK2_SF_B,PC_IND,PT3,2025,19.27 ,19.27
A,I_DSK2_SF_B,PC_IND,RO,2025,28.10 ,28.1
A,I_DSK2_SF_B,PC_IND,RO1,2025,28.46 ,28.46
A,I_DSK2_SF_B,PC_IND,RO2,2025,26.99 ,26.99
A,I_DSK2_SF_B,PC_IND,RO3,2025,27.50 ,27.5
A,I_DSK2_SF_B,PC_IND,RO4,2025,30.21 ,30.21
A,I_DSK2_SF_B,PC_IND,RS,2025,27.01 ,27.01
A,I_DSK2_SF_B,PC_IND,RS1,2025,25.02 ,25.02
A,I_DSK2_SF_B,PC_IND,RS2,2025,29.12 ,29.12
A,I_DSK2_SF_B,PC_IND,SE,2025,26.58 ,26.58
A,I_DSK2_SF_B,PC_IND,SE1,2025,25.50 ,25.5
A,I_DSK2_SF_B,PC_IND,SE2,2025,27.87 ,27.87
A,I_DSK2_SF_B,PC_IND,SE3,2025,25.99 ,25.99
A,I_DSK2_SF_B,PC_IND,SI,2025,26.19 ,26.19
A,I_DSK2_SF_B,PC_IND,SK,2025,31.81 ,31.81
A,I_DSK2_SF_B,PC_IND,TR,2025,24.08 ,24.08
A,I_DSK2_SF_B,PC_IND,TR1,2025,25.17 ,25.17
A,I_DSK2_SF_B,PC_IND,TR2,2025,25.35 ,25.35
A,I_DSK2_SF_B,PC_IND,TR3,2025,25.65 ,25.65
A,I_DSK2_SF_B,PC_IND,TR4,2025,25.82 ,25.82
A,I_DSK2_SF_B,PC_IND,TR5,2025,26.09 ,26.09
A,I_DSK2_SF_B,PC_IND,TR6,2025,22.63 ,22.63
A,I_DSK2_SF_B,PC_IND,TR7,2025,20.40 ,20.4
A,I_DSK2_SF_B,PC_IND,TR8,2025,23.23 ,23.23
A,I_DSK2_SF_B,PC_IND,TR9,2025,21.01 ,21.01
A,I_DSK2_SF_B,PC_IND,TRA,2025,15.27 ,15.27
A,I_DSK2_SF_B,PC_IND,TRB,2025,19.31 ,19.31
A,I_DSK2_SF_B,PC_IND,TRC,2025,24.49 ,24.49
A,I_DSK2_SF_B,PC_IND,XK,2025,78.51 ,78.51
A,I_DSK2_SF_B,PC_IND_IU3,AL,2025,29.70 ,29.7
A,I_DSK2_SF_B,PC_IND_IU3,AT,2025,23.51 ,23.51
A,I_DSK2_SF_B,PC_IND_IU3,AT1,2025,23.90 ,23.9
A,I_DSK2_SF_B,PC_IND_IU3,AT2,2025,23.59 ,23.59
A,I_DSK2_SF_B,PC_IND_IU3,AT3,2025,22.97 ,22.97
A,I_DSK2_SF_B,PC_IND_IU3,BA,2025,29.04 ,29.04
A,I_DSK2_SF_B,PC_IND_IU3,BE,2025,28.62 ,28.62
A,I_DSK2_SF_B,PC_IND_IU3,BE1,2025,25.31 ,25.31
A,I_DSK2_SF_B,PC_IND_IU3,BE2,2025,29.09 ,29.09
A,I_DSK2_SF_B,PC_IND_IU3,BE3,2025,28.87 ,28.87
A,I_DSK2_SF_B,PC_IND_IU3,BG,2025,39.10 ,39.1
A,I_DSK2_SF_B,PC_IND_IU3,BG3,2025,37.76 ,37.76
A,I_DSK2_SF_B,PC_IND_IU3,BG4,2025,40.30 ,40.3
A,I_DSK2_SF_B,PC_IND_IU3,CH,2025,19.08 ,19.08
A,I_DSK2_SF_B,PC_IND_IU3,CY,2025,43.32 ,43.32
A,I_DSK2_SF_B,PC_IND_IU3,CZ,2025,25.17 ,25.17
A,I_DSK2_SF_B,PC_IND_IU3,DE,2025,35.78 ,35.78
A,I_DSK2_SF_B,PC_IND_IU3,DE1,2025,37.57 ,37.57
A,I_DSK2_SF_B,PC_IND_IU3,DE2,2025,31.52 ,31.52
A,I_DSK2_SF_B,PC_IND_IU3,DE3,2025,30.55 ,30.55
A,I_DSK2_SF_B,PC_IND_IU3,DE4,2025,37.37 ,37.37
A,I_DSK2_SF_B,PC_IND_IU3,DE6,2025,29.50 ,29.5
A,I_DSK2_SF_B,PC_IND_IU3,DE7,2025,34.49 ,34.49
A,I_DSK2_SF_B,PC_IND_IU3,DE8,2025,38.71 ,38.71
A,I_DSK2_SF_B,PC_IND_IU3,DE9,2025,37.93 ,37.93
A,I_DSK2_SF_B,PC_IND_IU3,DEA,2025,38.34 ,38.34
A,I_DSK2_SF_B,PC_IND_IU3,DED,2025,33.89 ,33.89
A,I_DSK2_SF_B,PC_IND_IU3,DEE,2025,31.92 ,31.92
A,I_DSK2_SF_B,PC_IND_IU3,DEF,2025,36.91 ,36.91
A,I_DSK2_SF_B,PC_IND_IU3,DK,2025,17.32 ,17.32
A,I_DSK2_SF_B,PC_IND_IU3,EE,2025,25.50 ,25.5
A,I_DSK2_SF_B,PC_IND_IU3,EL,2025,31.58 ,31.58
A,I_DSK2_SF_B,PC_IND_IU3,EL3,2025,41.51 ,41.51
A,I_DSK2_SF_B,PC_IND_IU3,EL4,2025,22.02 ,22.02
A,I_DSK2_SF_B,PC_IND_IU3,EL5,2025,21.69 ,21.69
A,I_DSK2_SF_B,PC_IND_IU3,EL6,2025,31.03 ,31.03
A,I_DSK2_SF_B,PC_IND_IU3,ES,2025,15.06 ,15.06
A,I_DSK2_SF_B,PC_IND_IU3,ES1,2025,14.14 ,14.14
A,I_DSK2_SF_B,PC_IND_IU3,ES2,2025,18.09 ,18.09
A,I_DSK2_SF_B,PC_IND_IU3,ES3,2025,13.16 ,13.16
A,I_DSK2_SF_B,PC_IND_IU3,ES4,2025,15.32 ,15.32
A,I_DSK2_SF_B,PC_IND_IU3,ES5,2025,14.80 ,14.8
A,I_DSK2_SF_B,PC_IND_IU3,ES6,2025,15.25 ,15.25
A,I_DSK2_SF_B,PC_IND_IU3,ES7,2025,17.00 ,17.0
A,I_DSK2_SF_B,PC_IND_IU3,FI,2025,14.34 ,14.34
A,I_DSK2_SF_B,PC_IND_IU3,FR,2025,26.38 ,26.38
A,I_DSK2_SF_B,PC_IND_IU3,FR1,2025,25.44 u,25.44
A,I_DSK2_SF_B,PC_IND_IU3,FRB,2025,24.33 u,24.33
A,I_DSK2_SF_B,PC_IND_IU3,FRC,2025,28.40 u,28.4
A,I_DSK2_SF_B,PC_IND_IU3,FRD,2025,21.87 u,21.87
A,I_DSK2_SF_B,PC_IND_IU3,FRE,2025,27.45 u,27.45
A,I_DSK2_SF_B,PC_IND_IU3,FRF,2025,25.93 u,25.93
A,I_DSK2_SF_B,PC_IND_IU3,FRG,2025,27.94 u,27.94
A,I_DSK2_SF_B,PC_IND_IU3,FRH,2025,26.32 u,26.32
A,I_DSK2_SF_B,PC_IND_IU3,FRI,2025,28.10 u,28.1
A,I_DSK2_SF_B,PC_IND_IU3,FRJ,2025,26.94 u,26.94
A,I_DSK2_SF_B,PC_IND_IU3,FRK,2025,26.52 u,26.52
A,I_DSK2_SF_B,PC_IND_IU3,FRL,2025,28.05 u,28.05
A,I_DSK2_SF_B,PC_IND_IU3,FRM,2025,26.69 u,26.69
A,I_DSK2_SF_B,PC_IND_IU3,FRY,2025,22.57 u,22.57
A,I_DSK2_SF_B,PC_IND_IU3,HR,2025,19.21 ,19.21
A,I_DSK2_SF_B,PC_IND_IU3,HU,2025,23.91 ,23.91
A,I_DSK2_SF_B,PC_IND_IU3,HU1,2025,19.64 ,19.64
A,I_DSK2_SF_B,PC_IND_IU3,HU2,2025,26.52 ,26.52
A,I_DSK2_SF_B,PC_IND_IU3,HU3,2025,25.59 ,25.59
A,I_DSK2_SF_B,PC_IND_IU3,IE,2025,22.34 ,22.34
A,I_DSK2_SF_B,PC_IND_IU3,IT,2025,14.92 ,14.92
A,I_DSK2_SF_B,PC_IND_IU3,ITC,2025,14.94 ,14.94
A,I_DSK2_SF_B,PC_IND_IU3,ITF,2025,15.89 ,15.89
A,I_DSK2_SF_B,PC_IND_IU3,ITG,2025,13.93 ,13.93
A,I_DSK2_SF_B,PC_IND_IU3,ITH,2025,14.71 ,14.71
A,I_DSK2_SF_B,PC_IND_IU3,ITI,2025,14.58 ,14.58
A,I_DSK2_SF_B,PC_IND_IU3,LT,2025,24.54 ,24.54
A,I_DSK2_SF_B,PC_IND_IU3,LU,2025,32.86 ,32.86
A,I_DSK2_SF_B,PC_IND_IU3,LV,2025,31.88 ,31.88
A,I_DSK2_SF_B,PC_IND_IU3,ME,2025,22.98 ,22.98
A,I_DSK2_SF_B,PC_IND_IU3,MK,2025,40.04 ,40.04
A,I_DSK2_SF_B,PC_IND_IU3,MT,2025,22.79 ,22.79
A,I_DSK2_SF_B,PC_IND_IU3,NL,2025,15.60 ,15.6
A,I_DSK2_SF_B,PC_IND_IU3,NL1,2025,16.89 ,16.89
A,I_DSK2_SF_B,PC_IND_IU3,NL2,2025,16.80 ,16.8
A,I_DSK2_SF_B,PC_IND_IU3,NL3,2025,14.19 ,14.19
A,I_DSK2_SF_B,PC_IND_IU3,NL4,2025,17.03 ,17.03
A,I_DSK2_SF_B,PC_IND_IU3,NO,2025,20.29 ,20.29
A,I_DSK2_SF_B,PC_IND_IU3,PL,2025,25.22 ,25.22
A,I_DSK2_SF_B,PC_IND_IU3,PL2,2025,22.22 ,22.22
A,I_DSK2_SF_B,PC_IND_IU3,PL4,2025,24.12 ,24.12
A,I_DSK2_SF_B,PC_IND_IU3,PL5,2025,27.32 ,27.32
A,I_DSK2_SF_B,PC_IND_IU3,PL6,2025,27.99 ,27.99
A,I_DSK2_SF_B,PC_IND_IU3,PL7,2025,33.30 ,33.3
A,I_DSK2_SF_B,PC_IND_IU3,PL8,2025,24.11 ,24.11
A,I_DSK2_SF_B,PC_IND_IU3,PL9,2025,22.99 ,22.99
A,I_DSK2_SF_B,PC_IND_IU3,PT,2025,19.98 ,19.98
A,I_DSK2_SF_B,PC_IND_IU3,PT1,2025,19.74 ,19.74
A,I_DSK2_SF_B,PC_IND_IU3,PT2,2025,27.68 ,27.68
A,I_DSK2_SF_B,PC_IND_IU3,PT3,2025,21.81 ,21.81
A,I_DSK2_SF_B,PC_IND_IU3,RO,2025,30.17 ,30.17
A,I_DSK2_SF_B,PC_IND_IU3,RO1,2025,30.25 ,30.25
A,I_DSK2_SF_B,PC_IND_IU3,RO2,2025,29.28 ,29.28
A,I_DSK2_SF_B,PC_IND_IU3,RO3,2025,29.45 ,29.45
A,I_DSK2_SF_B,PC_IND_IU3,RO4,2025,32.48 ,32.48
A,I_DSK2_SF_B,PC_IND_IU3,RS,2025,29.99 ,29.99
A,I_DSK2_SF_B,PC_IND_IU3,RS1,2025,27.28 ,27.28
A,I_DSK2_SF_B,PC_IND_IU3,RS2,2025,33.01 ,33.01
A,I_DSK2_SF_B,PC_IND_IU3,SE,2025,27.05 ,27.05
A,I_DSK2_SF_B,PC_IND_IU3,SE1,2025,26.02 ,26.02
A,I_DSK2_SF_B,PC_IND_IU3,SE2,2025,28.29 ,28.29
A,I_DSK2_SF_B,PC_IND_IU3,SE3,2025,26.45 ,26.45
A,I_DSK2_SF_B,PC_IND_IU3,SI,2025,28.60 ,28.6
A,I_DSK2_SF_B,PC_IND_IU3,SK,2025,34.39 ,34.39
A,I_DSK2_SF_B,PC_IND_IU3,TR,2025,26.83 ,26.83
A,I_DSK2_SF_B,PC_IND_IU3,TR1,2025,26.18 ,26.18
A,I_DSK2_SF_B,PC_IND_IU3,TR2,2025,28.93 ,28.93
A,I_DSK2_SF_B,PC_IND_IU3,TR3,2025,28.92 ,28.92
A,I_DSK2_SF_B,PC_IND_IU3,TR4,2025,27.87 ,27.87
A,I_DSK2_SF_B,PC_IND_IU3,TR5,2025,28.89 ,28.89
A,I_DSK2_SF_B,PC_IND_IU3,TR6,2025,25.35 ,25.35
A,I_DSK2_SF_B,PC_IND_IU3,TR7,2025,23.05 ,23.05
A,I_DSK2_SF_B,PC_IND_IU3,TR8,2025,26.73 ,26.73
A,I_DSK2_SF_B,PC_IND_IU3,TR9,2025,24.76 ,24.76
A,I_DSK2_SF_B,PC_IND_IU3,TRA,2025,18.14 ,18.14
A,I_DSK2_SF_B,PC_IND_IU3,TRB,2025,24.56 ,24.56
A,I_DSK2_SF_B,PC_IND_IU3,TRC,2025,28.27 ,28.27
A,I_DSK2_SF_B,PC_IND_IU3,XK,2025,79.73 ,79.73
A,I_DSK2_SF_BAB,PC_IND,AL,2025,42.57 ,42.57
A,I_DSK2_SF_BAB,PC_IND,AT,2025,76.42 ,76.42
A,I_DSK2_SF_BAB,PC_IND,AT1,2025,77.35 ,77.35
A,I_DSK2_SF_BAB,PC_IND,AT2,2025,75.58 ,75.58
A,I_DSK2_SF_BAB,PC_IND,AT3,2025,75.75 ,75.75
A,I_DSK2_SF_BAB,PC_IND,BA,2025,49.05 ,49.05
A,I_DSK2_SF_BAB,PC_IND,BE,2025,70.41 ,70.41
A,I_DSK2_SF_BAB,PC_IND,BE1,2025,72.58 ,72.58
A,I_DSK2_SF_BAB,PC_IND,BE2,2025,68.78 ,68.78
A,I_DSK2_SF_BAB,PC_IND,BE3,2025,72.65 ,72.65
A,I_DSK2_SF_BAB,PC_IND,BG,2025,55.11 ,55.11
A,I_DSK2_SF_BAB,PC_IND,BG3,2025,50.82 ,50.82
A,I_DSK2_SF_BAB,PC_IND,BG4,2025,59.05 ,59.05
A,I_DSK2_SF_BAB,PC_IND,CH,2025,89.16 ,89.16
A,I_DSK2_SF_BAB,PC_IND,CY,2025,66.43 ,66.43
A,I_DSK2_SF_BAB,PC_IND,CZ,2025,85.77 ,85.77
A,I_DSK2_SF_BAB,PC_IND,DE,2025,73.22 ,73.22
A,I_DSK2_SF_BAB,PC_IND,DE1,2025,79.06 ,79.06
A,I_DSK2_SF_BAB,PC_IND,DE2,2025,61.81 ,61.81
A,I_DSK2_SF_BAB,PC_IND,DE3,2025,78.82 ,78.82
A,I_DSK2_SF_BAB,PC_IND,DE4,2025,73.80 ,73.8
A,I_DSK2_SF_BAB,PC_IND,DE6,2025,72.63 ,72.63
A,I_DSK2_SF_BAB,PC_IND,DE7,2025,67.55 ,67.55
A,I_DSK2_SF_BAB,PC_IND,DE8,2025,65.10 ,65.1
A,I_DSK2_SF_BAB,PC_IND,DE9,2025,76.29 ,76.29
A,I_DSK2_SF_BAB,PC_IND,DEA,2025,76.78 ,76.78
A,I_DSK2_SF_BAB,PC_IND,DED,2025,78.69 ,78.69
A,I_DSK2_SF_BAB,PC_IND,DEE,2025,66.95 ,66.95
A,I_DSK2_SF_BAB,PC_IND,DEF,2025,76.88 ,76.88
A,I_DSK2_SF_BAB,PC_IND,DK,2025,90.61 ,90.61
A,I_DSK2_SF_BAB,PC_IND,EE,2025,74.96 ,74.96
A,I_DSK2_SF_BAB,PC_IND,EL,2025,70.05 ,70.05
A,I_DSK2_SF_BAB,PC_IND,EL3,2025,77.90 ,77.9
A,I_DSK2_SF_BAB,PC_IND,EL4,2025,62.80 ,62.8
A,I_DSK2_SF_BAB,PC_IND,EL5,2025,69.30 ,69.3
A,I_DSK2_SF_BAB,PC_IND,EL6,2025,62.00 ,62.0
A,I_DSK2_SF_BAB,PC_IND,ES,2025,81.21 ,81.21
A,I_DSK2_SF_BAB,PC_IND,ES1,2025,77.83 ,77.83
A,I_DSK2_SF_BAB,PC_IND,ES2,2025,80.84 ,80.84
A,I_DSK2_SF_BAB,PC_IND,ES3,2025,85.80 ,85.8
A,I_DSK2_SF_BAB,PC_IND,ES4,2025,76.94 ,76.94
A,I_DSK2_SF_BAB,PC_IND,ES5,2025,83.41 ,83.41
A,I_DSK2_SF_BAB,PC_IND,ES6,2025,78.66 ,78.66
A,I_DSK2_SF_BAB,PC_IND,ES7,2025,81.35 ,81.35
A,I_DSK2_SF_BAB,PC_IND,FI,2025,92.35 ,92.35
A,I_DSK2_SF_BAB,PC_IND,FR,2025,77.90 ,77.9
A,I_DSK2_SF_BAB,PC_IND,FR1,2025,80.50 u,80.5
A,I_DSK2_SF_BAB,PC_IND,FRB,2025,75.88 u,75.88
A,I_DSK2_SF_BAB,PC_IND,FRC,2025,71.87 u,71.87
A,I_DSK2_SF_BAB,PC_IND,FRD,2025,76.72 u,76.72
A,I_DSK2_SF_BAB,PC_IND,FRE,2025,75.25 u,75.25
A,I_DSK2_SF_BAB,PC_IND,FRF,2025,74.85 u,74.85
A,I_DSK2_SF_BAB,PC_IND,FRG,2025,79.13 u,79.13
A,I_DSK2_SF_BAB,PC_IND,FRH,2025,80.18 u,80.18
A,I_DSK2_SF_BAB,PC_IND,FRI,2025,79.05 u,79.05
A,I_DSK2_SF_BAB,PC_IND,FRJ,2025,78.82 u,78.82
A,I_DSK2_SF_BAB,PC_IND,FRK,2025,80.47 u,80.47
A,I_DSK2_SF_BAB,PC_IND,FRL,2025,79.73 u,79.73
A,I_DSK2_SF_BAB,PC_IND,FRM,2025,79.25 u,79.25
A,I_DSK2_SF_BAB,PC_IND,FRY,2025,61.23 u,61.23
A,I_DSK2_SF_BAB,PC_IND,HR,2025,70.67 ,70.67
A,I_DSK2_SF_BAB,PC_IND,HU,2025,80.01 ,80.01
A,I_DSK2_SF_BAB,PC_IND,HU1,2025,85.59 ,85.59
A,I_DSK2_SF_BAB,PC_IND,HU2,2025,80.09 ,80.09
A,I_DSK2_SF_BAB,PC_IND,HU3,2025,75.25 ,75.25
A,I_DSK2_SF_BAB,PC_IND,IE,2025,88.46 ,88.46
A,I_DSK2_SF_BAB,PC_IND,IT,2025,73.41 ,73.41
A,I_DSK2_SF_BAB,PC_IND,ITC,2025,78.58 ,78.58
A,I_DSK2_SF_BAB,PC_IND,ITF,2025,64.82 ,64.82
A,I_DSK2_SF_BAB,PC_IND,ITG,2025,68.00 ,68.0
A,I_DSK2_SF_BAB,PC_IND,ITH,2025,77.68 ,77.68
A,I_DSK2_SF_BAB,PC_IND,ITI,2025,75.05 ,75.05
A,I_DSK2_SF_BAB,PC_IND,LT,2025,64.31 ,64.31
A,I_DSK2_SF_BAB,PC_IND,LU,2025,71.88 ,71.88
A,I_DSK2_SF_BAB,PC_IND,LV,2025,63.81 ,63.81
A,I_DSK2_SF_BAB,PC_IND,ME,2025,51.14 ,51.14
A,I_DSK2_SF_BAB,PC_IND,MK,2025,58.39 ,58.39
A,I_DSK2_SF_BAB,PC_IND,MT,2025,77.59 ,77.59
A,I_DSK2_SF_BAB,PC_IND,NL,2025,92.26 ,92.26
A,I_DSK2_SF_BAB,PC_IND,NL1,2025,91.52 ,91.52
A,I_DSK2_SF_BAB,PC_IND,NL2,2025,92.32 ,92.32
A,I_DSK2_SF_BAB,PC_IND,NL3,2025,92.99 ,92.99
A,I_DSK2_SF_BAB,PC_IND,NL4,2025,90.88 ,90.88
A,I_DSK2_SF_BAB,PC_IND,NO,2025,90.05 ,90.05
A,I_DSK2_SF_BAB,PC_IND,PL,2025,64.07 ,64.07
A,I_DSK2_SF_BAB,PC_IND,PL2,2025,69.62 ,69.62
A,I_DSK2_SF_BAB,PC_IND,PL4,2025,58.74 ,58.74
A,I_DSK2_SF_BAB,PC_IND,PL5,2025,68.55 ,68.55
A,I_DSK2_SF_BAB,PC_IND,PL6,2025,64.52 ,64.52
A,I_DSK2_SF_BAB,PC_IND,PL7,2025,58.85 ,58.85
A,I_DSK2_SF_BAB,PC_IND,PL8,2025,52.96 ,52.96
A,I_DSK2_SF_BAB,PC_IND,PL9,2025,73.38 ,73.38
A,I_DSK2_SF_BAB,PC_IND,PT,2025,76.52 ,76.52
A,I_DSK2_SF_BAB,PC_IND,PT1,2025,76.79 ,76.79
A,I_DSK2_SF_BAB,PC_IND,PT2,2025,71.18 ,71.18
A,I_DSK2_SF_BAB,PC_IND,PT3,2025,71.26 ,71.26
A,I_DSK2_SF_BAB,PC_IND,RO,2025,52.62 ,52.62
A,I_DSK2_SF_BAB,PC_IND,RO1,2025,51.93 ,51.93
A,I_DSK2_SF_BAB,PC_IND,RO2,2025,51.10 ,51.1
A,I_DSK2_SF_BAB,PC_IND,RO3,2025,56.75 ,56.75
A,I_DSK2_SF_BAB,PC_IND,RO4,2025,49.86 ,49.86
A,I_DSK2_SF_BAB,PC_IND,RS,2025,48.10 ,48.1
A,I_DSK2_SF_BAB,PC_IND,RS1,2025,52.91 ,52.91
A,I_DSK2_SF_BAB,PC_IND,RS2,2025,42.96 ,42.96
A,I_DSK2_SF_BAB,PC_IND,SE,2025,80.56 ,80.56
A,I_DSK2_SF_BAB,PC_IND,SE1,2025,80.45 ,80.45
A,I_DSK2_SF_BAB,PC_IND,SE2,2025,81.45 ,81.45
A,I_DSK2_SF_BAB,PC_IND,SE3,2025,78.61 ,78.61
A,I_DSK2_SF_BAB,PC_IND,SI,2025,56.16 ,56.16
A,I_DSK2_SF_BAB,PC_IND,SK,2025,66.05 ,66.05
A,I_DSK2_SF_BAB,PC_IND,TR,2025,54.68 ,54.68
A,I_DSK2_SF_BAB,PC_IND,TR1,2025,62.10 ,62.1
A,I_DSK2_SF_BAB,PC_IND,TR2,2025,57.65 ,57.65
A,I_DSK2_SF_BAB,PC_IND,TR3,2025,50.88 ,50.88
A,I_DSK2_SF_BAB,PC_IND,TR4,2025,67.87 ,67.87
A,I_DSK2_SF_BAB,PC_IND,TR5,2025,67.27 ,67.27
A,I_DSK2_SF_BAB,PC_IND,TR6,2025,53.51 ,53.51
A,I_DSK2_SF_BAB,PC_IND,TR7,2025,47.64 ,47.64
A,I_DSK2_SF_BAB,PC_IND,TR8,2025,45.58 ,45.58
A,I_DSK2_SF_BAB,PC_IND,TR9,2025,43.77 ,43.77
A,I_DSK2_SF_BAB,PC_IND,TRA,2025,34.13 ,34.13
A,I_DSK2_SF_BAB,PC_IND,TRB,2025,37.97 ,37.97
A,I_DSK2_SF_BAB,PC_IND,TRC,2025,42.66 ,42.66
A,I_DSK2_SF_BAB,PC_IND,XK,2025,97.02 ,97.02
A,I_DSK2_SF_BAB,PC_IND_IU3,AL,2025,48.83 ,48.83
A,I_DSK2_SF_BAB,PC_IND_IU3,AT,2025,80.19 ,80.19
A,I_DSK2_SF_BAB,PC_IND_IU3,AT1,2025,79.98 ,79.98
A,I_DSK2_SF_BAB,PC_IND_IU3,AT2,2025,80.72 ,80.72
A,I_DSK2_SF_BAB,PC_IND_IU3,AT3,2025,80.15 ,80.15
A,I_DSK2_SF_BAB,PC_IND_IU3,BA,2025,54.44 ,54.44
A,I_DSK2_SF_BAB,PC_IND_IU3,BE,2025,72.99 ,72.99
A,I_DSK2_SF_BAB,PC_IND_IU3,BE1,2025,76.79 ,76.79
A,I_DSK2_SF_BAB,PC_IND_IU3,BE2,2025,70.93 ,70.93
A,I_DSK2_SF_BAB,PC_IND_IU3,BE3,2025,75.54 ,75.54
A,I_DSK2_SF_BAB,PC_IND_IU3,BG,2025,63.46 ,63.46
A,I_DSK2_SF_BAB,PC_IND_IU3,BG3,2025,59.15 ,59.15
A,I_DSK2_SF_BAB,PC_IND_IU3,BG4,2025,67.33 ,67.33
A,I_DSK2_SF_BAB,PC_IND_IU3,CH,2025,90.14 ,90.14
A,I_DSK2_SF_BAB,PC_IND_IU3,CY,2025,70.83 ,70.83
A,I_DSK2_SF_BAB,PC_IND_IU3,CZ,2025,90.74 ,90.74
A,I_DSK2_SF_BAB,PC_IND_IU3,DE,2025,77.42 ,77.42
A,I_DSK2_SF_BAB,PC_IND_IU3,DE1,2025,82.40 ,82.4
A,I_DSK2_SF_BAB,PC_IND_IU3,DE2,2025,65.25 ,65.25
A,I_DSK2_SF_BAB,PC_IND_IU3,DE3,2025,84.70 ,84.7
A,I_DSK2_SF_BAB,PC_IND_IU3,DE4,2025,81.64 ,81.64
A,I_DSK2_SF_BAB,PC_IND_IU3,DE6,2025,75.30 ,75.3
A,I_DSK2_SF_BAB,PC_IND_IU3,DE7,2025,70.72 ,70.72
A,I_DSK2_SF_BAB,PC_IND_IU3,DE8,2025,69.56 ,69.56
A,I_DSK2_SF_BAB,PC_IND_IU3,DE9,2025,80.21 ,80.21
A,I_DSK2_SF_BAB,PC_IND_IU3,DEA,2025,81.08 ,81.08
A,I_DSK2_SF_BAB,PC_IND_IU3,DED,2025,82.78 ,82.78
A,I_DSK2_SF_BAB,PC_IND_IU3,DEE,2025,74.47 ,74.47
A,I_DSK2_SF_BAB,PC_IND_IU3,DEF,2025,81.18 ,81.18
A,I_DSK2_SF_BAB,PC_IND_IU3,DK,2025,90.88 ,90.88
A,I_DSK2_SF_BAB,PC_IND_IU3,EE,2025,79.02 ,79.02
A,I_DSK2_SF_BAB,PC_IND_IU3,EL,2025,78.58 ,78.58
A,I_DSK2_SF_BAB,PC_IND_IU3,EL3,2025,82.60 ,82.6
A,I_DSK2_SF_BAB,PC_IND_IU3,EL4,2025,72.92 ,72.92
A,I_DSK2_SF_BAB,PC_IND_IU3,EL5,2025,77.52 ,77.52
A,I_DSK2_SF_BAB,PC_IND_IU3,EL6,2025,75.43 ,75.43
A,I_DSK2_SF_BAB,PC_IND_IU3,ES,2025,84.30 ,84.3
A,I_DSK2_SF_BAB,PC_IND_IU3,ES1,2025,82.64 ,82.64
A,I_DSK2_SF_BAB,PC_IND_IU3,ES2,2025,83.91 ,83.91
A,I_DSK2_SF_BAB,PC_IND_IU3,ES3,2025,87.49 ,87.49
A,I_DSK2_SF_BAB,PC_IND_IU3,ES4,2025,80.87 ,80.87
A,I_DSK2_SF_BAB,PC_IND_IU3,ES5,2025,85.49 ,85.49
A,I_DSK2_SF_BAB,PC_IND_IU3,ES6,2025,82.89 ,82.89
A,I_DSK2_SF_BAB,PC_IND_IU3,ES7,2025,84.42 ,84.42
A,I_DSK2_SF_BAB,PC_IND_IU3,FI,2025,94.16 ,94.16
A,I_DSK2_SF_BAB,PC_IND_IU3,FR,2025,82.02 ,82.02
A,I_DSK2_SF_BAB,PC_IND_IU3,FR1,2025,83.42 u,83.42
A,I_DSK2_SF_BAB,PC_IND_IU3,FRB,2025,79.49 u,79.49
A,I_DSK2_SF_BAB,PC_IND_IU3,FRC,2025,77.71 u,77.71
A,I_DSK2_SF_BAB,PC_IND_IU3,FRD,2025,80.75 u,80.75
A,I_DSK2_SF_BAB,PC_IND_IU3,FRE,2025,80.48 u,80.48
A,I_DSK2_SF_BAB,PC_IND_IU3,FRF,2025,79.88 u,79.88
A,I_DSK2_SF_BAB,PC_IND_IU3,FRG,2025,82.20 u,82.2
A,I_DSK2_SF_BAB,PC_IND_IU3,FRH,2025,84.13 u,84.13
A,I_DSK2_SF_BAB,PC_IND_IU3,FRI,2025,82.81 u,82.81
A,I_DSK2_SF_BAB,PC_IND_IU3,FRJ,2025,83.10 u,83.1
A,I_DSK2_SF_BAB,PC_IND_IU3,FRK,2025,84.53 u,84.53
A,I_DSK2_SF_BAB,PC_IND_IU3,FRL,2025,83.24 u,83.24
A,I_DSK2_SF_BAB,PC_IND_IU3,FRM,2025,85.74 u,85.74
A,I_DSK2_SF_BAB,PC_IND_IU3,FRY,2025,69.00 u,69.0
A,I_DSK2_SF_BAB,PC_IND_IU3,HR,2025,82.27 ,82.27
A,I_DSK2_SF_BAB,PC_IND_IU3,HU,2025,86.22 ,86.22
A,I_DSK2_SF_BAB,PC_IND_IU3,HU1,2025,89.90 ,89.9
A,I_DSK2_SF_BAB,PC_IND_IU3,HU2,2025,86.46 ,86.46
A,I_DSK2_SF_BAB,PC_IND_IU3,HU3,2025,82.77 ,82.77
A,I_DSK2_SF_BAB,PC_IND_IU3,IE,2025,88.66 ,88.66
A,I_DSK2_SF_BAB,PC_IND_IU3,IT,2025,81.27 ,81.27
A,I_DSK2_SF_BAB,PC_IND_IU3,ITC,2025,84.58 ,84.58
A,I_DSK2_SF_BAB,PC_IND_IU3,ITF,2025,76.53 ,76.53
A,I_DSK2_SF_BAB,PC_IND_IU3,ITG,2025,78.45 ,78.45
A,I_DSK2_SF_BAB,PC_IND_IU3,ITH,2025,83.98 ,83.98
A,I_DSK2_SF_BAB,PC_IND_IU3,ITI,2025,80.56 ,80.56
A,I_DSK2_SF_BAB,PC_IND_IU3,LT,2025,72.02 ,72.02
A,I_DSK2_SF_BAB,PC_IND_IU3,LU,2025,72.51 ,72.51
A,I_DSK2_SF_BAB,PC_IND_IU3,LV,2025,67.50 ,67.5
A,I_DSK2_SF_BAB,PC_IND_IU3,ME,2025,54.27 ,54.27
A,I_DSK2_SF_BAB,PC_IND_IU3,MK,2025,63.37 ,63.37
A,I_DSK2_SF_BAB,PC_IND_IU3,MT,2025,80.81 ,80.81
A,I_DSK2_SF_BAB,PC_IND_IU3,NL,2025,92.53 ,92.53
A,I_DSK2_SF_BAB,PC_IND_IU3,NL1,2025,91.65 ,91.65
A,I_DSK2_SF_BAB,PC_IND_IU3,NL2,2025,92.53 ,92.53
A,I_DSK2_SF_BAB,PC_IND_IU3,NL3,2025,93.20 ,93.2
A,I_DSK2_SF_BAB,PC_IND_IU3,NL4,2025,91.41 ,91.41
A,I_DSK2_SF_BAB,PC_IND_IU3,NO,2025,91.13 ,91.13
A,I_DSK2_SF_BAB,PC_IND_IU3,PL,2025,71.46 ,71.46
A,I_DSK2_SF_BAB,PC_IND_IU3,PL2,2025,77.26 ,77.26
A,I_DSK2_SF_BAB,PC_IND_IU3,PL4,2025,64.44 ,64.44
A,I_DSK2_SF_BAB,PC_IND_IU3,PL5,2025,73.29 ,73.29
A,I_DSK2_SF_BAB,PC_IND_IU3,PL6,2025,72.43 ,72.43
A,I_DSK2_SF_BAB,PC_IND_IU3,PL7,2025,69.31 ,69.31
A,I_DSK2_SF_BAB,PC_IND_IU3,PL8,2025,60.50 ,60.5
A,I_DSK2_SF_BAB,PC_IND_IU3,PL9,2025,80.49 ,80.49
A,I_DSK2_SF_BAB,PC_IND_IU3,PT,2025,85.54 ,85.54
A,I_DSK2_SF_BAB,PC_IND_IU3,PT1,2025,85.81 ,85.81
A,I_DSK2_SF_BAB,PC_IND_IU3,PT2,2025,79.81 ,79.81
A,I_DSK2_SF_BAB,PC_IND_IU3,PT3,2025,80.68 ,80.68
A,I_DSK2_SF_BAB,PC_IND_IU3,RO,2025,56.49 ,56.49
A,I_DSK2_SF_BAB,PC_IND_IU3,RO1,2025,55.19 ,55.19
A,I_DSK2_SF_BAB,PC_IND_IU3,RO2,2025,55.42 ,55.42
A,I_DSK2_SF_BAB,PC_IND_IU3,RO3,2025,60.79 ,60.79
A,I_DSK2_SF_BAB,PC_IND_IU3,RO4,2025,53.60 ,53.6
A,I_DSK2_SF_BAB,PC_IND_IU3,RS,2025,53.42 ,53.42
A,I_DSK2_SF_BAB,PC_IND_IU3,RS1,2025,57.68 ,57.68
A,I_DSK2_SF_BAB,PC_IND_IU3,RS2,2025,48.69 ,48.69
A,I_DSK2_SF_BAB,PC_IND_IU3,SE,2025,81.99 ,81.99
A,I_DSK2_SF_BAB,PC_IND_IU3,SE1,2025,82.10 ,82.1
A,I_DSK2_SF_BAB,PC_IND_IU3,SE2,2025,82.68 ,82.68
A,I_DSK2_SF_BAB,PC_IND_IU3,SE3,2025,80.02 ,80.02
A,I_DSK2_SF_BAB,PC_IND_IU3,SI,2025,61.33 ,61.33
A,I_DSK2_SF_BAB,PC_IND_IU3,SK,2025,71.41 ,71.41
A,I_DSK2_SF_BAB,PC_IND_IU3,TR,2025,60.91 ,60.91
A,I_DSK2_SF_BAB,PC_IND_IU3,TR1,2025,64.58 ,64.58
A,I_DSK2_SF_BAB,PC_IND_IU3,TR2,2025,65.79 ,65.79
A,I_DSK2_SF_BAB,PC_IND_IU3,TR3,2025,57.38 ,57.38
A,I_DSK2_SF_BAB,PC_IND_IU3,TR4,2025,73.23 ,73.23
A,I_DSK2_SF_BAB,PC_IND_IU3,TR5,2025,74.47 ,74.47
A,I_DSK2_SF_BAB,PC_IND_IU3,TR6,2025,59.96 ,59.96
A,I_DSK2_SF_BAB,PC_IND_IU3,TR7,2025,53.81 ,53.81
A,I_DSK2_SF_BAB,PC_IND_IU3,TR8,2025,52.45 ,52.45
A,I_DSK2_SF_BAB,PC_IND_IU3,TR9,2025,51.60 ,51.6
A,I_DSK2_SF_BAB,PC_IND_IU3,TRA,2025,40.54 ,40.54
A,I_DSK2_SF_BAB,PC_IND_IU3,TRB,2025,48.29 ,48.29
A,I_DSK2_SF_BAB,PC_IND_IU3,TRC,2025,49.24 ,49.24
A,I_DSK2_SF_BAB,PC_IND_IU3,XK,2025,98.53 ,98.53
A,I_DSK2_X,PC_IND,AL,2025,3.22 ,3.22
A,I_DSK2_X,PC_IND,AT,2025,1.50 ,1.5
A,I_DSK2_X,PC_IND,AT1,2025,1.19 ,1.19
A,I_DSK2_X,PC_IND,AT2,2025,2.12 ,2.12
A,I_DSK2_X,PC_IND,AT3,2025,1.55 ,1.55
A,I_DSK2_X,PC_IND,BA,2025,4.49 ,4.49
A,I_DSK2_X,PC_IND,BE,2025,2.11 ,2.11
A,I_DSK2_X,PC_IND,BE1,2025,3.78 ,3.78
A,I_DSK2_X,PC_IND,BE2,2025,1.31 ,1.31
A,I_DSK2_X,PC_IND,BE3,2025,3.00 ,3.0
A,I_DSK2_X,PC_IND,BG,2025,6.65 ,6.65
A,I_DSK2_X,PC_IND,BG3,2025,7.16 ,7.16
A,I_DSK2_X,PC_IND,BG4,2025,6.18 ,6.18
A,I_DSK2_X,PC_IND,CH,2025,1.26 ,1.26
A,I_DSK2_X,PC_IND,CY,2025,1.68 ,1.68
A,I_DSK2_X,PC_IND,CZ,2025,1.05 ,1.05
A,I_DSK2_X,PC_IND,DE,2025,1.66 ,1.66
A,I_DSK2_X,PC_IND,DE2,2025,2.51 ,2.51
A,I_DSK2_X,PC_IND,DE3,2025,1.08 ,1.08
A,I_DSK2_X,PC_IND,DE4,2025,1.09 ,1.09
A,I_DSK2_X,PC_IND,DE6,2025,1.37 ,1.37
A,I_DSK2_X,PC_IND,DE7,2025,3.16 ,3.16
A,I_DSK2_X,PC_IND,DE8,2025,1.89 u,1.89
A,I_DSK2_X,PC_IND,DE9,2025,0.63 ,0.63
A,I_DSK2_X,PC_IND,DEA,2025,1.21 ,1.21
A,I_DSK2_X,PC_IND,DED,2025,2.51 ,2.51
A,I_DSK2_X,PC_IND,DEE,2025,1.49 ,1.49
A,I_DSK2_X,PC_IND,DEF,2025,0.98 ,0.98
A,I_DSK2_X,PC_IND,DK,2025,0.67 ,0.67
A,I_DSK2_X,PC_IND,EE,2025,2.16 ,2.16
A,I_DSK2_X,PC_IND,EL,2025,1.68 ,1.68
A,I_DSK2_X,PC_IND,EL3,2025,1.87 ,1.87
A,I_DSK2_X,PC_IND,EL4,2025,1.63 ,1.63
A,I_DSK2_X,PC_IND,EL5,2025,1.24 ,1.24
A,I_DSK2_X,PC_IND,EL6,2025,1.90 ,1.9
A,I_DSK2_X,PC_IND,ES,2025,1.91 ,1.91
A,I_DSK2_X,PC_IND,ES1,2025,2.60 ,2.6
A,I_DSK2_X,PC_IND,ES2,2025,1.86 ,1.86
A,I_DSK2_X,PC_IND,ES3,2025,0.81 ,0.81
A,I_DSK2_X,PC_IND,ES4,2025,2.42 ,2.42
A,I_DSK2_X,PC_IND,ES5,2025,1.52 ,1.52
A,I_DSK2_X,PC_IND,ES6,2025,2.52 ,2.52
A,I_DSK2_X,PC_IND,ES7,2025,2.68 ,2.68
A,I_DSK2_X,PC_IND,FI,2025,0.33 ,0.33
A,I_DSK2_X,PC_IND,FR,2025,1.79 ,1.79
A,I_DSK2_X,PC_IND,FR1,2025,1.28 u,1.28
A,I_DSK2_X,PC_IND,FRB,2025,1.53 u,1.53
A,I_DSK2_X,PC_IND,FRC,2025,2.39 u,2.39
A,I_DSK2_X,PC_IND,FRD,2025,1.33 u,1.33
A,I_DSK2_X,PC_IND,FRE,2025,2.10 u,2.1
A,I_DSK2_X,PC_IND,FRF,2025,2.05 u,2.05
A,I_DSK2_X,PC_IND,FRG,2025,1.76 u,1.76
A,I_DSK2_X,PC_IND,FRH,2025,1.80 u,1.8
A,I_DSK2_X,PC_IND,FRI,2025,2.05 u,2.05
A,I_DSK2_X,PC_IND,FRJ,2025,2.11 u,2.11
A,I_DSK2_X,PC_IND,FRK,2025,1.02 u,1.02
A,I_DSK2_X,PC_IND,FRL,2025,1.61 u,1.61
A,I_DSK2_X,PC_IND,FRM,2025,3.18 u,3.18
A,I_DSK2_X,PC_IND,FRY,2025,5.51 u,5.51
A,I_DSK2_X,PC_IND,HR,2025,0.57 ,0.57
A,I_DSK2_X,PC_IND,HU,2025,2.75 ,2.75
A,I_DSK2_X,PC_IND,HU1,2025,1.63 ,1.63
A,I_DSK2_X,PC_IND,HU2,2025,2.96 ,2.96
A,I_DSK2_X,PC_IND,HU3,2025,3.52 ,3.52
A,I_DSK2_X,PC_IND,IE,2025,0.12 ,0.12
A,I_DSK2_X,PC_IND,IT,2025,4.54 ,4.54
A,I_DSK2_X,PC_IND,ITC,2025,3.15 ,3.15
A,I_DSK2_X,PC_IND,ITF,2025,6.38 ,6.38
A,I_DSK2_X,PC_IND,ITG,2025,5.40 ,5.4
A,I_DSK2_X,PC_IND,ITH,2025,3.35 ,3.35
A,I_DSK2_X,PC_IND,ITI,2025,4.99 ,4.99
A,I_DSK2_X,PC_IND,LT,2025,2.43 ,2.43
A,I_DSK2_X,PC_IND,LU,2025,3.02 ,3.02
A,I_DSK2_X,PC_IND,LV,2025,2.35 ,2.35
A,I_DSK2_X,PC_IND,ME,2025,0.19 ,0.19
A,I_DSK2_X,PC_IND,MK,2025,8.16 ,8.16
A,I_DSK2_X,PC_IND,MT,2025,2.60 ,2.6
A,I_DSK2_X,PC_IND,NL,2025,0.27 ,0.27
A,I_DSK2_X,PC_IND,NL1,2025,0 ,0.0
A,I_DSK2_X,PC_IND,NL2,2025,0.53 ,0.53
A,I_DSK2_X,PC_IND,NL3,2025,0.11 ,0.11
A,I_DSK2_X,PC_IND,NL4,2025,0.50 ,0.5
A,I_DSK2_X,PC_IND,NO,2025,0.38 ,0.38
A,I_DSK2_X,PC_IND,PL,2025,3.27 ,3.27
A,I_DSK2_X,PC_IND,PL2,2025,2.33 ,2.33
A,I_DSK2_X,PC_IND,PL4,2025,4.15 ,4.15
A,I_DSK2_X,PC_IND,PL5,2025,2.60 ,2.6
A,I_DSK2_X,PC_IND,PL6,2025,3.21 ,3.21
A,I_DSK2_X,PC_IND,PL7,2025,3.05 ,3.05
A,I_DSK2_X,PC_IND,PL8,2025,4.03 ,4.03
A,I_DSK2_X,PC_IND,PL9,2025,3.50 ,3.5
A,I_DSK2_X,PC_IND,PT,2025,2.69 ,2.69
A,I_DSK2_X,PC_IND,PT1,2025,2.61 ,2.61
A,I_DSK2_X,PC_IND,PT2,2025,4.20 ,4.2
A,I_DSK2_X,PC_IND,PT3,2025,4.11 ,4.11
A,I_DSK2_X,PC_IND,RO,2025,8.98 ,8.98
A,I_DSK2_X,PC_IND,RO1,2025,11.27 ,11.27
A,I_DSK2_X,PC_IND,RO2,2025,11.45 ,11.45
A,I_DSK2_X,PC_IND,RO3,2025,4.41 ,4.41
A,I_DSK2_X,PC_IND,RO4,2025,8.72 ,8.72
A,I_DSK2_X,PC_IND,RS,2025,2.04 ,2.04
A,I_DSK2_X,PC_IND,RS1,2025,1.17 ,1.17
A,I_DSK2_X,PC_IND,RS2,2025,2.96 ,2.96
A,I_DSK2_X,PC_IND,SE,2025,0.91 ,0.91
A,I_DSK2_X,PC_IND,SE1,2025,0.92 ,0.92
A,I_DSK2_X,PC_IND,SE2,2025,0.72 ,0.72
A,I_DSK2_X,PC_IND,SE3,2025,1.35 ,1.35
A,I_DSK2_X,PC_IND,SI,2025,2.50 ,2.5
A,I_DSK2_X,PC_IND,SK,2025,2.45 ,2.45
A,I_DSK2_X,PC_IND,TR,2025,6.60 ,6.6
A,I_DSK2_X,PC_IND,TR1,2025,5.05 ,5.05
A,I_DSK2_X,PC_IND,TR2,2025,6.82 ,6.82
A,I_DSK2_X,PC_IND,TR3,2025,6.01 ,6.01
A,I_DSK2_X,PC_IND,TR4,2025,4.96 ,4.96
A,I_DSK2_X,PC_IND,TR5,2025,4.87 ,4.87
A,I_DSK2_X,PC_IND,TR6,2025,7.86 ,7.86
A,I_DSK2_X,PC_IND,TR7,2025,7.83 ,7.83
A,I_DSK2_X,PC_IND,TR8,2025,9.22 ,9.22
A,I_DSK2_X,PC_IND,TR9,2025,10.04 ,10.04
A,I_DSK2_X,PC_IND,TRA,2025,11.20 ,11.2
A,I_DSK2_X,PC_IND,TRB,2025,6.04 ,6.04
A,I_DSK2_X,PC_IND,TRC,2025,8.24 ,8.24
A,I_DSK2_X,PC_IND_IU3,AL,2025,3.70 ,3.7
A,I_DSK2_X,PC_IND_IU3,AT,2025,1.58 ,1.58
A,I_DSK2_X,PC_IND_IU3,AT1,2025,1.23 ,1.23
A,I_DSK2_X,PC_IND_IU3,AT2,2025,2.27 ,2.27
A,I_DSK2_X,PC_IND_IU3,AT3,2025,1.64 ,1.64
A,I_DSK2_X,PC_IND_IU3,BA,2025,4.98 ,4.98
A,I_DSK2_X,PC_IND_IU3,BE,2025,2.18 ,2.18
A,I_DSK2_X,PC_IND_IU3,BE1,2025,4.00 ,4.0
A,I_DSK2_X,PC_IND_IU3,BE2,2025,1.35 ,1.35
A,I_DSK2_X,PC_IND_IU3,BE3,2025,3.11 ,3.11
A,I_DSK2_X,PC_IND_IU3,BG,2025,7.66 ,7.66
A,I_DSK2_X,PC_IND_IU3,BG3,2025,8.33 ,8.33
A,I_DSK2_X,PC_IND_IU3,BG4,2025,7.04 ,7.04
A,I_DSK2_X,PC_IND_IU3,CH,2025,1.27 ,1.27
A,I_DSK2_X,PC_IND_IU3,CY,2025,1.79 ,1.79
A,I_DSK2_X,PC_IND_IU3,CZ,2025,1.11 ,1.11
A,I_DSK2_X,PC_IND_IU3,DE,2025,1.75 ,1.75
A,I_DSK2_X,PC_IND_IU3,DE2,2025,2.65 ,2.65
A,I_DSK2_X,PC_IND_IU3,DE3,2025,1.16 ,1.16
A,I_DSK2_X,PC_IND_IU3,DE4,2025,1.20 ,1.2
A,I_DSK2_X,PC_IND_IU3,DE6,2025,1.42 ,1.42
A,I_DSK2_X,PC_IND_IU3,DE7,2025,3.31 ,3.31
A,I_DSK2_X,PC_IND_IU3,DE8,2025,2.02 u,2.02
A,I_DSK2_X,PC_IND_IU3,DE9,2025,0.66 ,0.66
A,I_DSK2_X,PC_IND_IU3,DEA,2025,1.28 ,1.28
A,I_DSK2_X,PC_IND_IU3,DED,2025,2.64 ,2.64
A,I_DSK2_X,PC_IND_IU3,DEE,2025,1.66 ,1.66
A,I_DSK2_X,PC_IND_IU3,DEF,2025,1.03 ,1.03
A,I_DSK2_X,PC_IND_IU3,DK,2025,0.68 ,0.68
A,I_DSK2_X,PC_IND_IU3,EE,2025,2.28 ,2.28
A,I_DSK2_X,PC_IND_IU3,EL,2025,1.88 ,1.88
A,I_DSK2_X,PC_IND_IU3,EL3,2025,1.99 ,1.99
A,I_DSK2_X,PC_IND_IU3,EL4,2025,1.90 ,1.9
A,I_DSK2_X,PC_IND_IU3,EL5,2025,1.39 ,1.39
A,I_DSK2_X,PC_IND_IU3,EL6,2025,2.32 ,2.32
A,I_DSK2_X,PC_IND_IU3,ES,2025,1.98 ,1.98
A,I_DSK2_X,PC_IND_IU3,ES1,2025,2.76 ,2.76
A,I_DSK2_X,PC_IND_IU3,ES2,2025,1.93 ,1.93
A,I_DSK2_X,PC_IND_IU3,ES3,2025,0.83 ,0.83
A,I_DSK2_X,PC_IND_IU3,ES4,2025,2.55 ,2.55
A,I_DSK2_X,PC_IND_IU3,ES5,2025,1.55 ,1.55
A,I_DSK2_X,PC_IND_IU3,ES6,2025,2.65 ,2.65
A,I_DSK2_X,PC_IND_IU3,ES7,2025,2.78 ,2.78
A,I_DSK2_X,PC_IND_IU3,FI,2025,0.33 ,0.33
A,I_DSK2_X,PC_IND_IU3,FR,2025,1.88 ,1.88
A,I_DSK2_X,PC_IND_IU3,FR1,2025,1.32 u,1.32
A,I_DSK2_X,PC_IND_IU3,FRB,2025,1.61 u,1.61
A,I_DSK2_X,PC_IND_IU3,FRC,2025,2.58 u,2.58
A,I_DSK2_X,PC_IND_IU3,FRD,2025,1.40 u,1.4
A,I_DSK2_X,PC_IND_IU3,FRE,2025,2.25 u,2.25
A,I_DSK2_X,PC_IND_IU3,FRF,2025,2.19 u,2.19
A,I_DSK2_X,PC_IND_IU3,FRG,2025,1.82 u,1.82
A,I_DSK2_X,PC_IND_IU3,FRH,2025,1.89 u,1.89
A,I_DSK2_X,PC_IND_IU3,FRI,2025,2.15 u,2.15
A,I_DSK2_X,PC_IND_IU3,FRJ,2025,2.23 u,2.23
A,I_DSK2_X,PC_IND_IU3,FRK,2025,1.08 u,1.08
A,I_DSK2_X,PC_IND_IU3,FRL,2025,1.68 u,1.68
A,I_DSK2_X,PC_IND_IU3,FRM,2025,3.44 u,3.44
A,I_DSK2_X,PC_IND_IU3,FRY,2025,6.21 u,6.21
A,I_DSK2_X,PC_IND_IU3,HR,2025,0.67 ,0.67
A,I_DSK2_X,PC_IND_IU3,HU,2025,2.96 ,2.96
A,I_DSK2_X,PC_IND_IU3,HU1,2025,1.72 ,1.72
A,I_DSK2_X,PC_IND_IU3,HU2,2025,3.19 ,3.19
A,I_DSK2_X,PC_IND_IU3,HU3,2025,3.87 ,3.87
A,I_DSK2_X,PC_IND_IU3,IE,2025,0.12 ,0.12
A,I_DSK2_X,PC_IND_IU3,IT,2025,5.02 ,5.02
A,I_DSK2_X,PC_IND_IU3,ITC,2025,3.39 ,3.39
A,I_DSK2_X,PC_IND_IU3,ITF,2025,7.53 ,7.53
A,I_DSK2_X,PC_IND_IU3,ITG,2025,6.23 ,6.23
A,I_DSK2_X,PC_IND_IU3,ITH,2025,3.62 ,3.62
A,I_DSK2_X,PC_IND_IU3,ITI,2025,5.36 ,5.36
A,I_DSK2_X,PC_IND_IU3,LT,2025,2.72 ,2.72
A,I_DSK2_X,PC_IND_IU3,LU,2025,3.04 ,3.04
A,I_DSK2_X,PC_IND_IU3,LV,2025,2.48 ,2.48
A,I_DSK2_X,PC_IND_IU3,ME,2025,0.20 ,0.2
A,I_DSK2_X,PC_IND_IU3,MK,2025,8.86 ,8.86
A,I_DSK2_X,PC_IND_IU3,MT,2025,2.71 ,2.71
A,I_DSK2_X,PC_IND_IU3,NL,2025,0.27 ,0.27
A,I_DSK2_X,PC_IND_IU3,NL1,2025,0 ,0.0
A,I_DSK2_X,PC_IND_IU3,NL2,2025,0.53 ,0.53
A,I_DSK2_X,PC_IND_IU3,NL3,2025,0.11 ,0.11
A,I_DSK2_X,PC_IND_IU3,NL4,2025,0.50 ,0.5
A,I_DSK2_X,PC_IND_IU3,NO,2025,0.38 ,0.38
A,I_DSK2_X,PC_IND_IU3,PL,2025,3.64 ,3.64
A,I_DSK2_X,PC_IND_IU3,PL2,2025,2.58 ,2.58
A,I_DSK2_X,PC_IND_IU3,PL4,2025,4.55 ,4.55
A,I_DSK2_X,PC_IND_IU3,PL5,2025,2.78 ,2.78
A,I_DSK2_X,PC_IND_IU3,PL6,2025,3.60 ,3.6
A,I_DSK2_X,PC_IND_IU3,PL7,2025,3.59 ,3.59
A,I_DSK2_X,PC_IND_IU3,PL8,2025,4.61 ,4.61
A,I_DSK2_X,PC_IND_IU3,PL9,2025,3.84 ,3.84
A,I_DSK2_X,PC_IND_IU3,PT,2025,3.01 ,3.01
A,I_DSK2_X,PC_IND_IU3,PT1,2025,2.92 ,2.92
A,I_DSK2_X,PC_IND_IU3,PT2,2025,4.71 ,4.71
A,I_DSK2_X,PC_IND_IU3,PT3,2025,4.66 ,4.66
A,I_DSK2_X,PC_IND_IU3,RO,2025,9.64 ,9.64
A,I_DSK2_X,PC_IND_IU3,RO1,2025,11.98 ,11.98
A,I_DSK2_X,PC_IND_IU3,RO2,2025,12.42 ,12.42
A,I_DSK2_X,PC_IND_IU3,RO3,2025,4.73 ,4.73
A,I_DSK2_X,PC_IND_IU3,RO4,2025,9.37 ,9.37
A,I_DSK2_X,PC_IND_IU3,RS,2025,2.26 ,2.26
A,I_DSK2_X,PC_IND_IU3,RS1,2025,1.28 ,1.28
A,I_DSK2_X,PC_IND_IU3,RS2,2025,3.36 ,3.36
A,I_DSK2_X,PC_IND_IU3,SE,2025,0.93 ,0.93
A,I_DSK2_X,PC_IND_IU3,SE1,2025,0.94 ,0.94
A,I_DSK2_X,PC_IND_IU3,SE2,2025,0.74 ,0.74
A,I_DSK2_X,PC_IND_IU3,SE3,2025,1.38 ,1.38
A,I_DSK2_X,PC_IND_IU3,SI,2025,2.73 ,2.73
A,I_DSK2_X,PC_IND_IU3,SK,2025,2.65 ,2.65
A,I_DSK2_X,PC_IND_IU3,TR,2025,7.35 ,7.35
A,I_DSK2_X,PC_IND_IU3,TR1,2025,5.25 ,5.25
A,I_DSK2_X,PC_IND_IU3,TR2,2025,7.79 ,7.79
A,I_DSK2_X,PC_IND_IU3,TR3,2025,6.77 ,6.77
A,I_DSK2_X,PC_IND_IU3,TR4,2025,5.35 ,5.35
A,I_DSK2_X,PC_IND_IU3,TR5,2025,5.39 ,5.39
A,I_DSK2_X,PC_IND_IU3,TR6,2025,8.81 ,8.81
A,I_DSK2_X,PC_IND_IU3,TR7,2025,8.84 ,8.84
A,I_DSK2_X,PC_IND_IU3,TR8,2025,10.61 ,10.61
A,I_DSK2_X,PC_IND_IU3,TR9,2025,11.83 ,11.83
A,I_DSK2_X,PC_IND_IU3,TRA,2025,13.31 ,13.31
A,I_DSK2_X,PC_IND_IU3,TRB,2025,7.68 ,7.68
A,I_DSK2_X,PC_IND_IU3,TRC,2025,9.51 ,9.51
