freq,indic_is,unit,geo\TIME_PERIOD	2025 
A,I_DSK2_AB,PC_IND,AL	8.07 
A,I_DSK2_AB,PC_IND,AT	34.26 
A,I_DSK2_AB,PC_IND,AT1	36.81 
A,I_DSK2_AB,PC_IND,AT2	31.11 
A,I_DSK2_AB,PC_IND,AT3	32.85 
A,I_DSK2_AB,PC_IND,BA	9.75 
A,I_DSK2_AB,PC_IND,BE	29.69 
A,I_DSK2_AB,PC_IND,BE1	35.82 
A,I_DSK2_AB,PC_IND,BE2	29.59 
A,I_DSK2_AB,PC_IND,BE3	27.81 
A,I_DSK2_AB,PC_IND,BG	11.77 
A,I_DSK2_AB,PC_IND,BG3	10.92 
A,I_DSK2_AB,PC_IND,BG4	12.55 
A,I_DSK2_AB,PC_IND,CH	45.47 
A,I_DSK2_AB,PC_IND,CY	18.26 
A,I_DSK2_AB,PC_IND,CZ	37.34 
A,I_DSK2_AB,PC_IND,DE	24.21 
A,I_DSK2_AB,PC_IND,DE1	28.00 
A,I_DSK2_AB,PC_IND,DE2	19.75 
A,I_DSK2_AB,PC_IND,DE3	36.42 
A,I_DSK2_AB,PC_IND,DE4	24.27 
A,I_DSK2_AB,PC_IND,DE6	33.63 
A,I_DSK2_AB,PC_IND,DE7	21.20 
A,I_DSK2_AB,PC_IND,DE8	10.88 u
A,I_DSK2_AB,PC_IND,DE9	25.25 
A,I_DSK2_AB,PC_IND,DEA	25.96 
A,I_DSK2_AB,PC_IND,DED	25.65 
A,I_DSK2_AB,PC_IND,DEE	13.88 
A,I_DSK2_AB,PC_IND,DEF	25.58 
A,I_DSK2_AB,PC_IND,DK	53.04 
A,I_DSK2_AB,PC_IND,EE	33.65 
A,I_DSK2_AB,PC_IND,EL	27.47 
A,I_DSK2_AB,PC_IND,EL3	23.58 
A,I_DSK2_AB,PC_IND,EL4	29.01 
A,I_DSK2_AB,PC_IND,EL5	35.21 
A,I_DSK2_AB,PC_IND,EL6	23.74 
A,I_DSK2_AB,PC_IND,ES	38.86 
A,I_DSK2_AB,PC_IND,ES1	36.81 
A,I_DSK2_AB,PC_IND,ES2	36.73 
A,I_DSK2_AB,PC_IND,ES3	44.75 
A,I_DSK2_AB,PC_IND,ES4	34.60 
A,I_DSK2_AB,PC_IND,ES5	41.55 
A,I_DSK2_AB,PC_IND,ES6	35.54 
A,I_DSK2_AB,PC_IND,ES7	36.37 
A,I_DSK2_AB,PC_IND,FI	54.91 
A,I_DSK2_AB,PC_IND,FR	34.99 
A,I_DSK2_AB,PC_IND,FR1	41.04 u
A,I_DSK2_AB,PC_IND,FRB	34.36 u
A,I_DSK2_AB,PC_IND,FRC	25.49 u
A,I_DSK2_AB,PC_IND,FRD	33.16 u
A,I_DSK2_AB,PC_IND,FRE	30.81 u
A,I_DSK2_AB,PC_IND,FRF	30.93 u
A,I_DSK2_AB,PC_IND,FRG	37.46 u
A,I_DSK2_AB,PC_IND,FRH	35.45 u
A,I_DSK2_AB,PC_IND,FRI	33.32 u
A,I_DSK2_AB,PC_IND,FRJ	34.53 u
A,I_DSK2_AB,PC_IND,FRK	37.73 u
A,I_DSK2_AB,PC_IND,FRL	33.99 u
A,I_DSK2_AB,PC_IND,FRM	38.57 u
A,I_DSK2_AB,PC_IND,FRY	28.51 u
A,I_DSK2_AB,PC_IND,HR	27.66 
A,I_DSK2_AB,PC_IND,HU	34.05 
A,I_DSK2_AB,PC_IND,HU1	46.07 
A,I_DSK2_AB,PC_IND,HU2	29.00 
A,I_DSK2_AB,PC_IND,HU3	27.92 
A,I_DSK2_AB,PC_IND,IE	54.41 
A,I_DSK2_AB,PC_IND,IT	31.51 
A,I_DSK2_AB,PC_IND,ITC	36.33 
A,I_DSK2_AB,PC_IND,ITF	23.40 
A,I_DSK2_AB,PC_IND,ITG	25.02 
A,I_DSK2_AB,PC_IND,ITH	35.74 
A,I_DSK2_AB,PC_IND,ITI	33.70 
A,I_DSK2_AB,PC_IND,LT	27.33 
A,I_DSK2_AB,PC_IND,LU	28.12 
A,I_DSK2_AB,PC_IND,LV	20.14 
A,I_DSK2_AB,PC_IND,ME	10.72 
A,I_DSK2_AB,PC_IND,MK	6.14 
A,I_DSK2_AB,PC_IND,MT	38.04 
A,I_DSK2_AB,PC_IND,NL	55.61 
A,I_DSK2_AB,PC_IND,NL1	50.42 
A,I_DSK2_AB,PC_IND,NL2	53.06 
A,I_DSK2_AB,PC_IND,NL3	59.42 
A,I_DSK2_AB,PC_IND,NL4	51.83 
A,I_DSK2_AB,PC_IND,NO	51.16 
A,I_DSK2_AB,PC_IND,PL	23.55 
A,I_DSK2_AB,PC_IND,PL2	27.28 
A,I_DSK2_AB,PC_IND,PL4	22.59 
A,I_DSK2_AB,PC_IND,PL5	23.38 
A,I_DSK2_AB,PC_IND,PL6	20.56 
A,I_DSK2_AB,PC_IND,PL7	15.72 
A,I_DSK2_AB,PC_IND,PL8	17.72 
A,I_DSK2_AB,PC_IND,PL9	33.17 
A,I_DSK2_AB,PC_IND,PT	31.97 
A,I_DSK2_AB,PC_IND,PT1	32.48 
A,I_DSK2_AB,PC_IND,PT2	21.86 
A,I_DSK2_AB,PC_IND,PT3	22.49 
A,I_DSK2_AB,PC_IND,RO	11.13 
A,I_DSK2_AB,PC_IND,RO1	11.93 
A,I_DSK2_AB,PC_IND,RO2	9.10 
A,I_DSK2_AB,PC_IND,RO3	14.55 
A,I_DSK2_AB,PC_IND,RO4	8.19 
A,I_DSK2_AB,PC_IND,RS	12.84 
A,I_DSK2_AB,PC_IND,RS1	16.13 
A,I_DSK2_AB,PC_IND,RS2	9.34 
A,I_DSK2_AB,PC_IND,SE	38.10 
A,I_DSK2_AB,PC_IND,SE1	39.55 
A,I_DSK2_AB,PC_IND,SE2	37.47 
A,I_DSK2_AB,PC_IND,SE3	36.17 
A,I_DSK2_AB,PC_IND,SI	19.80 
A,I_DSK2_AB,PC_IND,SK	21.16 
A,I_DSK2_AB,PC_IND,TR	9.91 
A,I_DSK2_AB,PC_IND,TR1	14.83 
A,I_DSK2_AB,PC_IND,TR2	8.40 
A,I_DSK2_AB,PC_IND,TR3	9.13 
A,I_DSK2_AB,PC_IND,TR4	14.70 
A,I_DSK2_AB,PC_IND,TR5	13.09 
A,I_DSK2_AB,PC_IND,TR6	7.77 
A,I_DSK2_AB,PC_IND,TR7	6.54 
A,I_DSK2_AB,PC_IND,TR8	7.67 
A,I_DSK2_AB,PC_IND,TR9	6.68 
A,I_DSK2_AB,PC_IND,TRA	5.16 
A,I_DSK2_AB,PC_IND,TRB	4.75 
A,I_DSK2_AB,PC_IND,TRC	3.70 
A,I_DSK2_AB,PC_IND,XK	9.14 
A,I_DSK2_AB,PC_IND_IU3,AL	9.26 
A,I_DSK2_AB,PC_IND_IU3,AT	35.94 
A,I_DSK2_AB,PC_IND_IU3,AT1	38.06 
A,I_DSK2_AB,PC_IND_IU3,AT2	33.23 
A,I_DSK2_AB,PC_IND_IU3,AT3	34.76 
A,I_DSK2_AB,PC_IND_IU3,BA	10.82 
A,I_DSK2_AB,PC_IND_IU3,BE	30.78 
A,I_DSK2_AB,PC_IND_IU3,BE1	37.89 
A,I_DSK2_AB,PC_IND_IU3,BE2	30.51 
A,I_DSK2_AB,PC_IND_IU3,BE3	28.91 
A,I_DSK2_AB,PC_IND_IU3,BG	13.55 
A,I_DSK2_AB,PC_IND_IU3,BG3	12.71 
A,I_DSK2_AB,PC_IND_IU3,BG4	14.31 
A,I_DSK2_AB,PC_IND_IU3,CH	45.96 
A,I_DSK2_AB,PC_IND_IU3,CY	19.46 
A,I_DSK2_AB,PC_IND_IU3,CZ	39.50 
A,I_DSK2_AB,PC_IND_IU3,DE	25.60 
A,I_DSK2_AB,PC_IND_IU3,DE1	29.18 
A,I_DSK2_AB,PC_IND_IU3,DE2	20.85 
A,I_DSK2_AB,PC_IND_IU3,DE3	39.14 
A,I_DSK2_AB,PC_IND_IU3,DE4	26.85 
A,I_DSK2_AB,PC_IND_IU3,DE6	34.86 
A,I_DSK2_AB,PC_IND_IU3,DE7	22.19 
A,I_DSK2_AB,PC_IND_IU3,DE8	11.63 u
A,I_DSK2_AB,PC_IND_IU3,DE9	26.55 
A,I_DSK2_AB,PC_IND_IU3,DEA	27.41 
A,I_DSK2_AB,PC_IND_IU3,DED	26.99 
A,I_DSK2_AB,PC_IND_IU3,DEE	15.44 
A,I_DSK2_AB,PC_IND_IU3,DEF	27.01 
A,I_DSK2_AB,PC_IND_IU3,DK	53.20 
A,I_DSK2_AB,PC_IND_IU3,EE	35.47 
A,I_DSK2_AB,PC_IND_IU3,EL	30.82 
A,I_DSK2_AB,PC_IND_IU3,EL3	25.00 
A,I_DSK2_AB,PC_IND_IU3,EL4	33.69 
A,I_DSK2_AB,PC_IND_IU3,EL5	39.38 
A,I_DSK2_AB,PC_IND_IU3,EL6	28.88 
A,I_DSK2_AB,PC_IND_IU3,ES	40.34 
A,I_DSK2_AB,PC_IND_IU3,ES1	39.08 
A,I_DSK2_AB,PC_IND_IU3,ES2	38.13 
A,I_DSK2_AB,PC_IND_IU3,ES3	45.64 
A,I_DSK2_AB,PC_IND_IU3,ES4	36.36 
A,I_DSK2_AB,PC_IND_IU3,ES5	42.59 
A,I_DSK2_AB,PC_IND_IU3,ES6	37.45 
A,I_DSK2_AB,PC_IND_IU3,ES7	37.74 
A,I_DSK2_AB,PC_IND_IU3,FI	55.99 
A,I_DSK2_AB,PC_IND_IU3,FR	36.84 
A,I_DSK2_AB,PC_IND_IU3,FR1	42.53 u
A,I_DSK2_AB,PC_IND_IU3,FRB	36.00 u
A,I_DSK2_AB,PC_IND_IU3,FRC	27.56 u
A,I_DSK2_AB,PC_IND_IU3,FRD	34.90 u
A,I_DSK2_AB,PC_IND_IU3,FRE	32.95 u
A,I_DSK2_AB,PC_IND_IU3,FRF	33.01 u
A,I_DSK2_AB,PC_IND_IU3,FRG	38.91 u
A,I_DSK2_AB,PC_IND_IU3,FRH	37.19 u
A,I_DSK2_AB,PC_IND_IU3,FRI	34.90 u
A,I_DSK2_AB,PC_IND_IU3,FRJ	36.41 u
A,I_DSK2_AB,PC_IND_IU3,FRK	39.64 u
A,I_DSK2_AB,PC_IND_IU3,FRL	35.48 u
A,I_DSK2_AB,PC_IND_IU3,FRM	41.73 u
A,I_DSK2_AB,PC_IND_IU3,FRY	32.13 u
A,I_DSK2_AB,PC_IND_IU3,HR	32.20 
A,I_DSK2_AB,PC_IND_IU3,HU	36.69 
A,I_DSK2_AB,PC_IND_IU3,HU1	48.39 
A,I_DSK2_AB,PC_IND_IU3,HU2	31.31 
A,I_DSK2_AB,PC_IND_IU3,HU3	30.70 
A,I_DSK2_AB,PC_IND_IU3,IE	54.53 
A,I_DSK2_AB,PC_IND_IU3,IT	34.89 
A,I_DSK2_AB,PC_IND_IU3,ITC	39.10 
A,I_DSK2_AB,PC_IND_IU3,ITF	27.63 
A,I_DSK2_AB,PC_IND_IU3,ITG	28.87 
A,I_DSK2_AB,PC_IND_IU3,ITH	38.63 
A,I_DSK2_AB,PC_IND_IU3,ITI	36.18 
A,I_DSK2_AB,PC_IND_IU3,LT	30.60 
A,I_DSK2_AB,PC_IND_IU3,LU	28.36 
A,I_DSK2_AB,PC_IND_IU3,LV	21.30 
A,I_DSK2_AB,PC_IND_IU3,ME	11.38 
A,I_DSK2_AB,PC_IND_IU3,MK	6.67 
A,I_DSK2_AB,PC_IND_IU3,MT	39.62 
A,I_DSK2_AB,PC_IND_IU3,NL	55.78 
A,I_DSK2_AB,PC_IND_IU3,NL1	50.49 
A,I_DSK2_AB,PC_IND_IU3,NL2	53.18 
A,I_DSK2_AB,PC_IND_IU3,NL3	59.56 
A,I_DSK2_AB,PC_IND_IU3,NL4	52.13 
A,I_DSK2_AB,PC_IND_IU3,NO	51.77 
A,I_DSK2_AB,PC_IND_IU3,PL	26.26 
A,I_DSK2_AB,PC_IND_IU3,PL2	30.27 
A,I_DSK2_AB,PC_IND_IU3,PL4	24.78 
A,I_DSK2_AB,PC_IND_IU3,PL5	24.99 
A,I_DSK2_AB,PC_IND_IU3,PL6	23.08 
A,I_DSK2_AB,PC_IND_IU3,PL7	18.52 
A,I_DSK2_AB,PC_IND_IU3,PL8	20.24 
A,I_DSK2_AB,PC_IND_IU3,PL9	36.38 
A,I_DSK2_AB,PC_IND_IU3,PT	35.75 
A,I_DSK2_AB,PC_IND_IU3,PT1	36.29 
A,I_DSK2_AB,PC_IND_IU3,PT2	24.52 
A,I_DSK2_AB,PC_IND_IU3,PT3	25.46 
A,I_DSK2_AB,PC_IND_IU3,RO	11.95 
A,I_DSK2_AB,PC_IND_IU3,RO1	12.68 
A,I_DSK2_AB,PC_IND_IU3,RO2	9.87 
A,I_DSK2_AB,PC_IND_IU3,RO3	15.58 
A,I_DSK2_AB,PC_IND_IU3,RO4	8.81 
A,I_DSK2_AB,PC_IND_IU3,RS	14.26 
A,I_DSK2_AB,PC_IND_IU3,RS1	17.58 
A,I_DSK2_AB,PC_IND_IU3,RS2	10.58 
A,I_DSK2_AB,PC_IND_IU3,SE	38.78 
A,I_DSK2_AB,PC_IND_IU3,SE1	40.36 
A,I_DSK2_AB,PC_IND_IU3,SE2	38.03 
A,I_DSK2_AB,PC_IND_IU3,SE3	36.82 
A,I_DSK2_AB,PC_IND_IU3,SI	21.62 
A,I_DSK2_AB,PC_IND_IU3,SK	22.88 
A,I_DSK2_AB,PC_IND_IU3,TR	11.04 
A,I_DSK2_AB,PC_IND_IU3,TR1	15.42 
A,I_DSK2_AB,PC_IND_IU3,TR2	9.59 
A,I_DSK2_AB,PC_IND_IU3,TR3	10.29 
A,I_DSK2_AB,PC_IND_IU3,TR4	15.86 
A,I_DSK2_AB,PC_IND_IU3,TR5	14.49 
A,I_DSK2_AB,PC_IND_IU3,TR6	8.71 
A,I_DSK2_AB,PC_IND_IU3,TR7	7.39 
A,I_DSK2_AB,PC_IND_IU3,TR8	8.82 
A,I_DSK2_AB,PC_IND_IU3,TR9	7.87 
A,I_DSK2_AB,PC_IND_IU3,TRA	6.12 
A,I_DSK2_AB,PC_IND_IU3,TRB	6.04 
A,I_DSK2_AB,PC_IND_IU3,TRC	4.27 
A,I_DSK2_AB,PC_IND_IU3,XK	9.29 
A,I_DSK2_B,PC_IND,AL	19.57 
A,I_DSK2_B,PC_IND,AT	35.52 
A,I_DSK2_B,PC_IND,AT1	33.84 
A,I_DSK2_B,PC_IND,AT2	38.39 
A,I_DSK2_B,PC_IND,AT3	35.99 
A,I_DSK2_B,PC_IND,BA	26.50 
A,I_DSK2_B,PC_IND,BE	31.53 
A,I_DSK2_B,PC_IND,BE1	29.37 
A,I_DSK2_B,PC_IND,BE2	31.61 
A,I_DSK2_B,PC_IND,BE3	32.11 
A,I_DSK2_B,PC_IND,BG	26.49 
A,I_DSK2_B,PC_IND,BG3	24.27 
A,I_DSK2_B,PC_IND,BG4	28.52 
A,I_DSK2_B,PC_IND,CH	32.55 
A,I_DSK2_B,PC_IND,CY	37.49 
A,I_DSK2_B,PC_IND,CZ	33.11 
A,I_DSK2_B,PC_IND,DE	35.33 
A,I_DSK2_B,PC_IND,DE1	39.13 
A,I_DSK2_B,PC_IND,DE2	27.94 
A,I_DSK2_B,PC_IND,DE3	32.81 
A,I_DSK2_B,PC_IND,DE4	37.46 
A,I_DSK2_B,PC_IND,DE6	29.06 
A,I_DSK2_B,PC_IND,DE7	31.27 
A,I_DSK2_B,PC_IND,DE8	33.28 
A,I_DSK2_B,PC_IND,DE9	39.55 
A,I_DSK2_B,PC_IND,DEA	37.97 
A,I_DSK2_B,PC_IND,DED	36.35 
A,I_DSK2_B,PC_IND,DEE	29.26 
A,I_DSK2_B,PC_IND,DEF	38.81 
A,I_DSK2_B,PC_IND,DK	28.41 
A,I_DSK2_B,PC_IND,EE	28.87 
A,I_DSK2_B,PC_IND,EL	23.49 
A,I_DSK2_B,PC_IND,EL3	26.92 
A,I_DSK2_B,PC_IND,EL4	25.55 
A,I_DSK2_B,PC_IND,EL5	22.11 
A,I_DSK2_B,PC_IND,EL6	18.84 
A,I_DSK2_B,PC_IND,ES	27.65 
A,I_DSK2_B,PC_IND,ES1	25.89 
A,I_DSK2_B,PC_IND,ES2	29.36 
A,I_DSK2_B,PC_IND,ES3	27.18 
A,I_DSK2_B,PC_IND,ES4	27.59 
A,I_DSK2_B,PC_IND,ES5	27.43 
A,I_DSK2_B,PC_IND,ES6	27.74 
A,I_DSK2_B,PC_IND,ES7	30.05 
A,I_DSK2_B,PC_IND,FI	26.07 
A,I_DSK2_B,PC_IND,FR	30.75 
A,I_DSK2_B,PC_IND,FR1	30.05 u
A,I_DSK2_B,PC_IND,FRB	28.57 u
A,I_DSK2_B,PC_IND,FRC	33.08 u
A,I_DSK2_B,PC_IND,FRD	29.34 u
A,I_DSK2_B,PC_IND,FRE	29.91 u
A,I_DSK2_B,PC_IND,FRF	30.68 u
A,I_DSK2_B,PC_IND,FRG	29.74 u
A,I_DSK2_B,PC_IND,FRH	32.41 u
A,I_DSK2_B,PC_IND,FRI	32.12 u
A,I_DSK2_B,PC_IND,FRJ	31.54 u
A,I_DSK2_B,PC_IND,FRK	31.59 u
A,I_DSK2_B,PC_IND,FRL	33.52 u
A,I_DSK2_B,PC_IND,FRM	28.75 u
A,I_DSK2_B,PC_IND,FRY	21.50 u
A,I_DSK2_B,PC_IND,HR	35.72 
A,I_DSK2_B,PC_IND,HU	23.27 
A,I_DSK2_B,PC_IND,HU1	22.75 
A,I_DSK2_B,PC_IND,HU2	24.58 
A,I_DSK2_B,PC_IND,HU3	22.67 
A,I_DSK2_B,PC_IND,IE	28.42 
A,I_DSK2_B,PC_IND,IT	22.76 
A,I_DSK2_B,PC_IND,ITC	24.02 
A,I_DSK2_B,PC_IND,ITF	20.12 
A,I_DSK2_B,PC_IND,ITG	22.34 
A,I_DSK2_B,PC_IND,ITH	23.97 
A,I_DSK2_B,PC_IND,ITI	23.15 
A,I_DSK2_B,PC_IND,LT	26.48 
A,I_DSK2_B,PC_IND,LU	34.29 
A,I_DSK2_B,PC_IND,LV	28.30 
A,I_DSK2_B,PC_IND,ME	33.48 
A,I_DSK2_B,PC_IND,MK	22.35 
A,I_DSK2_B,PC_IND,MT	28.76 
A,I_DSK2_B,PC_IND,NL	27.99 
A,I_DSK2_B,PC_IND,NL1	30.59 
A,I_DSK2_B,PC_IND,NL2	31.17 
A,I_DSK2_B,PC_IND,NL3	25.74 
A,I_DSK2_B,PC_IND,NL4	28.78 
A,I_DSK2_B,PC_IND,NO	28.64 
A,I_DSK2_B,PC_IND,PL	26.87 
A,I_DSK2_B,PC_IND,PL2	26.69 
A,I_DSK2_B,PC_IND,PL4	26.02 
A,I_DSK2_B,PC_IND,PL5	30.27 
A,I_DSK2_B,PC_IND,PL6	26.08 
A,I_DSK2_B,PC_IND,PL7	29.82 
A,I_DSK2_B,PC_IND,PL8	24.05 
A,I_DSK2_B,PC_IND,PL9	27.83 
A,I_DSK2_B,PC_IND,PT	27.18 
A,I_DSK2_B,PC_IND,PT1	27.11 
A,I_DSK2_B,PC_IND,PT2	31.09 
A,I_DSK2_B,PC_IND,PT3	26.14 
A,I_DSK2_B,PC_IND,RO	20.71 
A,I_DSK2_B,PC_IND,RO1	17.94 
A,I_DSK2_B,PC_IND,RO2	21.81 
A,I_DSK2_B,PC_IND,RO3	23.38 
A,I_DSK2_B,PC_IND,RO4	18.89 
A,I_DSK2_B,PC_IND,RS	29.18 
A,I_DSK2_B,PC_IND,RS1	29.63 
A,I_DSK2_B,PC_IND,RS2	28.69 
A,I_DSK2_B,PC_IND,SE	31.88 
A,I_DSK2_B,PC_IND,SE1	31.12 
A,I_DSK2_B,PC_IND,SE2	33.08 
A,I_DSK2_B,PC_IND,SE3	30.76 
A,I_DSK2_B,PC_IND,SI	26.70 
A,I_DSK2_B,PC_IND,SK	32.40 
A,I_DSK2_B,PC_IND,TR	21.57 
A,I_DSK2_B,PC_IND,TR1	24.59 
A,I_DSK2_B,PC_IND,TR2	18.37 
A,I_DSK2_B,PC_IND,TR3	20.74 
A,I_DSK2_B,PC_IND,TR4	31.58 
A,I_DSK2_B,PC_IND,TR5	29.63 
A,I_DSK2_B,PC_IND,TR6	18.12 
A,I_DSK2_B,PC_IND,TR7	16.11 
A,I_DSK2_B,PC_IND,TR8	16.81 
A,I_DSK2_B,PC_IND,TR9	18.58 
A,I_DSK2_B,PC_IND,TRA	13.41 
A,I_DSK2_B,PC_IND,TRB	14.68 
A,I_DSK2_B,PC_IND,TRC	15.04 
A,I_DSK2_B,PC_IND,XK	66.44 
A,I_DSK2_B,PC_IND_IU3,AL	22.45 
A,I_DSK2_B,PC_IND_IU3,AT	37.27 
A,I_DSK2_B,PC_IND_IU3,AT1	34.99 
A,I_DSK2_B,PC_IND_IU3,AT2	41.01 
A,I_DSK2_B,PC_IND_IU3,AT3	38.09 
A,I_DSK2_B,PC_IND_IU3,BA	29.41 
A,I_DSK2_B,PC_IND_IU3,BE	32.69 
A,I_DSK2_B,PC_IND_IU3,BE1	31.07 
A,I_DSK2_B,PC_IND_IU3,BE2	32.60 
A,I_DSK2_B,PC_IND_IU3,BE3	33.38 
A,I_DSK2_B,PC_IND_IU3,BG	30.50 
A,I_DSK2_B,PC_IND_IU3,BG3	28.25 
A,I_DSK2_B,PC_IND_IU3,BG4	32.53 
A,I_DSK2_B,PC_IND_IU3,CH	32.90 
A,I_DSK2_B,PC_IND_IU3,CY	39.98 
A,I_DSK2_B,PC_IND_IU3,CZ	35.03 
A,I_DSK2_B,PC_IND_IU3,DE	37.36 
A,I_DSK2_B,PC_IND_IU3,DE1	40.79 
A,I_DSK2_B,PC_IND_IU3,DE2	29.50 
A,I_DSK2_B,PC_IND_IU3,DE3	35.26 
A,I_DSK2_B,PC_IND_IU3,DE4	41.44 
A,I_DSK2_B,PC_IND_IU3,DE6	30.13 
A,I_DSK2_B,PC_IND_IU3,DE7	32.73 
A,I_DSK2_B,PC_IND_IU3,DE8	35.57 
A,I_DSK2_B,PC_IND_IU3,DE9	41.58 
A,I_DSK2_B,PC_IND_IU3,DEA	40.10 
A,I_DSK2_B,PC_IND_IU3,DED	38.24 
A,I_DSK2_B,PC_IND_IU3,DEE	32.55 
A,I_DSK2_B,PC_IND_IU3,DEF	40.98 
A,I_DSK2_B,PC_IND_IU3,DK	28.49 
A,I_DSK2_B,PC_IND_IU3,EE	30.44 
A,I_DSK2_B,PC_IND_IU3,EL	26.34 
A,I_DSK2_B,PC_IND_IU3,EL3	28.55 
A,I_DSK2_B,PC_IND_IU3,EL4	29.66 
A,I_DSK2_B,PC_IND_IU3,EL5	24.73 
A,I_DSK2_B,PC_IND_IU3,EL6	22.92 
A,I_DSK2_B,PC_IND_IU3,ES	28.70 
A,I_DSK2_B,PC_IND_IU3,ES1	27.49 
A,I_DSK2_B,PC_IND_IU3,ES2	30.47 
A,I_DSK2_B,PC_IND_IU3,ES3	27.71 
A,I_DSK2_B,PC_IND_IU3,ES4	29.00 
A,I_DSK2_B,PC_IND_IU3,ES5	28.11 
A,I_DSK2_B,PC_IND_IU3,ES6	29.23 
A,I_DSK2_B,PC_IND_IU3,ES7	31.18 
A,I_DSK2_B,PC_IND_IU3,FI	26.58 
A,I_DSK2_B,PC_IND_IU3,FR	32.38 
A,I_DSK2_B,PC_IND_IU3,FR1	31.14 u
A,I_DSK2_B,PC_IND_IU3,FRB	29.93 u
A,I_DSK2_B,PC_IND_IU3,FRC	35.76 u
A,I_DSK2_B,PC_IND_IU3,FRD	30.88 u
A,I_DSK2_B,PC_IND_IU3,FRE	31.99 u
A,I_DSK2_B,PC_IND_IU3,FRF	32.74 u
A,I_DSK2_B,PC_IND_IU3,FRG	30.89 u
A,I_DSK2_B,PC_IND_IU3,FRH	34.00 u
A,I_DSK2_B,PC_IND_IU3,FRI	33.65 u
A,I_DSK2_B,PC_IND_IU3,FRJ	33.25 u
A,I_DSK2_B,PC_IND_IU3,FRK	33.18 u
A,I_DSK2_B,PC_IND_IU3,FRL	34.99 u
A,I_DSK2_B,PC_IND_IU3,FRM	31.10 u
A,I_DSK2_B,PC_IND_IU3,FRY	24.23 u
A,I_DSK2_B,PC_IND_IU3,HR	41.58 
A,I_DSK2_B,PC_IND_IU3,HU	25.08 
A,I_DSK2_B,PC_IND_IU3,HU1	23.90 
A,I_DSK2_B,PC_IND_IU3,HU2	26.54 
A,I_DSK2_B,PC_IND_IU3,HU3	24.94 
A,I_DSK2_B,PC_IND_IU3,IE	28.48 
A,I_DSK2_B,PC_IND_IU3,IT	25.20 
A,I_DSK2_B,PC_IND_IU3,ITC	25.85 
A,I_DSK2_B,PC_IND_IU3,ITF	23.75 
A,I_DSK2_B,PC_IND_IU3,ITG	25.77 
A,I_DSK2_B,PC_IND_IU3,ITH	25.91 
A,I_DSK2_B,PC_IND_IU3,ITI	24.85 
A,I_DSK2_B,PC_IND_IU3,LT	29.65 
A,I_DSK2_B,PC_IND_IU3,LU	34.59 
A,I_DSK2_B,PC_IND_IU3,LV	29.93 
A,I_DSK2_B,PC_IND_IU3,ME	35.53 
A,I_DSK2_B,PC_IND_IU3,MK	24.26 
A,I_DSK2_B,PC_IND_IU3,MT	29.96 
A,I_DSK2_B,PC_IND_IU3,NL	28.08 
A,I_DSK2_B,PC_IND_IU3,NL1	30.64 
A,I_DSK2_B,PC_IND_IU3,NL2	31.24 
A,I_DSK2_B,PC_IND_IU3,NL3	25.80 
A,I_DSK2_B,PC_IND_IU3,NL4	28.95 
A,I_DSK2_B,PC_IND_IU3,NO	28.99 
A,I_DSK2_B,PC_IND_IU3,PL	29.97 
A,I_DSK2_B,PC_IND_IU3,PL2	29.62 
A,I_DSK2_B,PC_IND_IU3,PL4	28.54 
A,I_DSK2_B,PC_IND_IU3,PL5	32.37 
A,I_DSK2_B,PC_IND_IU3,PL6	29.27 
A,I_DSK2_B,PC_IND_IU3,PL7	35.12 
A,I_DSK2_B,PC_IND_IU3,PL8	27.48 
A,I_DSK2_B,PC_IND_IU3,PL9	30.53 
A,I_DSK2_B,PC_IND_IU3,PT	30.38 
A,I_DSK2_B,PC_IND_IU3,PT1	30.29 
A,I_DSK2_B,PC_IND_IU3,PT2	34.86 
A,I_DSK2_B,PC_IND_IU3,PT3	29.60 
A,I_DSK2_B,PC_IND_IU3,RO	22.24 
A,I_DSK2_B,PC_IND_IU3,RO1	19.07 
A,I_DSK2_B,PC_IND_IU3,RO2	23.66 
A,I_DSK2_B,PC_IND_IU3,RO3	25.04 
A,I_DSK2_B,PC_IND_IU3,RO4	20.31 
A,I_DSK2_B,PC_IND_IU3,RS	32.40 
A,I_DSK2_B,PC_IND_IU3,RS1	32.30 
A,I_DSK2_B,PC_IND_IU3,RS2	32.52 
A,I_DSK2_B,PC_IND_IU3,SE	32.45 
A,I_DSK2_B,PC_IND_IU3,SE1	31.76 
A,I_DSK2_B,PC_IND_IU3,SE2	33.58 
A,I_DSK2_B,PC_IND_IU3,SE3	31.31 
A,I_DSK2_B,PC_IND_IU3,SI	29.16 
A,I_DSK2_B,PC_IND_IU3,SK	35.03 
A,I_DSK2_B,PC_IND_IU3,TR	24.03 
A,I_DSK2_B,PC_IND_IU3,TR1	25.58 
A,I_DSK2_B,PC_IND_IU3,TR2	20.96 
A,I_DSK2_B,PC_IND_IU3,TR3	23.39 
A,I_DSK2_B,PC_IND_IU3,TR4	34.07 
A,I_DSK2_B,PC_IND_IU3,TR5	32.81 
A,I_DSK2_B,PC_IND_IU3,TR6	20.30 
A,I_DSK2_B,PC_IND_IU3,TR7	18.19 
A,I_DSK2_B,PC_IND_IU3,TR8	19.34 
A,I_DSK2_B,PC_IND_IU3,TR9	21.90 
A,I_DSK2_B,PC_IND_IU3,TRA	15.93 
A,I_DSK2_B,PC_IND_IU3,TRB	18.67 
A,I_DSK2_B,PC_IND_IU3,TRC	17.37 
A,I_DSK2_B,PC_IND_IU3,XK	67.48 
A,I_DSK2_BAB,PC_IND,AL	27.65 
A,I_DSK2_BAB,PC_IND,AT	69.77 
A,I_DSK2_BAB,PC_IND,AT1	70.65 
A,I_DSK2_BAB,PC_IND,AT2	69.50 
A,I_DSK2_BAB,PC_IND,AT3	68.84 
A,I_DSK2_BAB,PC_IND,BA	36.25 
A,I_DSK2_BAB,PC_IND,BE	61.22 
A,I_DSK2_BAB,PC_IND,BE1	65.19 
A,I_DSK2_BAB,PC_IND,BE2	61.20 
A,I_DSK2_BAB,PC_IND,BE3	59.91 
A,I_DSK2_BAB,PC_IND,BG	38.26 
A,I_DSK2_BAB,PC_IND,BG3	35.19 
A,I_DSK2_BAB,PC_IND,BG4	41.08 
A,I_DSK2_BAB,PC_IND,CH	78.01 
A,I_DSK2_BAB,PC_IND,CY	55.75 
A,I_DSK2_BAB,PC_IND,CZ	70.45 
A,I_DSK2_BAB,PC_IND,DE	59.55 
A,I_DSK2_BAB,PC_IND,DE1	67.13 
A,I_DSK2_BAB,PC_IND,DE2	47.70 
A,I_DSK2_BAB,PC_IND,DE3	69.23 
A,I_DSK2_BAB,PC_IND,DE4	61.73 
A,I_DSK2_BAB,PC_IND,DE6	62.69 
A,I_DSK2_BAB,PC_IND,DE7	52.46 
A,I_DSK2_BAB,PC_IND,DE8	44.17 
A,I_DSK2_BAB,PC_IND,DE9	64.80 
A,I_DSK2_BAB,PC_IND,DEA	63.93 
A,I_DSK2_BAB,PC_IND,DED	62.00 
A,I_DSK2_BAB,PC_IND,DEE	43.14 
A,I_DSK2_BAB,PC_IND,DEF	64.39 
A,I_DSK2_BAB,PC_IND,DK	81.45 
A,I_DSK2_BAB,PC_IND,EE	62.52 
A,I_DSK2_BAB,PC_IND,EL	50.96 
A,I_DSK2_BAB,PC_IND,EL3	50.50 
A,I_DSK2_BAB,PC_IND,EL4	54.56 
A,I_DSK2_BAB,PC_IND,EL5	57.32 
A,I_DSK2_BAB,PC_IND,EL6	42.58 
A,I_DSK2_BAB,PC_IND,ES	66.50 
A,I_DSK2_BAB,PC_IND,ES1	62.70 
A,I_DSK2_BAB,PC_IND,ES2	66.09 
A,I_DSK2_BAB,PC_IND,ES3	71.93 
A,I_DSK2_BAB,PC_IND,ES4	62.19 
A,I_DSK2_BAB,PC_IND,ES5	68.98 
A,I_DSK2_BAB,PC_IND,ES6	63.27 
A,I_DSK2_BAB,PC_IND,ES7	66.43 
A,I_DSK2_BAB,PC_IND,FI	80.98 
A,I_DSK2_BAB,PC_IND,FR	65.74 
A,I_DSK2_BAB,PC_IND,FR1	71.09 u
A,I_DSK2_BAB,PC_IND,FRB	62.93 u
A,I_DSK2_BAB,PC_IND,FRC	58.56 u
A,I_DSK2_BAB,PC_IND,FRD	62.49 u
A,I_DSK2_BAB,PC_IND,FRE	60.72 u
A,I_DSK2_BAB,PC_IND,FRF	61.61 u
A,I_DSK2_BAB,PC_IND,FRG	67.19 u
A,I_DSK2_BAB,PC_IND,FRH	67.85 u
A,I_DSK2_BAB,PC_IND,FRI	65.44 u
A,I_DSK2_BAB,PC_IND,FRJ	66.07 u
A,I_DSK2_BAB,PC_IND,FRK	69.32 u
A,I_DSK2_BAB,PC_IND,FRL	67.51 u
A,I_DSK2_BAB,PC_IND,FRM	67.32 u
A,I_DSK2_BAB,PC_IND,FRY	50.01 u
A,I_DSK2_BAB,PC_IND,HR	63.38 
A,I_DSK2_BAB,PC_IND,HU	57.32 
A,I_DSK2_BAB,PC_IND,HU1	68.82 
A,I_DSK2_BAB,PC_IND,HU2	53.58 
A,I_DSK2_BAB,PC_IND,HU3	50.59 
A,I_DSK2_BAB,PC_IND,IE	82.82 
A,I_DSK2_BAB,PC_IND,IT	54.27 
A,I_DSK2_BAB,PC_IND,ITC	60.34 
A,I_DSK2_BAB,PC_IND,ITF	43.52 
A,I_DSK2_BAB,PC_IND,ITG	47.37 
A,I_DSK2_BAB,PC_IND,ITH	59.70 
A,I_DSK2_BAB,PC_IND,ITI	56.86 
A,I_DSK2_BAB,PC_IND,LT	53.80 
A,I_DSK2_BAB,PC_IND,LU	62.40 
A,I_DSK2_BAB,PC_IND,LV	48.43 
A,I_DSK2_BAB,PC_IND,ME	44.20 
A,I_DSK2_BAB,PC_IND,MK	28.50 
A,I_DSK2_BAB,PC_IND,MT	66.80 
A,I_DSK2_BAB,PC_IND,NL	83.61 
A,I_DSK2_BAB,PC_IND,NL1	81.02 
A,I_DSK2_BAB,PC_IND,NL2	84.24 
A,I_DSK2_BAB,PC_IND,NL3	85.17 
A,I_DSK2_BAB,PC_IND,NL4	80.60 
A,I_DSK2_BAB,PC_IND,NO	79.80 
A,I_DSK2_BAB,PC_IND,PL	50.42 
A,I_DSK2_BAB,PC_IND,PL2	53.96 
A,I_DSK2_BAB,PC_IND,PL4	48.61 
A,I_DSK2_BAB,PC_IND,PL5	53.65 
A,I_DSK2_BAB,PC_IND,PL6	46.63 
A,I_DSK2_BAB,PC_IND,PL7	45.55 
A,I_DSK2_BAB,PC_IND,PL8	41.77 
A,I_DSK2_BAB,PC_IND,PL9	61.00 
A,I_DSK2_BAB,PC_IND,PT	59.15 
A,I_DSK2_BAB,PC_IND,PT1	59.59 
A,I_DSK2_BAB,PC_IND,PT2	52.95 
A,I_DSK2_BAB,PC_IND,PT3	48.63 
A,I_DSK2_BAB,PC_IND,RO	31.84 
A,I_DSK2_BAB,PC_IND,RO1	29.87 
A,I_DSK2_BAB,PC_IND,RO2	30.91 
A,I_DSK2_BAB,PC_IND,RO3	37.92 
A,I_DSK2_BAB,PC_IND,RO4	27.09 
A,I_DSK2_BAB,PC_IND,RS	42.02 
A,I_DSK2_BAB,PC_IND,RS1	45.75 
A,I_DSK2_BAB,PC_IND,RS2	38.03 
A,I_DSK2_BAB,PC_IND,SE	69.99 
A,I_DSK2_BAB,PC_IND,SE1	70.67 
A,I_DSK2_BAB,PC_IND,SE2	70.54 
A,I_DSK2_BAB,PC_IND,SE3	66.93 
A,I_DSK2_BAB,PC_IND,SI	46.50 
A,I_DSK2_BAB,PC_IND,SK	53.56 
A,I_DSK2_BAB,PC_IND,TR	31.49 
A,I_DSK2_BAB,PC_IND,TR1	39.43 
A,I_DSK2_BAB,PC_IND,TR2	26.77 
A,I_DSK2_BAB,PC_IND,TR3	29.87 
A,I_DSK2_BAB,PC_IND,TR4	46.27 
A,I_DSK2_BAB,PC_IND,TR5	42.72 
A,I_DSK2_BAB,PC_IND,TR6	25.89 
A,I_DSK2_BAB,PC_IND,TR7	22.65 
A,I_DSK2_BAB,PC_IND,TR8	24.47 
A,I_DSK2_BAB,PC_IND,TR9	25.25 
A,I_DSK2_BAB,PC_IND,TRA	18.56 
A,I_DSK2_BAB,PC_IND,TRB	19.43 
A,I_DSK2_BAB,PC_IND,TRC	18.74 
A,I_DSK2_BAB,PC_IND,XK	75.59 
A,I_DSK2_BAB,PC_IND_IU3,AL	31.71 
A,I_DSK2_BAB,PC_IND_IU3,AT	73.21 
A,I_DSK2_BAB,PC_IND_IU3,AT1	73.05 
A,I_DSK2_BAB,PC_IND_IU3,AT2	74.24 
A,I_DSK2_BAB,PC_IND_IU3,AT3	72.84 
A,I_DSK2_BAB,PC_IND_IU3,BA	40.22 
A,I_DSK2_BAB,PC_IND_IU3,BE	63.47 
A,I_DSK2_BAB,PC_IND_IU3,BE1	68.97 
A,I_DSK2_BAB,PC_IND_IU3,BE2	63.11 
A,I_DSK2_BAB,PC_IND_IU3,BE3	62.29 
A,I_DSK2_BAB,PC_IND_IU3,BG	44.05 
A,I_DSK2_BAB,PC_IND_IU3,BG3	40.96 
A,I_DSK2_BAB,PC_IND_IU3,BG4	46.84 
A,I_DSK2_BAB,PC_IND_IU3,CH	78.86 
A,I_DSK2_BAB,PC_IND_IU3,CY	59.44 
A,I_DSK2_BAB,PC_IND_IU3,CZ	74.54 
A,I_DSK2_BAB,PC_IND_IU3,DE	62.96 
A,I_DSK2_BAB,PC_IND_IU3,DE1	69.97 
A,I_DSK2_BAB,PC_IND_IU3,DE2	50.36 
A,I_DSK2_BAB,PC_IND_IU3,DE3	74.40 
A,I_DSK2_BAB,PC_IND_IU3,DE4	68.29 
A,I_DSK2_BAB,PC_IND_IU3,DE6	65.00 
A,I_DSK2_BAB,PC_IND_IU3,DE7	54.93 
A,I_DSK2_BAB,PC_IND_IU3,DE8	47.20 
A,I_DSK2_BAB,PC_IND_IU3,DE9	68.14 
A,I_DSK2_BAB,PC_IND_IU3,DEA	67.51 
A,I_DSK2_BAB,PC_IND_IU3,DED	65.23 
A,I_DSK2_BAB,PC_IND_IU3,DEE	47.99 
A,I_DSK2_BAB,PC_IND_IU3,DEF	67.99 
A,I_DSK2_BAB,PC_IND_IU3,DK	81.69 
A,I_DSK2_BAB,PC_IND_IU3,EE	65.90 
A,I_DSK2_BAB,PC_IND_IU3,EL	57.16 
A,I_DSK2_BAB,PC_IND_IU3,EL3	53.55 
A,I_DSK2_BAB,PC_IND_IU3,EL4	63.35 
A,I_DSK2_BAB,PC_IND_IU3,EL5	64.12 
A,I_DSK2_BAB,PC_IND_IU3,EL6	51.80 
A,I_DSK2_BAB,PC_IND_IU3,ES	69.03 
A,I_DSK2_BAB,PC_IND_IU3,ES1	66.58 
A,I_DSK2_BAB,PC_IND_IU3,ES2	68.60 
A,I_DSK2_BAB,PC_IND_IU3,ES3	73.35 
A,I_DSK2_BAB,PC_IND_IU3,ES4	65.36 
A,I_DSK2_BAB,PC_IND_IU3,ES5	70.70 
A,I_DSK2_BAB,PC_IND_IU3,ES6	66.67 
A,I_DSK2_BAB,PC_IND_IU3,ES7	68.93 
A,I_DSK2_BAB,PC_IND_IU3,FI	82.57 
A,I_DSK2_BAB,PC_IND_IU3,FR	69.22 
A,I_DSK2_BAB,PC_IND_IU3,FR1	73.67 u
A,I_DSK2_BAB,PC_IND_IU3,FRB	65.93 u
A,I_DSK2_BAB,PC_IND_IU3,FRC	63.32 u
A,I_DSK2_BAB,PC_IND_IU3,FRD	65.78 u
A,I_DSK2_BAB,PC_IND_IU3,FRE	64.94 u
A,I_DSK2_BAB,PC_IND_IU3,FRF	65.75 u
A,I_DSK2_BAB,PC_IND_IU3,FRG	69.80 u
A,I_DSK2_BAB,PC_IND_IU3,FRH	71.19 u
A,I_DSK2_BAB,PC_IND_IU3,FRI	68.55 u
A,I_DSK2_BAB,PC_IND_IU3,FRJ	69.66 u
A,I_DSK2_BAB,PC_IND_IU3,FRK	72.82 u
A,I_DSK2_BAB,PC_IND_IU3,FRL	70.47 u
A,I_DSK2_BAB,PC_IND_IU3,FRM	72.83 u
A,I_DSK2_BAB,PC_IND_IU3,FRY	56.36 u
A,I_DSK2_BAB,PC_IND_IU3,HR	73.78 
A,I_DSK2_BAB,PC_IND_IU3,HU	61.77 
A,I_DSK2_BAB,PC_IND_IU3,HU1	72.29 
A,I_DSK2_BAB,PC_IND_IU3,HU2	57.84 
A,I_DSK2_BAB,PC_IND_IU3,HU3	55.64 
A,I_DSK2_BAB,PC_IND_IU3,IE	83.01 
A,I_DSK2_BAB,PC_IND_IU3,IT	60.08 
A,I_DSK2_BAB,PC_IND_IU3,ITC	64.95 
A,I_DSK2_BAB,PC_IND_IU3,ITF	51.38 
A,I_DSK2_BAB,PC_IND_IU3,ITG	54.64 
A,I_DSK2_BAB,PC_IND_IU3,ITH	64.54 
A,I_DSK2_BAB,PC_IND_IU3,ITI	61.03 
A,I_DSK2_BAB,PC_IND_IU3,LT	60.25 
A,I_DSK2_BAB,PC_IND_IU3,LU	62.95 
A,I_DSK2_BAB,PC_IND_IU3,LV	51.24 
A,I_DSK2_BAB,PC_IND_IU3,ME	46.91 
A,I_DSK2_BAB,PC_IND_IU3,MK	30.93 
A,I_DSK2_BAB,PC_IND_IU3,MT	69.58 
A,I_DSK2_BAB,PC_IND_IU3,NL	83.85 
A,I_DSK2_BAB,PC_IND_IU3,NL1	81.13 
A,I_DSK2_BAB,PC_IND_IU3,NL2	84.43 
A,I_DSK2_BAB,PC_IND_IU3,NL3	85.36 
A,I_DSK2_BAB,PC_IND_IU3,NL4	81.07 
A,I_DSK2_BAB,PC_IND_IU3,NO	80.76 
A,I_DSK2_BAB,PC_IND_IU3,PL	56.24 
A,I_DSK2_BAB,PC_IND_IU3,PL2	59.89 
A,I_DSK2_BAB,PC_IND_IU3,PL4	53.32 
A,I_DSK2_BAB,PC_IND_IU3,PL5	57.36 
A,I_DSK2_BAB,PC_IND_IU3,PL6	52.35 
A,I_DSK2_BAB,PC_IND_IU3,PL7	53.64 
A,I_DSK2_BAB,PC_IND_IU3,PL8	47.72 
A,I_DSK2_BAB,PC_IND_IU3,PL9	66.91 
A,I_DSK2_BAB,PC_IND_IU3,PT	66.13 
A,I_DSK2_BAB,PC_IND_IU3,PT1	66.59 
A,I_DSK2_BAB,PC_IND_IU3,PT2	59.38 
A,I_DSK2_BAB,PC_IND_IU3,PT3	55.05 
A,I_DSK2_BAB,PC_IND_IU3,RO	34.18 
A,I_DSK2_BAB,PC_IND_IU3,RO1	31.75 
A,I_DSK2_BAB,PC_IND_IU3,RO2	33.53 
A,I_DSK2_BAB,PC_IND_IU3,RO3	40.62 
A,I_DSK2_BAB,PC_IND_IU3,RO4	29.12 
A,I_DSK2_BAB,PC_IND_IU3,RS	46.67 
A,I_DSK2_BAB,PC_IND_IU3,RS1	49.88 
A,I_DSK2_BAB,PC_IND_IU3,RS2	43.10 
A,I_DSK2_BAB,PC_IND_IU3,SE	71.23 
A,I_DSK2_BAB,PC_IND_IU3,SE1	72.12 
A,I_DSK2_BAB,PC_IND_IU3,SE2	71.61 
A,I_DSK2_BAB,PC_IND_IU3,SE3	68.13 
A,I_DSK2_BAB,PC_IND_IU3,SI	50.79 
A,I_DSK2_BAB,PC_IND_IU3,SK	57.91 
A,I_DSK2_BAB,PC_IND_IU3,TR	35.07 
A,I_DSK2_BAB,PC_IND_IU3,TR1	41.00 
A,I_DSK2_BAB,PC_IND_IU3,TR2	30.55 
A,I_DSK2_BAB,PC_IND_IU3,TR3	33.68 
A,I_DSK2_BAB,PC_IND_IU3,TR4	49.93 
A,I_DSK2_BAB,PC_IND_IU3,TR5	47.30 
A,I_DSK2_BAB,PC_IND_IU3,TR6	29.01 
A,I_DSK2_BAB,PC_IND_IU3,TR7	25.58 
A,I_DSK2_BAB,PC_IND_IU3,TR8	28.16 
A,I_DSK2_BAB,PC_IND_IU3,TR9	29.77 
A,I_DSK2_BAB,PC_IND_IU3,TRA	22.05 
A,I_DSK2_BAB,PC_IND_IU3,TRB	24.72 
A,I_DSK2_BAB,PC_IND_IU3,TRC	21.63 
A,I_DSK2_BAB,PC_IND_IU3,XK	76.76 
A,I_DSK2_CC_AB,PC_IND,AL	84.34 
A,I_DSK2_CC_AB,PC_IND,AT	90.24 
A,I_DSK2_CC_AB,PC_IND,AT1	90.73 
A,I_DSK2_CC_AB,PC_IND,AT2	89.07 
A,I_DSK2_CC_AB,PC_IND,AT3	90.29 
A,I_DSK2_CC_AB,PC_IND,BA	87.05 
A,I_DSK2_CC_AB,PC_IND,BE	86.19 
A,I_DSK2_CC_AB,PC_IND,BE1	85.39 
A,I_DSK2_CC_AB,PC_IND,BE2	87.49 
A,I_DSK2_CC_AB,PC_IND,BE3	84.09 
A,I_DSK2_CC_AB,PC_IND,BG	78.49 
A,I_DSK2_CC_AB,PC_IND,BG3	76.89 
A,I_DSK2_CC_AB,PC_IND,BG4	79.95 
A,I_DSK2_CC_AB,PC_IND,CH	94.92 
A,I_DSK2_CC_AB,PC_IND,CY	90.57 
A,I_DSK2_CC_AB,PC_IND,CZ	88.90 
A,I_DSK2_CC_AB,PC_IND,DE	88.50 
A,I_DSK2_CC_AB,PC_IND,DE1	89.82 
A,I_DSK2_CC_AB,PC_IND,DE2	88.72 
A,I_DSK2_CC_AB,PC_IND,DE3	86.06 
A,I_DSK2_CC_AB,PC_IND,DE4	84.73 
A,I_DSK2_CC_AB,PC_IND,DE6	91.60 
A,I_DSK2_CC_AB,PC_IND,DE7	88.52 
A,I_DSK2_CC_AB,PC_IND,DE8	85.59 
A,I_DSK2_CC_AB,PC_IND,DE9	88.24 
A,I_DSK2_CC_AB,PC_IND,DEA	90.27 
A,I_DSK2_CC_AB,PC_IND,DED	87.65 
A,I_DSK2_CC_AB,PC_IND,DEE	82.54 
A,I_DSK2_CC_AB,PC_IND,DEF	88.23 
A,I_DSK2_CC_AB,PC_IND,DK	95.99 
A,I_DSK2_CC_AB,PC_IND,EE	84.87 
A,I_DSK2_CC_AB,PC_IND,EL	84.64 
A,I_DSK2_CC_AB,PC_IND,EL3	85.75 
A,I_DSK2_CC_AB,PC_IND,EL4	81.85 
A,I_DSK2_CC_AB,PC_IND,EL5	87.88 
A,I_DSK2_CC_AB,PC_IND,EL6	80.37 
A,I_DSK2_CC_AB,PC_IND,ES	92.08 
A,I_DSK2_CC_AB,PC_IND,ES1	87.76 
A,I_DSK2_CC_AB,PC_IND,ES2	91.94 
A,I_DSK2_CC_AB,PC_IND,ES3	94.41 
A,I_DSK2_CC_AB,PC_IND,ES4	90.04 
A,I_DSK2_CC_AB,PC_IND,ES5	94.15 
A,I_DSK2_CC_AB,PC_IND,ES6	90.47 
A,I_DSK2_CC_AB,PC_IND,ES7	91.98 
A,I_DSK2_CC_AB,PC_IND,FI	94.63 
A,I_DSK2_CC_AB,PC_IND,FR	85.49 
A,I_DSK2_CC_AB,PC_IND,FR1	89.74 u
A,I_DSK2_CC_AB,PC_IND,FRB	86.92 u
A,I_DSK2_CC_AB,PC_IND,FRC	81.41 u
A,I_DSK2_CC_AB,PC_IND,FRD	83.82 u
A,I_DSK2_CC_AB,PC_IND,FRE	82.50 u
A,I_DSK2_CC_AB,PC_IND,FRF	82.93 u
A,I_DSK2_CC_AB,PC_IND,FRG	87.99 u
A,I_DSK2_CC_AB,PC_IND,FRH	85.33 u
A,I_DSK2_CC_AB,PC_IND,FRI	85.58 u
A,I_DSK2_CC_AB,PC_IND,FRJ	82.46 u
A,I_DSK2_CC_AB,PC_IND,FRK	85.40 u
A,I_DSK2_CC_AB,PC_IND,FRL	87.29 u
A,I_DSK2_CC_AB,PC_IND,FRM	82.45 u
A,I_DSK2_CC_AB,PC_IND,FRY	80.94 u
A,I_DSK2_CC_AB,PC_IND,HR	80.72 
A,I_DSK2_CC_AB,PC_IND,HU	84.01 
A,I_DSK2_CC_AB,PC_IND,HU1	88.00 
A,I_DSK2_CC_AB,PC_IND,HU2	83.80 
A,I_DSK2_CC_AB,PC_IND,HU3	80.81 
A,I_DSK2_CC_AB,PC_IND,IE	96.04 
A,I_DSK2_CC_AB,PC_IND,IT	84.32 
A,I_DSK2_CC_AB,PC_IND,ITC	87.44 
A,I_DSK2_CC_AB,PC_IND,ITF	77.44 
A,I_DSK2_CC_AB,PC_IND,ITG	80.19 
A,I_DSK2_CC_AB,PC_IND,ITH	87.05 
A,I_DSK2_CC_AB,PC_IND,ITI	87.61 
A,I_DSK2_CC_AB,PC_IND,LT	81.57 
A,I_DSK2_CC_AB,PC_IND,LU	86.19 
A,I_DSK2_CC_AB,PC_IND,LV	88.64 
A,I_DSK2_CC_AB,PC_IND,ME	92.00 
A,I_DSK2_CC_AB,PC_IND,MK	86.29 
A,I_DSK2_CC_AB,PC_IND,MT	93.01 
A,I_DSK2_CC_AB,PC_IND,NL	98.60 
A,I_DSK2_CC_AB,PC_IND,NL1	99.42 
A,I_DSK2_CC_AB,PC_IND,NL2	98.56 
A,I_DSK2_CC_AB,PC_IND,NL3	98.59 
A,I_DSK2_CC_AB,PC_IND,NL4	98.29 
A,I_DSK2_CC_AB,PC_IND,NO	94.98 
A,I_DSK2_CC_AB,PC_IND,PL	76.27 
A,I_DSK2_CC_AB,PC_IND,PL2	77.93 
A,I_DSK2_CC_AB,PC_IND,PL4	77.52 
A,I_DSK2_CC_AB,PC_IND,PL5	80.54 
A,I_DSK2_CC_AB,PC_IND,PL6	74.15 
A,I_DSK2_CC_AB,PC_IND,PL7	71.29 
A,I_DSK2_CC_AB,PC_IND,PL8	74.25 
A,I_DSK2_CC_AB,PC_IND,PL9	77.64 
A,I_DSK2_CC_AB,PC_IND,PT	85.19 
A,I_DSK2_CC_AB,PC_IND,PT1	85.28 
A,I_DSK2_CC_AB,PC_IND,PT2	84.44 
A,I_DSK2_CC_AB,PC_IND,PT3	82.51 
A,I_DSK2_CC_AB,PC_IND,RO	83.56 
A,I_DSK2_CC_AB,PC_IND,RO1	84.96 
A,I_DSK2_CC_AB,PC_IND,RO2	83.00 
A,I_DSK2_CC_AB,PC_IND,RO3	84.99 
A,I_DSK2_CC_AB,PC_IND,RO4	80.46 
A,I_DSK2_CC_AB,PC_IND,RS	86.25 
A,I_DSK2_CC_AB,PC_IND,RS1	88.70 
A,I_DSK2_CC_AB,PC_IND,RS2	83.63 
A,I_DSK2_CC_AB,PC_IND,SE	90.19 
A,I_DSK2_CC_AB,PC_IND,SE1	90.28 
A,I_DSK2_CC_AB,PC_IND,SE2	91.00 
A,I_DSK2_CC_AB,PC_IND,SE3	87.95 
A,I_DSK2_CC_AB,PC_IND,SI	80.77 
A,I_DSK2_CC_AB,PC_IND,SK	77.70 
A,I_DSK2_CC_AB,PC_IND,TR	86.90 
A,I_DSK2_CC_AB,PC_IND,TR1	94.62 
A,I_DSK2_CC_AB,PC_IND,TR2	83.60 
A,I_DSK2_CC_AB,PC_IND,TR3	85.45 
A,I_DSK2_CC_AB,PC_IND,TR4	91.21 
A,I_DSK2_CC_AB,PC_IND,TR5	87.49 
A,I_DSK2_CC_AB,PC_IND,TR6	85.92 
A,I_DSK2_CC_AB,PC_IND,TR7	84.53 
A,I_DSK2_CC_AB,PC_IND,TR8	84.02 
A,I_DSK2_CC_AB,PC_IND,TR9	81.61 
A,I_DSK2_CC_AB,PC_IND,TRA	80.63 
A,I_DSK2_CC_AB,PC_IND,TRB	76.34 
A,I_DSK2_CC_AB,PC_IND,TRC	81.77 
A,I_DSK2_CC_AB,PC_IND,XK	94.68 
A,I_DSK2_CC_AB,PC_IND_IU3,AL	96.74 
A,I_DSK2_CC_AB,PC_IND_IU3,AT	94.69 
A,I_DSK2_CC_AB,PC_IND_IU3,AT1	93.81 
A,I_DSK2_CC_AB,PC_IND_IU3,AT2	95.14 
A,I_DSK2_CC_AB,PC_IND_IU3,AT3	95.54 
A,I_DSK2_CC_AB,PC_IND_IU3,BA	96.61 
A,I_DSK2_CC_AB,PC_IND_IU3,BE	89.35 
A,I_DSK2_CC_AB,PC_IND_IU3,BE1	90.34 
A,I_DSK2_CC_AB,PC_IND_IU3,BE2	90.22 
A,I_DSK2_CC_AB,PC_IND_IU3,BE3	87.43 
A,I_DSK2_CC_AB,PC_IND_IU3,BG	90.38 
A,I_DSK2_CC_AB,PC_IND_IU3,BG3	89.50 
A,I_DSK2_CC_AB,PC_IND_IU3,BG4	91.17 
A,I_DSK2_CC_AB,PC_IND_IU3,CH	95.95 
A,I_DSK2_CC_AB,PC_IND_IU3,CY	96.57 
A,I_DSK2_CC_AB,PC_IND_IU3,CZ	94.05 
A,I_DSK2_CC_AB,PC_IND_IU3,DE	93.57 
A,I_DSK2_CC_AB,PC_IND_IU3,DE1	93.63 
A,I_DSK2_CC_AB,PC_IND_IU3,DE2	93.67 
A,I_DSK2_CC_AB,PC_IND_IU3,DE3	92.48 
A,I_DSK2_CC_AB,PC_IND_IU3,DE4	93.73 
A,I_DSK2_CC_AB,PC_IND_IU3,DE6	94.97 
A,I_DSK2_CC_AB,PC_IND_IU3,DE7	92.68 
A,I_DSK2_CC_AB,PC_IND_IU3,DE8	91.45 
A,I_DSK2_CC_AB,PC_IND_IU3,DE9	92.78 
A,I_DSK2_CC_AB,PC_IND_IU3,DEA	95.33 
A,I_DSK2_CC_AB,PC_IND_IU3,DED	92.21 
A,I_DSK2_CC_AB,PC_IND_IU3,DEE	91.82 
A,I_DSK2_CC_AB,PC_IND_IU3,DEF	93.17 
A,I_DSK2_CC_AB,PC_IND_IU3,DK	96.27 
A,I_DSK2_CC_AB,PC_IND_IU3,EE	89.47 
A,I_DSK2_CC_AB,PC_IND_IU3,EL	94.94 
A,I_DSK2_CC_AB,PC_IND_IU3,EL3	90.92 
A,I_DSK2_CC_AB,PC_IND_IU3,EL4	95.03 
A,I_DSK2_CC_AB,PC_IND_IU3,EL5	98.29 
A,I_DSK2_CC_AB,PC_IND_IU3,EL6	97.76 
A,I_DSK2_CC_AB,PC_IND_IU3,ES	95.59 
A,I_DSK2_CC_AB,PC_IND_IU3,ES1	93.18 
A,I_DSK2_CC_AB,PC_IND_IU3,ES2	95.43 
A,I_DSK2_CC_AB,PC_IND_IU3,ES3	96.27 
A,I_DSK2_CC_AB,PC_IND_IU3,ES4	94.64 
A,I_DSK2_CC_AB,PC_IND_IU3,ES5	96.50 
A,I_DSK2_CC_AB,PC_IND_IU3,ES6	95.33 
A,I_DSK2_CC_AB,PC_IND_IU3,ES7	95.44 
A,I_DSK2_CC_AB,PC_IND_IU3,FI	96.48 
A,I_DSK2_CC_AB,PC_IND_IU3,FR	90.01 
A,I_DSK2_CC_AB,PC_IND_IU3,FR1	93.00 u
A,I_DSK2_CC_AB,PC_IND_IU3,FRB	91.05 u
A,I_DSK2_CC_AB,PC_IND_IU3,FRC	88.01 u
A,I_DSK2_CC_AB,PC_IND_IU3,FRD	88.22 u
A,I_DSK2_CC_AB,PC_IND_IU3,FRE	88.24 u
A,I_DSK2_CC_AB,PC_IND_IU3,FRF	88.50 u
A,I_DSK2_CC_AB,PC_IND_IU3,FRG	91.40 u
A,I_DSK2_CC_AB,PC_IND_IU3,FRH	89.53 u
A,I_DSK2_CC_AB,PC_IND_IU3,FRI	89.65 u
A,I_DSK2_CC_AB,PC_IND_IU3,FRJ	86.95 u
A,I_DSK2_CC_AB,PC_IND_IU3,FRK	89.71 u
A,I_DSK2_CC_AB,PC_IND_IU3,FRL	91.12 u
A,I_DSK2_CC_AB,PC_IND_IU3,FRM	89.20 u
A,I_DSK2_CC_AB,PC_IND_IU3,FRY	91.22 u
A,I_DSK2_CC_AB,PC_IND_IU3,HR	93.97 
A,I_DSK2_CC_AB,PC_IND_IU3,HU	90.52 
A,I_DSK2_CC_AB,PC_IND_IU3,HU1	92.43 
A,I_DSK2_CC_AB,PC_IND_IU3,HU2	90.47 
A,I_DSK2_CC_AB,PC_IND_IU3,HU3	88.87 
A,I_DSK2_CC_AB,PC_IND_IU3,IE	96.26 
A,I_DSK2_CC_AB,PC_IND_IU3,IT	93.36 
A,I_DSK2_CC_AB,PC_IND_IU3,ITC	94.12 
A,I_DSK2_CC_AB,PC_IND_IU3,ITF	91.43 
A,I_DSK2_CC_AB,PC_IND_IU3,ITG	92.51 
A,I_DSK2_CC_AB,PC_IND_IU3,ITH	94.11 
A,I_DSK2_CC_AB,PC_IND_IU3,ITI	94.04 
A,I_DSK2_CC_AB,PC_IND_IU3,LT	91.34 
A,I_DSK2_CC_AB,PC_IND_IU3,LU	86.95 
A,I_DSK2_CC_AB,PC_IND_IU3,LV	93.77 
A,I_DSK2_CC_AB,PC_IND_IU3,ME	97.64 
A,I_DSK2_CC_AB,PC_IND_IU3,MK	93.65 
A,I_DSK2_CC_AB,PC_IND_IU3,MT	96.88 
A,I_DSK2_CC_AB,PC_IND_IU3,NL	98.89 
A,I_DSK2_CC_AB,PC_IND_IU3,NL1	99.56 
A,I_DSK2_CC_AB,PC_IND_IU3,NL2	98.77 
A,I_DSK2_CC_AB,PC_IND_IU3,NL3	98.81 
A,I_DSK2_CC_AB,PC_IND_IU3,NL4	98.86 
A,I_DSK2_CC_AB,PC_IND_IU3,NO	96.11 
A,I_DSK2_CC_AB,PC_IND_IU3,PL	85.08 
A,I_DSK2_CC_AB,PC_IND_IU3,PL2	86.49 
A,I_DSK2_CC_AB,PC_IND_IU3,PL4	85.03 
A,I_DSK2_CC_AB,PC_IND_IU3,PL5	86.11 
A,I_DSK2_CC_AB,PC_IND_IU3,PL6	83.23 
A,I_DSK2_CC_AB,PC_IND_IU3,PL7	83.96 
A,I_DSK2_CC_AB,PC_IND_IU3,PL8	84.82 
A,I_DSK2_CC_AB,PC_IND_IU3,PL9	85.16 
A,I_DSK2_CC_AB,PC_IND_IU3,PT	95.23 
A,I_DSK2_CC_AB,PC_IND_IU3,PT1	95.29 
A,I_DSK2_CC_AB,PC_IND_IU3,PT2	94.68 
A,I_DSK2_CC_AB,PC_IND_IU3,PT3	93.42 
A,I_DSK2_CC_AB,PC_IND_IU3,RO	89.71 
A,I_DSK2_CC_AB,PC_IND_IU3,RO1	90.28 
A,I_DSK2_CC_AB,PC_IND_IU3,RO2	90.03 
A,I_DSK2_CC_AB,PC_IND_IU3,RO3	91.03 
A,I_DSK2_CC_AB,PC_IND_IU3,RO4	86.49 
A,I_DSK2_CC_AB,PC_IND_IU3,RS	95.78 
A,I_DSK2_CC_AB,PC_IND_IU3,RS1	96.69 
A,I_DSK2_CC_AB,PC_IND_IU3,RS2	94.78 
A,I_DSK2_CC_AB,PC_IND_IU3,SE	91.80 
A,I_DSK2_CC_AB,PC_IND_IU3,SE1	92.13 
A,I_DSK2_CC_AB,PC_IND_IU3,SE2	92.38 
A,I_DSK2_CC_AB,PC_IND_IU3,SE3	89.52 
A,I_DSK2_CC_AB,PC_IND_IU3,SI	88.21 
A,I_DSK2_CC_AB,PC_IND_IU3,SK	84.01 
A,I_DSK2_CC_AB,PC_IND_IU3,TR	96.80 
A,I_DSK2_CC_AB,PC_IND_IU3,TR1	98.39 
A,I_DSK2_CC_AB,PC_IND_IU3,TR2	95.41 
A,I_DSK2_CC_AB,PC_IND_IU3,TR3	96.36 
A,I_DSK2_CC_AB,PC_IND_IU3,TR4	98.42 
A,I_DSK2_CC_AB,PC_IND_IU3,TR5	96.87 
A,I_DSK2_CC_AB,PC_IND_IU3,TR6	96.27 
A,I_DSK2_CC_AB,PC_IND_IU3,TR7	95.48 
A,I_DSK2_CC_AB,PC_IND_IU3,TR8	96.67 
A,I_DSK2_CC_AB,PC_IND_IU3,TR9	96.21 
A,I_DSK2_CC_AB,PC_IND_IU3,TRA	95.77 
A,I_DSK2_CC_AB,PC_IND_IU3,TRB	97.09 
A,I_DSK2_CC_AB,PC_IND_IU3,TRC	94.39 
A,I_DSK2_CC_AB,PC_IND_IU3,XK	96.15 
A,I_DSK2_CC_B,PC_IND,AL	2.54 
A,I_DSK2_CC_B,PC_IND,AT	3.72 
A,I_DSK2_CC_B,PC_IND,AT1	4.56 
A,I_DSK2_CC_B,PC_IND,AT2	3.08 
A,I_DSK2_CC_B,PC_IND,AT3	3.03 
A,I_DSK2_CC_B,PC_IND,BA	2.87 
A,I_DSK2_CC_B,PC_IND,BE	8.45 
A,I_DSK2_CC_B,PC_IND,BE1	8.16 
A,I_DSK2_CC_B,PC_IND,BE2	7.84 
A,I_DSK2_CC_B,PC_IND,BE3	9.68 
A,I_DSK2_CC_B,PC_IND,BG	6.86 
A,I_DSK2_CC_B,PC_IND,BG3	7.25 
A,I_DSK2_CC_B,PC_IND,BG4	6.49 
A,I_DSK2_CC_B,PC_IND,CH	3.31 
A,I_DSK2_CC_B,PC_IND,CY	1.71 
A,I_DSK2_CC_B,PC_IND,CZ	3.90 
A,I_DSK2_CC_B,PC_IND,DE	4.56 
A,I_DSK2_CC_B,PC_IND,DE1	4.78 u
A,I_DSK2_CC_B,PC_IND,DE2	4.69 
A,I_DSK2_CC_B,PC_IND,DE3	5.97 
A,I_DSK2_CC_B,PC_IND,DE4	3.94 
A,I_DSK2_CC_B,PC_IND,DE6	3.98 
A,I_DSK2_CC_B,PC_IND,DE7	5.06 
A,I_DSK2_CC_B,PC_IND,DE8	6.35 u
A,I_DSK2_CC_B,PC_IND,DE9	4.93 
A,I_DSK2_CC_B,PC_IND,DEA	3.13 
A,I_DSK2_CC_B,PC_IND,DED	5.08 
A,I_DSK2_CC_B,PC_IND,DEE	5.77 
A,I_DSK2_CC_B,PC_IND,DEF	4.67 
A,I_DSK2_CC_B,PC_IND,DK	2.91 
A,I_DSK2_CC_B,PC_IND,EE	6.09 
A,I_DSK2_CC_B,PC_IND,EL	3.21 
A,I_DSK2_CC_B,PC_IND,EL3	5.94 
A,I_DSK2_CC_B,PC_IND,EL4	2.91 
A,I_DSK2_CC_B,PC_IND,EL5	1.16 
A,I_DSK2_CC_B,PC_IND,EL6	1.52 
A,I_DSK2_CC_B,PC_IND,ES	3.92 
A,I_DSK2_CC_B,PC_IND,ES1	5.54 
A,I_DSK2_CC_B,PC_IND,ES2	4.27 
A,I_DSK2_CC_B,PC_IND,ES3	3.33 
A,I_DSK2_CC_B,PC_IND,ES4	4.78 
A,I_DSK2_CC_B,PC_IND,ES5	3.19 
A,I_DSK2_CC_B,PC_IND,ES6	4.08 
A,I_DSK2_CC_B,PC_IND,ES7	3.92 
A,I_DSK2_CC_B,PC_IND,FI	2.51 
A,I_DSK2_CC_B,PC_IND,FR	8.18 
A,I_DSK2_CC_B,PC_IND,FR1	6.21 u
A,I_DSK2_CC_B,PC_IND,FRB	7.47 u
A,I_DSK2_CC_B,PC_IND,FRC	9.03 u
A,I_DSK2_CC_B,PC_IND,FRD	8.44 u
A,I_DSK2_CC_B,PC_IND,FRE	9.13 u
A,I_DSK2_CC_B,PC_IND,FRF	9.19 u
A,I_DSK2_CC_B,PC_IND,FRG	7.38 u
A,I_DSK2_CC_B,PC_IND,FRH	8.83 u
A,I_DSK2_CC_B,PC_IND,FRI	8.92 u
A,I_DSK2_CC_B,PC_IND,FRJ	10.78 u
A,I_DSK2_CC_B,PC_IND,FRK	8.78 u
A,I_DSK2_CC_B,PC_IND,FRL	6.89 u
A,I_DSK2_CC_B,PC_IND,FRM	9.99 u
A,I_DSK2_CC_B,PC_IND,FRY	5.12 u
A,I_DSK2_CC_B,PC_IND,HR	3.59 
A,I_DSK2_CC_B,PC_IND,HU	5.57 
A,I_DSK2_CC_B,PC_IND,HU1	5.17 
A,I_DSK2_CC_B,PC_IND,HU2	5.11 
A,I_DSK2_CC_B,PC_IND,HU3	6.26 
A,I_DSK2_CC_B,PC_IND,IE	3.30 
A,I_DSK2_CC_B,PC_IND,IT	3.65 
A,I_DSK2_CC_B,PC_IND,ITC	3.65 
A,I_DSK2_CC_B,PC_IND,ITF	4.02 
A,I_DSK2_CC_B,PC_IND,ITG	3.90 
A,I_DSK2_CC_B,PC_IND,ITH	3.70 
A,I_DSK2_CC_B,PC_IND,ITI	3.03 
A,I_DSK2_CC_B,PC_IND,LT	4.70 
A,I_DSK2_CC_B,PC_IND,LU	10.56 
A,I_DSK2_CC_B,PC_IND,LV	3.74 
A,I_DSK2_CC_B,PC_IND,ME	2.02 
A,I_DSK2_CC_B,PC_IND,MK	5.01 
A,I_DSK2_CC_B,PC_IND,MT	2.40 
A,I_DSK2_CC_B,PC_IND,NL	0.92 
A,I_DSK2_CC_B,PC_IND,NL1	0.44 
A,I_DSK2_CC_B,PC_IND,NL2	0.79 
A,I_DSK2_CC_B,PC_IND,NL3	1.05 
A,I_DSK2_CC_B,PC_IND,NL4	0.96 
A,I_DSK2_CC_B,PC_IND,NO	2.90 
A,I_DSK2_CC_B,PC_IND,PL	8.48 
A,I_DSK2_CC_B,PC_IND,PL2	8.40 
A,I_DSK2_CC_B,PC_IND,PL4	8.84 
A,I_DSK2_CC_B,PC_IND,PL5	9.55 
A,I_DSK2_CC_B,PC_IND,PL6	10.95 
A,I_DSK2_CC_B,PC_IND,PL7	7.02 
A,I_DSK2_CC_B,PC_IND,PL8	7.33 
A,I_DSK2_CC_B,PC_IND,PL9	7.57 
A,I_DSK2_CC_B,PC_IND,PT	2.98 
A,I_DSK2_CC_B,PC_IND,PT1	2.92 
A,I_DSK2_CC_B,PC_IND,PT2	3.49 
A,I_DSK2_CC_B,PC_IND,PT3	4.75 
A,I_DSK2_CC_B,PC_IND,RO	8.47 
A,I_DSK2_CC_B,PC_IND,RO1	7.95 
A,I_DSK2_CC_B,PC_IND,RO2	8.42 
A,I_DSK2_CC_B,PC_IND,RO3	7.44 
A,I_DSK2_CC_B,PC_IND,RO4	10.76 
A,I_DSK2_CC_B,PC_IND,RS	2.54 
A,I_DSK2_CC_B,PC_IND,RS1	2.63 
A,I_DSK2_CC_B,PC_IND,RS2	2.45 
A,I_DSK2_CC_B,PC_IND,SE	6.69 
A,I_DSK2_CC_B,PC_IND,SE1	5.85 
A,I_DSK2_CC_B,PC_IND,SE2	6.79 
A,I_DSK2_CC_B,PC_IND,SE3	8.49 
A,I_DSK2_CC_B,PC_IND,SI	8.88 
A,I_DSK2_CC_B,PC_IND,SK	11.97 
A,I_DSK2_CC_B,PC_IND,TR	2.50 
A,I_DSK2_CC_B,PC_IND,TR1	1.36 
A,I_DSK2_CC_B,PC_IND,TR2	3.76 
A,I_DSK2_CC_B,PC_IND,TR3	2.90 
A,I_DSK2_CC_B,PC_IND,TR4	1.32 
A,I_DSK2_CC_B,PC_IND,TR5	2.44 
A,I_DSK2_CC_B,PC_IND,TR6	2.58 
A,I_DSK2_CC_B,PC_IND,TR7	3.87 
A,I_DSK2_CC_B,PC_IND,TR8	2.43 
A,I_DSK2_CC_B,PC_IND,TR9	2.70 
A,I_DSK2_CC_B,PC_IND,TRA	3.33 
A,I_DSK2_CC_B,PC_IND,TRB	1.97 
A,I_DSK2_CC_B,PC_IND,TRC	4.12 
A,I_DSK2_CC_B,PC_IND,XK	3.59 
A,I_DSK2_CC_B,PC_IND_IU3,AL	2.92 
A,I_DSK2_CC_B,PC_IND_IU3,AT	3.90 
A,I_DSK2_CC_B,PC_IND_IU3,AT1	4.72 
A,I_DSK2_CC_B,PC_IND_IU3,AT2	3.29 
A,I_DSK2_CC_B,PC_IND_IU3,AT3	3.20 
A,I_DSK2_CC_B,PC_IND_IU3,BA	3.18 
A,I_DSK2_CC_B,PC_IND_IU3,BE	8.76 
A,I_DSK2_CC_B,PC_IND_IU3,BE1	8.63 
A,I_DSK2_CC_B,PC_IND_IU3,BE2	8.09 
A,I_DSK2_CC_B,PC_IND_IU3,BE3	10.06 
A,I_DSK2_CC_B,PC_IND_IU3,BG	7.89 
A,I_DSK2_CC_B,PC_IND_IU3,BG3	8.44 
A,I_DSK2_CC_B,PC_IND_IU3,BG4	7.40 
A,I_DSK2_CC_B,PC_IND_IU3,CH	3.35 
A,I_DSK2_CC_B,PC_IND_IU3,CY	1.82 
A,I_DSK2_CC_B,PC_IND_IU3,CZ	4.12 
A,I_DSK2_CC_B,PC_IND_IU3,DE	4.82 
A,I_DSK2_CC_B,PC_IND_IU3,DE1	4.98 u
A,I_DSK2_CC_B,PC_IND_IU3,DE2	4.95 
A,I_DSK2_CC_B,PC_IND_IU3,DE3	6.42 
A,I_DSK2_CC_B,PC_IND_IU3,DE4	4.36 
A,I_DSK2_CC_B,PC_IND_IU3,DE6	4.13 
A,I_DSK2_CC_B,PC_IND_IU3,DE7	5.30 
A,I_DSK2_CC_B,PC_IND_IU3,DE8	6.78 u
A,I_DSK2_CC_B,PC_IND_IU3,DE9	5.18 
A,I_DSK2_CC_B,PC_IND_IU3,DEA	3.31 
A,I_DSK2_CC_B,PC_IND_IU3,DED	5.34 
A,I_DSK2_CC_B,PC_IND_IU3,DEE	6.42 
A,I_DSK2_CC_B,PC_IND_IU3,DEF	4.94 
A,I_DSK2_CC_B,PC_IND_IU3,DK	2.91 
A,I_DSK2_CC_B,PC_IND_IU3,EE	6.42 
A,I_DSK2_CC_B,PC_IND_IU3,EL	3.60 
A,I_DSK2_CC_B,PC_IND_IU3,EL3	6.30 
A,I_DSK2_CC_B,PC_IND_IU3,EL4	3.38 
A,I_DSK2_CC_B,PC_IND_IU3,EL5	1.30 
A,I_DSK2_CC_B,PC_IND_IU3,EL6	1.85 
A,I_DSK2_CC_B,PC_IND_IU3,ES	4.07 
A,I_DSK2_CC_B,PC_IND_IU3,ES1	5.88 
A,I_DSK2_CC_B,PC_IND_IU3,ES2	4.43 
A,I_DSK2_CC_B,PC_IND_IU3,ES3	3.39 
A,I_DSK2_CC_B,PC_IND_IU3,ES4	5.03 
A,I_DSK2_CC_B,PC_IND_IU3,ES5	3.27 
A,I_DSK2_CC_B,PC_IND_IU3,ES6	4.30 
A,I_DSK2_CC_B,PC_IND_IU3,ES7	4.07 
A,I_DSK2_CC_B,PC_IND_IU3,FI	2.56 
A,I_DSK2_CC_B,PC_IND_IU3,FR	8.61 
A,I_DSK2_CC_B,PC_IND_IU3,FR1	6.43 u
A,I_DSK2_CC_B,PC_IND_IU3,FRB	7.82 u
A,I_DSK2_CC_B,PC_IND_IU3,FRC	9.77 u
A,I_DSK2_CC_B,PC_IND_IU3,FRD	8.89 u
A,I_DSK2_CC_B,PC_IND_IU3,FRE	9.76 u
A,I_DSK2_CC_B,PC_IND_IU3,FRF	9.80 u
A,I_DSK2_CC_B,PC_IND_IU3,FRG	7.67 u
A,I_DSK2_CC_B,PC_IND_IU3,FRH	9.27 u
A,I_DSK2_CC_B,PC_IND_IU3,FRI	9.35 u
A,I_DSK2_CC_B,PC_IND_IU3,FRJ	11.36 u
A,I_DSK2_CC_B,PC_IND_IU3,FRK	9.23 u
A,I_DSK2_CC_B,PC_IND_IU3,FRL	7.19 u
A,I_DSK2_CC_B,PC_IND_IU3,FRM	10.80 u
A,I_DSK2_CC_B,PC_IND_IU3,FRY	5.77 u
A,I_DSK2_CC_B,PC_IND_IU3,HR	4.18 
A,I_DSK2_CC_B,PC_IND_IU3,HU	6.00 
A,I_DSK2_CC_B,PC_IND_IU3,HU1	5.43 
A,I_DSK2_CC_B,PC_IND_IU3,HU2	5.52 
A,I_DSK2_CC_B,PC_IND_IU3,HU3	6.89 
A,I_DSK2_CC_B,PC_IND_IU3,IE	3.30 
A,I_DSK2_CC_B,PC_IND_IU3,IT	4.04 
A,I_DSK2_CC_B,PC_IND_IU3,ITC	3.93 
A,I_DSK2_CC_B,PC_IND_IU3,ITF	4.75 
A,I_DSK2_CC_B,PC_IND_IU3,ITG	4.50 
A,I_DSK2_CC_B,PC_IND_IU3,ITH	4.00 
A,I_DSK2_CC_B,PC_IND_IU3,ITI	3.25 
A,I_DSK2_CC_B,PC_IND_IU3,LT	5.27 
A,I_DSK2_CC_B,PC_IND_IU3,LU	10.65 
A,I_DSK2_CC_B,PC_IND_IU3,LV	3.96 
A,I_DSK2_CC_B,PC_IND_IU3,ME	2.14 
A,I_DSK2_CC_B,PC_IND_IU3,MK	5.43 
A,I_DSK2_CC_B,PC_IND_IU3,MT	2.50 
A,I_DSK2_CC_B,PC_IND_IU3,NL	0.92 
A,I_DSK2_CC_B,PC_IND_IU3,NL1	0.44 
A,I_DSK2_CC_B,PC_IND_IU3,NL2	0.80 
A,I_DSK2_CC_B,PC_IND_IU3,NL3	1.05 
A,I_DSK2_CC_B,PC_IND_IU3,NL4	0.97 
A,I_DSK2_CC_B,PC_IND_IU3,NO	2.93 
A,I_DSK2_CC_B,PC_IND_IU3,PL	9.46 
A,I_DSK2_CC_B,PC_IND_IU3,PL2	9.32 
A,I_DSK2_CC_B,PC_IND_IU3,PL4	9.69 
A,I_DSK2_CC_B,PC_IND_IU3,PL5	10.21 
A,I_DSK2_CC_B,PC_IND_IU3,PL6	12.29 
A,I_DSK2_CC_B,PC_IND_IU3,PL7	8.26 
A,I_DSK2_CC_B,PC_IND_IU3,PL8	8.38 
A,I_DSK2_CC_B,PC_IND_IU3,PL9	8.30 
A,I_DSK2_CC_B,PC_IND_IU3,PT	3.34 
A,I_DSK2_CC_B,PC_IND_IU3,PT1	3.27 
A,I_DSK2_CC_B,PC_IND_IU3,PT2	3.92 
A,I_DSK2_CC_B,PC_IND_IU3,PT3	5.38 
A,I_DSK2_CC_B,PC_IND_IU3,RO	9.09 
A,I_DSK2_CC_B,PC_IND_IU3,RO1	8.45 
A,I_DSK2_CC_B,PC_IND_IU3,RO2	9.14 
A,I_DSK2_CC_B,PC_IND_IU3,RO3	7.97 
A,I_DSK2_CC_B,PC_IND_IU3,RO4	11.57 
A,I_DSK2_CC_B,PC_IND_IU3,RS	2.82 
A,I_DSK2_CC_B,PC_IND_IU3,RS1	2.86 
A,I_DSK2_CC_B,PC_IND_IU3,RS2	2.78 
A,I_DSK2_CC_B,PC_IND_IU3,SE	6.81 
A,I_DSK2_CC_B,PC_IND_IU3,SE1	5.97 
A,I_DSK2_CC_B,PC_IND_IU3,SE2	6.90 
A,I_DSK2_CC_B,PC_IND_IU3,SE3	8.65 
A,I_DSK2_CC_B,PC_IND_IU3,SI	9.69 
A,I_DSK2_CC_B,PC_IND_IU3,SK	12.94 
A,I_DSK2_CC_B,PC_IND_IU3,TR	2.78 
A,I_DSK2_CC_B,PC_IND_IU3,TR1	1.42 
A,I_DSK2_CC_B,PC_IND_IU3,TR2	4.29 
A,I_DSK2_CC_B,PC_IND_IU3,TR3	3.27 
A,I_DSK2_CC_B,PC_IND_IU3,TR4	1.43 
A,I_DSK2_CC_B,PC_IND_IU3,TR5	2.71 
A,I_DSK2_CC_B,PC_IND_IU3,TR6	2.90 
A,I_DSK2_CC_B,PC_IND_IU3,TR7	4.37 
A,I_DSK2_CC_B,PC_IND_IU3,TR8	2.80 
A,I_DSK2_CC_B,PC_IND_IU3,TR9	3.18 
A,I_DSK2_CC_B,PC_IND_IU3,TRA	3.95 
A,I_DSK2_CC_B,PC_IND_IU3,TRB	2.51 
A,I_DSK2_CC_B,PC_IND_IU3,TRC	4.76 
A,I_DSK2_CC_B,PC_IND_IU3,XK	3.64 
A,I_DSK2_CC_BAB,PC_IND,AL	86.88 
A,I_DSK2_CC_BAB,PC_IND,AT	93.96 
A,I_DSK2_CC_BAB,PC_IND,AT1	95.29 
A,I_DSK2_CC_BAB,PC_IND,AT2	92.15 
A,I_DSK2_CC_BAB,PC_IND,AT3	93.32 
A,I_DSK2_CC_BAB,PC_IND,BA	89.92 
A,I_DSK2_CC_BAB,PC_IND,BE	94.64 
A,I_DSK2_CC_BAB,PC_IND,BE1	93.55 
A,I_DSK2_CC_BAB,PC_IND,BE2	95.33 
A,I_DSK2_CC_BAB,PC_IND,BE3	93.77 
A,I_DSK2_CC_BAB,PC_IND,BG	85.34 
A,I_DSK2_CC_BAB,PC_IND,BG3	84.14 
A,I_DSK2_CC_BAB,PC_IND,BG4	86.44 
A,I_DSK2_CC_BAB,PC_IND,CH	98.23 
A,I_DSK2_CC_BAB,PC_IND,CY	92.28 
A,I_DSK2_CC_BAB,PC_IND,CZ	92.80 
A,I_DSK2_CC_BAB,PC_IND,DE	93.06 
A,I_DSK2_CC_BAB,PC_IND,DE1	94.60 
A,I_DSK2_CC_BAB,PC_IND,DE2	93.41 
A,I_DSK2_CC_BAB,PC_IND,DE3	92.03 
A,I_DSK2_CC_BAB,PC_IND,DE4	88.67 
A,I_DSK2_CC_BAB,PC_IND,DE6	95.58 
A,I_DSK2_CC_BAB,PC_IND,DE7	93.59 
A,I_DSK2_CC_BAB,PC_IND,DE8	91.94 
A,I_DSK2_CC_BAB,PC_IND,DE9	93.17 
A,I_DSK2_CC_BAB,PC_IND,DEA	93.41 
A,I_DSK2_CC_BAB,PC_IND,DED	92.73 
A,I_DSK2_CC_BAB,PC_IND,DEE	88.32 
A,I_DSK2_CC_BAB,PC_IND,DEF	92.91 
A,I_DSK2_CC_BAB,PC_IND,DK	98.90 
A,I_DSK2_CC_BAB,PC_IND,EE	90.96 
A,I_DSK2_CC_BAB,PC_IND,EL	87.85 
A,I_DSK2_CC_BAB,PC_IND,EL3	91.70 
A,I_DSK2_CC_BAB,PC_IND,EL4	84.76 
A,I_DSK2_CC_BAB,PC_IND,EL5	89.04 
A,I_DSK2_CC_BAB,PC_IND,EL6	81.89 
A,I_DSK2_CC_BAB,PC_IND,ES	96.00 
A,I_DSK2_CC_BAB,PC_IND,ES1	93.29 
A,I_DSK2_CC_BAB,PC_IND,ES2	96.21 
A,I_DSK2_CC_BAB,PC_IND,ES3	97.73 
A,I_DSK2_CC_BAB,PC_IND,ES4	94.82 
A,I_DSK2_CC_BAB,PC_IND,ES5	97.35 
A,I_DSK2_CC_BAB,PC_IND,ES6	94.55 
A,I_DSK2_CC_BAB,PC_IND,ES7	95.90 
A,I_DSK2_CC_BAB,PC_IND,FI	97.14 
A,I_DSK2_CC_BAB,PC_IND,FR	93.67 
A,I_DSK2_CC_BAB,PC_IND,FR1	95.95 u
A,I_DSK2_CC_BAB,PC_IND,FRB	94.39 u
A,I_DSK2_CC_BAB,PC_IND,FRC	90.44 u
A,I_DSK2_CC_BAB,PC_IND,FRD	92.26 u
A,I_DSK2_CC_BAB,PC_IND,FRE	91.63 u
A,I_DSK2_CC_BAB,PC_IND,FRF	92.11 u
A,I_DSK2_CC_BAB,PC_IND,FRG	95.37 u
A,I_DSK2_CC_BAB,PC_IND,FRH	94.16 u
A,I_DSK2_CC_BAB,PC_IND,FRI	94.50 u
A,I_DSK2_CC_BAB,PC_IND,FRJ	93.24 u
A,I_DSK2_CC_BAB,PC_IND,FRK	94.18 u
A,I_DSK2_CC_BAB,PC_IND,FRL	94.18 u
A,I_DSK2_CC_BAB,PC_IND,FRM	92.44 u
A,I_DSK2_CC_BAB,PC_IND,FRY	86.06 u
A,I_DSK2_CC_BAB,PC_IND,HR	84.31 
A,I_DSK2_CC_BAB,PC_IND,HU	89.57 
A,I_DSK2_CC_BAB,PC_IND,HU1	93.17 
A,I_DSK2_CC_BAB,PC_IND,HU2	88.91 
A,I_DSK2_CC_BAB,PC_IND,HU3	87.07 
A,I_DSK2_CC_BAB,PC_IND,IE	99.34 
A,I_DSK2_CC_BAB,PC_IND,IT	87.97 
A,I_DSK2_CC_BAB,PC_IND,ITC	91.09 
A,I_DSK2_CC_BAB,PC_IND,ITF	81.46 
A,I_DSK2_CC_BAB,PC_IND,ITG	84.09 
A,I_DSK2_CC_BAB,PC_IND,ITH	90.75 
A,I_DSK2_CC_BAB,PC_IND,ITI	90.64 
A,I_DSK2_CC_BAB,PC_IND,LT	86.27 
A,I_DSK2_CC_BAB,PC_IND,LU	96.75 
A,I_DSK2_CC_BAB,PC_IND,LV	92.38 
A,I_DSK2_CC_BAB,PC_IND,ME	94.02 
A,I_DSK2_CC_BAB,PC_IND,MK	91.30 
A,I_DSK2_CC_BAB,PC_IND,MT	95.41 
A,I_DSK2_CC_BAB,PC_IND,NL	99.52 
A,I_DSK2_CC_BAB,PC_IND,NL1	99.86 
A,I_DSK2_CC_BAB,PC_IND,NL2	99.35 
A,I_DSK2_CC_BAB,PC_IND,NL3	99.64 
A,I_DSK2_CC_BAB,PC_IND,NL4	99.25 
A,I_DSK2_CC_BAB,PC_IND,NO	97.87 
A,I_DSK2_CC_BAB,PC_IND,PL	84.75 
A,I_DSK2_CC_BAB,PC_IND,PL2	86.32 
A,I_DSK2_CC_BAB,PC_IND,PL4	86.36 
A,I_DSK2_CC_BAB,PC_IND,PL5	90.09 
A,I_DSK2_CC_BAB,PC_IND,PL6	85.10 
A,I_DSK2_CC_BAB,PC_IND,PL7	78.31 
A,I_DSK2_CC_BAB,PC_IND,PL8	81.58 
A,I_DSK2_CC_BAB,PC_IND,PL9	85.21 
A,I_DSK2_CC_BAB,PC_IND,PT	88.17 
A,I_DSK2_CC_BAB,PC_IND,PT1	88.20 
A,I_DSK2_CC_BAB,PC_IND,PT2	87.94 
A,I_DSK2_CC_BAB,PC_IND,PT3	87.27 
A,I_DSK2_CC_BAB,PC_IND,RO	92.04 
A,I_DSK2_CC_BAB,PC_IND,RO1	92.91 
A,I_DSK2_CC_BAB,PC_IND,RO2	91.42 
A,I_DSK2_CC_BAB,PC_IND,RO3	92.43 
A,I_DSK2_CC_BAB,PC_IND,RO4	91.22 
A,I_DSK2_CC_BAB,PC_IND,RS	88.79 
A,I_DSK2_CC_BAB,PC_IND,RS1	91.32 
A,I_DSK2_CC_BAB,PC_IND,RS2	86.08 
A,I_DSK2_CC_BAB,PC_IND,SE	96.88 
A,I_DSK2_CC_BAB,PC_IND,SE1	96.13 
A,I_DSK2_CC_BAB,PC_IND,SE2	97.80 
A,I_DSK2_CC_BAB,PC_IND,SE3	96.45 
A,I_DSK2_CC_BAB,PC_IND,SI	89.65 
A,I_DSK2_CC_BAB,PC_IND,SK	89.67 
A,I_DSK2_CC_BAB,PC_IND,TR	89.39 
A,I_DSK2_CC_BAB,PC_IND,TR1	95.98 
A,I_DSK2_CC_BAB,PC_IND,TR2	87.36 
A,I_DSK2_CC_BAB,PC_IND,TR3	88.36 
A,I_DSK2_CC_BAB,PC_IND,TR4	92.53 
A,I_DSK2_CC_BAB,PC_IND,TR5	89.94 
A,I_DSK2_CC_BAB,PC_IND,TR6	88.50 
A,I_DSK2_CC_BAB,PC_IND,TR7	88.40 
A,I_DSK2_CC_BAB,PC_IND,TR8	86.45 
A,I_DSK2_CC_BAB,PC_IND,TR9	84.31 
A,I_DSK2_CC_BAB,PC_IND,TRA	83.96 
A,I_DSK2_CC_BAB,PC_IND,TRB	78.31 
A,I_DSK2_CC_BAB,PC_IND,TRC	85.89 
A,I_DSK2_CC_BAB,PC_IND,XK	98.26 
A,I_DSK2_CC_BAB,PC_IND_IU3,AL	99.66 
A,I_DSK2_CC_BAB,PC_IND_IU3,AT	98.59 
A,I_DSK2_CC_BAB,PC_IND_IU3,AT1	98.53 
A,I_DSK2_CC_BAB,PC_IND_IU3,AT2	98.43 
A,I_DSK2_CC_BAB,PC_IND_IU3,AT3	98.75 
A,I_DSK2_CC_BAB,PC_IND_IU3,BA	99.79 
A,I_DSK2_CC_BAB,PC_IND_IU3,BE	98.12 
A,I_DSK2_CC_BAB,PC_IND_IU3,BE1	98.97 
A,I_DSK2_CC_BAB,PC_IND_IU3,BE2	98.30 
A,I_DSK2_CC_BAB,PC_IND_IU3,BE3	97.49 
A,I_DSK2_CC_BAB,PC_IND_IU3,BG	98.27 
A,I_DSK2_CC_BAB,PC_IND_IU3,BG3	97.94 
A,I_DSK2_CC_BAB,PC_IND_IU3,BG4	98.57 
A,I_DSK2_CC_BAB,PC_IND_IU3,CH	99.30 
A,I_DSK2_CC_BAB,PC_IND_IU3,CY	98.39 
A,I_DSK2_CC_BAB,PC_IND_IU3,CZ	98.17 
A,I_DSK2_CC_BAB,PC_IND_IU3,DE	98.39 
A,I_DSK2_CC_BAB,PC_IND_IU3,DE1	98.61 
A,I_DSK2_CC_BAB,PC_IND_IU3,DE2	98.62 
A,I_DSK2_CC_BAB,PC_IND_IU3,DE3	98.90 
A,I_DSK2_CC_BAB,PC_IND_IU3,DE4	98.09 
A,I_DSK2_CC_BAB,PC_IND_IU3,DE6	99.10 
A,I_DSK2_CC_BAB,PC_IND_IU3,DE7	97.98 
A,I_DSK2_CC_BAB,PC_IND_IU3,DE8	98.24 
A,I_DSK2_CC_BAB,PC_IND_IU3,DE9	97.97 
A,I_DSK2_CC_BAB,PC_IND_IU3,DEA	98.64 
A,I_DSK2_CC_BAB,PC_IND_IU3,DED	97.55 
A,I_DSK2_CC_BAB,PC_IND_IU3,DEE	98.24 
A,I_DSK2_CC_BAB,PC_IND_IU3,DEF	98.10 
A,I_DSK2_CC_BAB,PC_IND_IU3,DK	99.19 
A,I_DSK2_CC_BAB,PC_IND_IU3,EE	95.89 
A,I_DSK2_CC_BAB,PC_IND_IU3,EL	98.54 
A,I_DSK2_CC_BAB,PC_IND_IU3,EL3	97.22 
A,I_DSK2_CC_BAB,PC_IND_IU3,EL4	98.41 
A,I_DSK2_CC_BAB,PC_IND_IU3,EL5	99.59 
A,I_DSK2_CC_BAB,PC_IND_IU3,EL6	99.62 
A,I_DSK2_CC_BAB,PC_IND_IU3,ES	99.65 
A,I_DSK2_CC_BAB,PC_IND_IU3,ES1	99.06 
A,I_DSK2_CC_BAB,PC_IND_IU3,ES2	99.87 
A,I_DSK2_CC_BAB,PC_IND_IU3,ES3	99.66 
A,I_DSK2_CC_BAB,PC_IND_IU3,ES4	99.67 
A,I_DSK2_CC_BAB,PC_IND_IU3,ES5	99.78 
A,I_DSK2_CC_BAB,PC_IND_IU3,ES6	99.62 
A,I_DSK2_CC_BAB,PC_IND_IU3,ES7	99.51 
A,I_DSK2_CC_BAB,PC_IND_IU3,FI	99.05 
A,I_DSK2_CC_BAB,PC_IND_IU3,FR	98.62 
A,I_DSK2_CC_BAB,PC_IND_IU3,FR1	99.43 u
A,I_DSK2_CC_BAB,PC_IND_IU3,FRB	98.88 u
A,I_DSK2_CC_BAB,PC_IND_IU3,FRC	97.78 u
A,I_DSK2_CC_BAB,PC_IND_IU3,FRD	97.11 u
A,I_DSK2_CC_BAB,PC_IND_IU3,FRE	98.00 u
A,I_DSK2_CC_BAB,PC_IND_IU3,FRF	98.30 u
A,I_DSK2_CC_BAB,PC_IND_IU3,FRG	99.07 u
A,I_DSK2_CC_BAB,PC_IND_IU3,FRH	98.80 u
A,I_DSK2_CC_BAB,PC_IND_IU3,FRI	99.00 u
A,I_DSK2_CC_BAB,PC_IND_IU3,FRJ	98.31 u
A,I_DSK2_CC_BAB,PC_IND_IU3,FRK	98.94 u
A,I_DSK2_CC_BAB,PC_IND_IU3,FRL	98.32 u
A,I_DSK2_CC_BAB,PC_IND_IU3,FRM	100.00 u
A,I_DSK2_CC_BAB,PC_IND_IU3,FRY	96.99 u
A,I_DSK2_CC_BAB,PC_IND_IU3,HR	98.15 
A,I_DSK2_CC_BAB,PC_IND_IU3,HU	96.52 
A,I_DSK2_CC_BAB,PC_IND_IU3,HU1	97.87 
A,I_DSK2_CC_BAB,PC_IND_IU3,HU2	95.98 
A,I_DSK2_CC_BAB,PC_IND_IU3,HU3	95.76 
A,I_DSK2_CC_BAB,PC_IND_IU3,IE	99.56 
A,I_DSK2_CC_BAB,PC_IND_IU3,IT	97.40 
A,I_DSK2_CC_BAB,PC_IND_IU3,ITC	98.05 
A,I_DSK2_CC_BAB,PC_IND_IU3,ITF	96.18 
A,I_DSK2_CC_BAB,PC_IND_IU3,ITG	97.01 
A,I_DSK2_CC_BAB,PC_IND_IU3,ITH	98.11 
A,I_DSK2_CC_BAB,PC_IND_IU3,ITI	97.29 
A,I_DSK2_CC_BAB,PC_IND_IU3,LT	96.61 
A,I_DSK2_CC_BAB,PC_IND_IU3,LU	97.60 
A,I_DSK2_CC_BAB,PC_IND_IU3,LV	97.73 
A,I_DSK2_CC_BAB,PC_IND_IU3,ME	99.78 
A,I_DSK2_CC_BAB,PC_IND_IU3,MK	99.09 
A,I_DSK2_CC_BAB,PC_IND_IU3,MT	99.38 
A,I_DSK2_CC_BAB,PC_IND_IU3,NL	99.81 
A,I_DSK2_CC_BAB,PC_IND_IU3,NL1	100.00 
A,I_DSK2_CC_BAB,PC_IND_IU3,NL2	99.57 
A,I_DSK2_CC_BAB,PC_IND_IU3,NL3	99.86 
A,I_DSK2_CC_BAB,PC_IND_IU3,NL4	99.83 
A,I_DSK2_CC_BAB,PC_IND_IU3,NO	99.04 
A,I_DSK2_CC_BAB,PC_IND_IU3,PL	94.54 
A,I_DSK2_CC_BAB,PC_IND_IU3,PL2	95.81 
A,I_DSK2_CC_BAB,PC_IND_IU3,PL4	94.72 
A,I_DSK2_CC_BAB,PC_IND_IU3,PL5	96.31 
A,I_DSK2_CC_BAB,PC_IND_IU3,PL6	95.53 
A,I_DSK2_CC_BAB,PC_IND_IU3,PL7	92.23 
A,I_DSK2_CC_BAB,PC_IND_IU3,PL8	93.19 
A,I_DSK2_CC_BAB,PC_IND_IU3,PL9	93.46 
A,I_DSK2_CC_BAB,PC_IND_IU3,PT	98.57 
A,I_DSK2_CC_BAB,PC_IND_IU3,PT1	98.56 
A,I_DSK2_CC_BAB,PC_IND_IU3,PT2	98.60 
A,I_DSK2_CC_BAB,PC_IND_IU3,PT3	98.80 
A,I_DSK2_CC_BAB,PC_IND_IU3,RO	98.80 
A,I_DSK2_CC_BAB,PC_IND_IU3,RO1	98.73 
A,I_DSK2_CC_BAB,PC_IND_IU3,RO2	99.17 
A,I_DSK2_CC_BAB,PC_IND_IU3,RO3	99.00 
A,I_DSK2_CC_BAB,PC_IND_IU3,RO4	98.05 
A,I_DSK2_CC_BAB,PC_IND_IU3,RS	98.61 
A,I_DSK2_CC_BAB,PC_IND_IU3,RS1	99.55 
A,I_DSK2_CC_BAB,PC_IND_IU3,RS2	97.56 
A,I_DSK2_CC_BAB,PC_IND_IU3,SE	98.61 
A,I_DSK2_CC_BAB,PC_IND_IU3,SE1	98.10 
A,I_DSK2_CC_BAB,PC_IND_IU3,SE2	99.28 
A,I_DSK2_CC_BAB,PC_IND_IU3,SE3	98.17 
A,I_DSK2_CC_BAB,PC_IND_IU3,SI	97.91 
A,I_DSK2_CC_BAB,PC_IND_IU3,SK	96.95 
A,I_DSK2_CC_BAB,PC_IND_IU3,TR	99.58 
A,I_DSK2_CC_BAB,PC_IND_IU3,TR1	99.81 
A,I_DSK2_CC_BAB,PC_IND_IU3,TR2	99.70 
A,I_DSK2_CC_BAB,PC_IND_IU3,TR3	99.64 
A,I_DSK2_CC_BAB,PC_IND_IU3,TR4	99.85 
A,I_DSK2_CC_BAB,PC_IND_IU3,TR5	99.57 
A,I_DSK2_CC_BAB,PC_IND_IU3,TR6	99.17 
A,I_DSK2_CC_BAB,PC_IND_IU3,TR7	99.85 
A,I_DSK2_CC_BAB,PC_IND_IU3,TR8	99.46 
A,I_DSK2_CC_BAB,PC_IND_IU3,TR9	99.40 
A,I_DSK2_CC_BAB,PC_IND_IU3,TRA	99.72 
A,I_DSK2_CC_BAB,PC_IND_IU3,TRB	99.60 
A,I_DSK2_CC_BAB,PC_IND_IU3,TRC	99.15 
A,I_DSK2_CC_BAB,PC_IND_IU3,XK	99.79 
A,I_DSK2_DCC_AB,PC_IND,AL	30.81 
A,I_DSK2_DCC_AB,PC_IND,AT	54.25 b
A,I_DSK2_DCC_AB,PC_IND,AT1	56.08 
A,I_DSK2_DCC_AB,PC_IND,AT2	50.66 
A,I_DSK2_DCC_AB,PC_IND,AT3	53.98 
A,I_DSK2_DCC_AB,PC_IND,BA	30.03 
A,I_DSK2_DCC_AB,PC_IND,BE	51.95 
A,I_DSK2_DCC_AB,PC_IND,BE1	56.28 
A,I_DSK2_DCC_AB,PC_IND,BE2	52.29 
A,I_DSK2_DCC_AB,PC_IND,BE3	49.85 
A,I_DSK2_DCC_AB,PC_IND,BG	29.30 
A,I_DSK2_DCC_AB,PC_IND,BG3	27.39 
A,I_DSK2_DCC_AB,PC_IND,BG4	31.06 
A,I_DSK2_DCC_AB,PC_IND,CH	61.10 
A,I_DSK2_DCC_AB,PC_IND,CY	43.36 
A,I_DSK2_DCC_AB,PC_IND,CZ	49.26 
A,I_DSK2_DCC_AB,PC_IND,DE	46.30 
A,I_DSK2_DCC_AB,PC_IND,DE1	52.71 
A,I_DSK2_DCC_AB,PC_IND,DE2	40.22 
A,I_DSK2_DCC_AB,PC_IND,DE3	56.40 
A,I_DSK2_DCC_AB,PC_IND,DE4	44.92 
A,I_DSK2_DCC_AB,PC_IND,DE6	56.20 
A,I_DSK2_DCC_AB,PC_IND,DE7	41.70 
A,I_DSK2_DCC_AB,PC_IND,DE8	33.21 
A,I_DSK2_DCC_AB,PC_IND,DE9	50.39 
A,I_DSK2_DCC_AB,PC_IND,DEA	48.88 
A,I_DSK2_DCC_AB,PC_IND,DED	46.04 
A,I_DSK2_DCC_AB,PC_IND,DEE	27.95 
A,I_DSK2_DCC_AB,PC_IND,DEF	48.80 
A,I_DSK2_DCC_AB,PC_IND,DK	67.77 
A,I_DSK2_DCC_AB,PC_IND,EE	51.37 
A,I_DSK2_DCC_AB,PC_IND,EL	44.91 
A,I_DSK2_DCC_AB,PC_IND,EL3	43.94 
A,I_DSK2_DCC_AB,PC_IND,EL4	47.36 
A,I_DSK2_DCC_AB,PC_IND,EL5	51.47 
A,I_DSK2_DCC_AB,PC_IND,EL6	37.61 
A,I_DSK2_DCC_AB,PC_IND,ES	51.01 
A,I_DSK2_DCC_AB,PC_IND,ES1	47.23 
A,I_DSK2_DCC_AB,PC_IND,ES2	51.32 
A,I_DSK2_DCC_AB,PC_IND,ES3	58.20 
A,I_DSK2_DCC_AB,PC_IND,ES4	47.72 
A,I_DSK2_DCC_AB,PC_IND,ES5	53.40 
A,I_DSK2_DCC_AB,PC_IND,ES6	46.72 
A,I_DSK2_DCC_AB,PC_IND,ES7	47.00 
A,I_DSK2_DCC_AB,PC_IND,FI	63.35 
A,I_DSK2_DCC_AB,PC_IND,FR	55.84 
A,I_DSK2_DCC_AB,PC_IND,FR1	63.07 u
A,I_DSK2_DCC_AB,PC_IND,FRB	52.58 u
A,I_DSK2_DCC_AB,PC_IND,FRC	45.30 u
A,I_DSK2_DCC_AB,PC_IND,FRD	52.17 u
A,I_DSK2_DCC_AB,PC_IND,FRE	49.69 u
A,I_DSK2_DCC_AB,PC_IND,FRF	51.97 u
A,I_DSK2_DCC_AB,PC_IND,FRG	59.30 u
A,I_DSK2_DCC_AB,PC_IND,FRH	55.79 u
A,I_DSK2_DCC_AB,PC_IND,FRI	55.81 u
A,I_DSK2_DCC_AB,PC_IND,FRJ	54.38 u
A,I_DSK2_DCC_AB,PC_IND,FRK	59.09 u
A,I_DSK2_DCC_AB,PC_IND,FRL	56.91 u
A,I_DSK2_DCC_AB,PC_IND,FRM	56.40 u
A,I_DSK2_DCC_AB,PC_IND,FRY	44.53 u
A,I_DSK2_DCC_AB,PC_IND,HR	40.16 
A,I_DSK2_DCC_AB,PC_IND,HU	46.51 
A,I_DSK2_DCC_AB,PC_IND,HU1	60.09 
A,I_DSK2_DCC_AB,PC_IND,HU2	39.80 
A,I_DSK2_DCC_AB,PC_IND,HU3	40.37 
A,I_DSK2_DCC_AB,PC_IND,IE	73.29 
A,I_DSK2_DCC_AB,PC_IND,IT	43.32 
A,I_DSK2_DCC_AB,PC_IND,ITC	48.90 
A,I_DSK2_DCC_AB,PC_IND,ITF	34.58 
A,I_DSK2_DCC_AB,PC_IND,ITG	34.95 
A,I_DSK2_DCC_AB,PC_IND,ITH	48.06 
A,I_DSK2_DCC_AB,PC_IND,ITI	45.71 
A,I_DSK2_DCC_AB,PC_IND,LT	42.85 
A,I_DSK2_DCC_AB,PC_IND,LU	52.83 
A,I_DSK2_DCC_AB,PC_IND,LV	37.23 
A,I_DSK2_DCC_AB,PC_IND,ME	55.30 
A,I_DSK2_DCC_AB,PC_IND,MK	13.50 
A,I_DSK2_DCC_AB,PC_IND,MT	55.95 
A,I_DSK2_DCC_AB,PC_IND,NL	68.39 
A,I_DSK2_DCC_AB,PC_IND,NL1	63.01 
A,I_DSK2_DCC_AB,PC_IND,NL2	66.77 
A,I_DSK2_DCC_AB,PC_IND,NL3	71.40 
A,I_DSK2_DCC_AB,PC_IND,NL4	65.61 
A,I_DSK2_DCC_AB,PC_IND,NO	67.54 
A,I_DSK2_DCC_AB,PC_IND,PL	39.81 
A,I_DSK2_DCC_AB,PC_IND,PL2	42.97 
A,I_DSK2_DCC_AB,PC_IND,PL4	39.93 
A,I_DSK2_DCC_AB,PC_IND,PL5	44.98 
A,I_DSK2_DCC_AB,PC_IND,PL6	36.39 
A,I_DSK2_DCC_AB,PC_IND,PL7	31.68 
A,I_DSK2_DCC_AB,PC_IND,PL8	31.26 
A,I_DSK2_DCC_AB,PC_IND,PL9	49.66 
A,I_DSK2_DCC_AB,PC_IND,PT	47.62 
A,I_DSK2_DCC_AB,PC_IND,PT1	48.25 
A,I_DSK2_DCC_AB,PC_IND,PT2	34.68 
A,I_DSK2_DCC_AB,PC_IND,PT3	35.97 
A,I_DSK2_DCC_AB,PC_IND,RO	23.83 
A,I_DSK2_DCC_AB,PC_IND,RO1	23.79 
A,I_DSK2_DCC_AB,PC_IND,RO2	20.94 
A,I_DSK2_DCC_AB,PC_IND,RO3	29.35 
A,I_DSK2_DCC_AB,PC_IND,RO4	20.28 
A,I_DSK2_DCC_AB,PC_IND,RS	45.02 
A,I_DSK2_DCC_AB,PC_IND,RS1	51.25 
A,I_DSK2_DCC_AB,PC_IND,RS2	38.36 
A,I_DSK2_DCC_AB,PC_IND,SE	56.56 
A,I_DSK2_DCC_AB,PC_IND,SE1	59.42 
A,I_DSK2_DCC_AB,PC_IND,SE2	55.09 
A,I_DSK2_DCC_AB,PC_IND,SE3	53.25 
A,I_DSK2_DCC_AB,PC_IND,SI	41.82 
A,I_DSK2_DCC_AB,PC_IND,SK	38.78 
A,I_DSK2_DCC_AB,PC_IND,TR	17.20 
A,I_DSK2_DCC_AB,PC_IND,TR1	26.19 
A,I_DSK2_DCC_AB,PC_IND,TR2	13.54 
A,I_DSK2_DCC_AB,PC_IND,TR3	16.52 
A,I_DSK2_DCC_AB,PC_IND,TR4	25.14 
A,I_DSK2_DCC_AB,PC_IND,TR5	20.43 
A,I_DSK2_DCC_AB,PC_IND,TR6	12.92 
A,I_DSK2_DCC_AB,PC_IND,TR7	11.67 
A,I_DSK2_DCC_AB,PC_IND,TR8	14.29 
A,I_DSK2_DCC_AB,PC_IND,TR9	12.20 
A,I_DSK2_DCC_AB,PC_IND,TRA	8.79 
A,I_DSK2_DCC_AB,PC_IND,TRB	9.77 
A,I_DSK2_DCC_AB,PC_IND,TRC	6.98 
A,I_DSK2_DCC_AB,PC_IND,XK	27.22 
A,I_DSK2_DCC_AB,PC_IND_IU3,AL	35.34 
A,I_DSK2_DCC_AB,PC_IND_IU3,AT	56.92 b
A,I_DSK2_DCC_AB,PC_IND_IU3,AT1	57.99 
A,I_DSK2_DCC_AB,PC_IND_IU3,AT2	54.11 
A,I_DSK2_DCC_AB,PC_IND_IU3,AT3	57.12 
A,I_DSK2_DCC_AB,PC_IND_IU3,BA	33.33 
A,I_DSK2_DCC_AB,PC_IND_IU3,BE	53.85 
A,I_DSK2_DCC_AB,PC_IND_IU3,BE1	59.54 
A,I_DSK2_DCC_AB,PC_IND_IU3,BE2	53.92 
A,I_DSK2_DCC_AB,PC_IND_IU3,BE3	51.83 
A,I_DSK2_DCC_AB,PC_IND_IU3,BG	33.74 
A,I_DSK2_DCC_AB,PC_IND_IU3,BG3	31.88 
A,I_DSK2_DCC_AB,PC_IND_IU3,BG4	35.42 
A,I_DSK2_DCC_AB,PC_IND_IU3,CH	61.76 
A,I_DSK2_DCC_AB,PC_IND_IU3,CY	46.23 
A,I_DSK2_DCC_AB,PC_IND_IU3,CZ	52.11 
A,I_DSK2_DCC_AB,PC_IND_IU3,DE	48.95 
A,I_DSK2_DCC_AB,PC_IND_IU3,DE1	54.94 
A,I_DSK2_DCC_AB,PC_IND_IU3,DE2	42.47 
A,I_DSK2_DCC_AB,PC_IND_IU3,DE3	60.62 
A,I_DSK2_DCC_AB,PC_IND_IU3,DE4	49.68 
A,I_DSK2_DCC_AB,PC_IND_IU3,DE6	58.27 
A,I_DSK2_DCC_AB,PC_IND_IU3,DE7	43.66 
A,I_DSK2_DCC_AB,PC_IND_IU3,DE8	35.49 
A,I_DSK2_DCC_AB,PC_IND_IU3,DE9	52.98 
A,I_DSK2_DCC_AB,PC_IND_IU3,DEA	51.62 
A,I_DSK2_DCC_AB,PC_IND_IU3,DED	48.43 
A,I_DSK2_DCC_AB,PC_IND_IU3,DEE	31.09 
A,I_DSK2_DCC_AB,PC_IND_IU3,DEF	51.53 
A,I_DSK2_DCC_AB,PC_IND_IU3,DK	67.97 
A,I_DSK2_DCC_AB,PC_IND_IU3,EE	54.16 
A,I_DSK2_DCC_AB,PC_IND_IU3,EL	50.37 
A,I_DSK2_DCC_AB,PC_IND_IU3,EL3	46.59 
A,I_DSK2_DCC_AB,PC_IND_IU3,EL4	54.99 
A,I_DSK2_DCC_AB,PC_IND_IU3,EL5	57.57 
A,I_DSK2_DCC_AB,PC_IND_IU3,EL6	45.75 
A,I_DSK2_DCC_AB,PC_IND_IU3,ES	52.95 
A,I_DSK2_DCC_AB,PC_IND_IU3,ES1	50.15 
A,I_DSK2_DCC_AB,PC_IND_IU3,ES2	53.27 
A,I_DSK2_DCC_AB,PC_IND_IU3,ES3	59.35 
A,I_DSK2_DCC_AB,PC_IND_IU3,ES4	50.16 
A,I_DSK2_DCC_AB,PC_IND_IU3,ES5	54.73 
A,I_DSK2_DCC_AB,PC_IND_IU3,ES6	49.23 
A,I_DSK2_DCC_AB,PC_IND_IU3,ES7	48.77 
A,I_DSK2_DCC_AB,PC_IND_IU3,FI	64.59 
A,I_DSK2_DCC_AB,PC_IND_IU3,FR	58.80 
A,I_DSK2_DCC_AB,PC_IND_IU3,FR1	65.35 u
A,I_DSK2_DCC_AB,PC_IND_IU3,FRB	55.08 u
A,I_DSK2_DCC_AB,PC_IND_IU3,FRC	48.98 u
A,I_DSK2_DCC_AB,PC_IND_IU3,FRD	54.91 u
A,I_DSK2_DCC_AB,PC_IND_IU3,FRE	53.14 u
A,I_DSK2_DCC_AB,PC_IND_IU3,FRF	55.47 u
A,I_DSK2_DCC_AB,PC_IND_IU3,FRG	61.60 u
A,I_DSK2_DCC_AB,PC_IND_IU3,FRH	58.53 u
A,I_DSK2_DCC_AB,PC_IND_IU3,FRI	58.46 u
A,I_DSK2_DCC_AB,PC_IND_IU3,FRJ	57.34 u
A,I_DSK2_DCC_AB,PC_IND_IU3,FRK	62.07 u
A,I_DSK2_DCC_AB,PC_IND_IU3,FRL	59.41 u
A,I_DSK2_DCC_AB,PC_IND_IU3,FRM	61.01 u
A,I_DSK2_DCC_AB,PC_IND_IU3,FRY	50.19 u
A,I_DSK2_DCC_AB,PC_IND_IU3,HR	46.75 
A,I_DSK2_DCC_AB,PC_IND_IU3,HU	50.11 
A,I_DSK2_DCC_AB,PC_IND_IU3,HU1	63.12 
A,I_DSK2_DCC_AB,PC_IND_IU3,HU2	42.97 
A,I_DSK2_DCC_AB,PC_IND_IU3,HU3	44.40 
A,I_DSK2_DCC_AB,PC_IND_IU3,IE	73.45 
A,I_DSK2_DCC_AB,PC_IND_IU3,IT	47.96 
A,I_DSK2_DCC_AB,PC_IND_IU3,ITC	52.63 
A,I_DSK2_DCC_AB,PC_IND_IU3,ITF	40.83 
A,I_DSK2_DCC_AB,PC_IND_IU3,ITG	40.32 
A,I_DSK2_DCC_AB,PC_IND_IU3,ITH	51.96 
A,I_DSK2_DCC_AB,PC_IND_IU3,ITI	49.07 
A,I_DSK2_DCC_AB,PC_IND_IU3,LT	47.98 
A,I_DSK2_DCC_AB,PC_IND_IU3,LU	53.29 
A,I_DSK2_DCC_AB,PC_IND_IU3,LV	39.39 
A,I_DSK2_DCC_AB,PC_IND_IU3,ME	58.70 
A,I_DSK2_DCC_AB,PC_IND_IU3,MK	14.65 
A,I_DSK2_DCC_AB,PC_IND_IU3,MT	58.28 
A,I_DSK2_DCC_AB,PC_IND_IU3,NL	68.59 
A,I_DSK2_DCC_AB,PC_IND_IU3,NL1	63.10 
A,I_DSK2_DCC_AB,PC_IND_IU3,NL2	66.92 
A,I_DSK2_DCC_AB,PC_IND_IU3,NL3	71.57 
A,I_DSK2_DCC_AB,PC_IND_IU3,NL4	65.99 
A,I_DSK2_DCC_AB,PC_IND_IU3,NO	68.35 
A,I_DSK2_DCC_AB,PC_IND_IU3,PL	44.40 
A,I_DSK2_DCC_AB,PC_IND_IU3,PL2	47.69 
A,I_DSK2_DCC_AB,PC_IND_IU3,PL4	43.80 
A,I_DSK2_DCC_AB,PC_IND_IU3,PL5	48.09 
A,I_DSK2_DCC_AB,PC_IND_IU3,PL6	40.85 
A,I_DSK2_DCC_AB,PC_IND_IU3,PL7	37.30 
A,I_DSK2_DCC_AB,PC_IND_IU3,PL8	35.71 
A,I_DSK2_DCC_AB,PC_IND_IU3,PL9	54.47 
A,I_DSK2_DCC_AB,PC_IND_IU3,PT	53.24 
A,I_DSK2_DCC_AB,PC_IND_IU3,PT1	53.92 
A,I_DSK2_DCC_AB,PC_IND_IU3,PT2	38.89 
A,I_DSK2_DCC_AB,PC_IND_IU3,PT3	40.73 
A,I_DSK2_DCC_AB,PC_IND_IU3,RO	25.58 
A,I_DSK2_DCC_AB,PC_IND_IU3,RO1	25.28 
A,I_DSK2_DCC_AB,PC_IND_IU3,RO2	22.71 
A,I_DSK2_DCC_AB,PC_IND_IU3,RO3	31.44 
A,I_DSK2_DCC_AB,PC_IND_IU3,RO4	21.80 
A,I_DSK2_DCC_AB,PC_IND_IU3,RS	49.99 
A,I_DSK2_DCC_AB,PC_IND_IU3,RS1	55.86 
A,I_DSK2_DCC_AB,PC_IND_IU3,RS2	43.47 
A,I_DSK2_DCC_AB,PC_IND_IU3,SE	57.56 
A,I_DSK2_DCC_AB,PC_IND_IU3,SE1	60.63 
A,I_DSK2_DCC_AB,PC_IND_IU3,SE2	55.92 
A,I_DSK2_DCC_AB,PC_IND_IU3,SE3	54.20 
A,I_DSK2_DCC_AB,PC_IND_IU3,SI	45.67 
A,I_DSK2_DCC_AB,PC_IND_IU3,SK	41.92 
A,I_DSK2_DCC_AB,PC_IND_IU3,TR	19.16 
A,I_DSK2_DCC_AB,PC_IND_IU3,TR1	27.23 
A,I_DSK2_DCC_AB,PC_IND_IU3,TR2	15.46 
A,I_DSK2_DCC_AB,PC_IND_IU3,TR3	18.63 
A,I_DSK2_DCC_AB,PC_IND_IU3,TR4	27.13 
A,I_DSK2_DCC_AB,PC_IND_IU3,TR5	22.61 
A,I_DSK2_DCC_AB,PC_IND_IU3,TR6	14.48 
A,I_DSK2_DCC_AB,PC_IND_IU3,TR7	13.18 
A,I_DSK2_DCC_AB,PC_IND_IU3,TR8	16.44 
A,I_DSK2_DCC_AB,PC_IND_IU3,TR9	14.38 
A,I_DSK2_DCC_AB,PC_IND_IU3,TRA	10.44 
A,I_DSK2_DCC_AB,PC_IND_IU3,TRB	12.43 
A,I_DSK2_DCC_AB,PC_IND_IU3,TRC	8.05 
A,I_DSK2_DCC_AB,PC_IND_IU3,XK	27.64 
A,I_DSK2_DCC_B,PC_IND,AL	20.74 
A,I_DSK2_DCC_B,PC_IND,AT	33.22 b
A,I_DSK2_DCC_B,PC_IND,AT1	32.34 
A,I_DSK2_DCC_B,PC_IND,AT2	35.22 
A,I_DSK2_DCC_B,PC_IND,AT3	33.18 
A,I_DSK2_DCC_B,PC_IND,BA	25.92 
A,I_DSK2_DCC_B,PC_IND,BE	23.16 
A,I_DSK2_DCC_B,PC_IND,BE1	21.36 
A,I_DSK2_DCC_B,PC_IND,BE2	23.93 
A,I_DSK2_DCC_B,PC_IND,BE3	22.35 
A,I_DSK2_DCC_B,PC_IND,BG	24.40 
A,I_DSK2_DCC_B,PC_IND,BG3	23.74 
A,I_DSK2_DCC_B,PC_IND,BG4	25.01 
A,I_DSK2_DCC_B,PC_IND,CH	23.97 
A,I_DSK2_DCC_B,PC_IND,CY	25.83 
A,I_DSK2_DCC_B,PC_IND,CZ	24.57 
A,I_DSK2_DCC_B,PC_IND,DE	26.71 
A,I_DSK2_DCC_B,PC_IND,DE1	27.95 
A,I_DSK2_DCC_B,PC_IND,DE2	19.64 
A,I_DSK2_DCC_B,PC_IND,DE3	21.53 
A,I_DSK2_DCC_B,PC_IND,DE4	30.04 
A,I_DSK2_DCC_B,PC_IND,DE6	21.56 
A,I_DSK2_DCC_B,PC_IND,DE7	28.49 
A,I_DSK2_DCC_B,PC_IND,DE8	23.49 
A,I_DSK2_DCC_B,PC_IND,DE9	30.80 
A,I_DSK2_DCC_B,PC_IND,DEA	29.34 
A,I_DSK2_DCC_B,PC_IND,DED	25.99 
A,I_DSK2_DCC_B,PC_IND,DEE	22.91 
A,I_DSK2_DCC_B,PC_IND,DEF	28.66 
A,I_DSK2_DCC_B,PC_IND,DK	18.93 
A,I_DSK2_DCC_B,PC_IND,EE	18.64 
A,I_DSK2_DCC_B,PC_IND,EL	14.36 
A,I_DSK2_DCC_B,PC_IND,EL3	10.20 
A,I_DSK2_DCC_B,PC_IND,EL4	20.42 
A,I_DSK2_DCC_B,PC_IND,EL5	18.44 
A,I_DSK2_DCC_B,PC_IND,EL6	13.33 
A,I_DSK2_DCC_B,PC_IND,ES	23.12 
A,I_DSK2_DCC_B,PC_IND,ES1	22.57 
A,I_DSK2_DCC_B,PC_IND,ES2	23.42 
A,I_DSK2_DCC_B,PC_IND,ES3	21.73 
A,I_DSK2_DCC_B,PC_IND,ES4	22.35 
A,I_DSK2_DCC_B,PC_IND,ES5	22.88 
A,I_DSK2_DCC_B,PC_IND,ES6	24.36 
A,I_DSK2_DCC_B,PC_IND,ES7	25.61 
A,I_DSK2_DCC_B,PC_IND,FI	20.12 
A,I_DSK2_DCC_B,PC_IND,FR	20.83 
A,I_DSK2_DCC_B,PC_IND,FR1	18.34 u
A,I_DSK2_DCC_B,PC_IND,FRB	21.65 u
A,I_DSK2_DCC_B,PC_IND,FRC	25.37 u
A,I_DSK2_DCC_B,PC_IND,FRD	23.42 u
A,I_DSK2_DCC_B,PC_IND,FRE	21.79 u
A,I_DSK2_DCC_B,PC_IND,FRF	22.45 u
A,I_DSK2_DCC_B,PC_IND,FRG	18.91 u
A,I_DSK2_DCC_B,PC_IND,FRH	21.08 u
A,I_DSK2_DCC_B,PC_IND,FRI	21.10 u
A,I_DSK2_DCC_B,PC_IND,FRJ	22.59 u
A,I_DSK2_DCC_B,PC_IND,FRK	20.59 u
A,I_DSK2_DCC_B,PC_IND,FRL	20.56 u
A,I_DSK2_DCC_B,PC_IND,FRM	18.06 u
A,I_DSK2_DCC_B,PC_IND,FRY	16.86 u
A,I_DSK2_DCC_B,PC_IND,HR	39.40 
A,I_DSK2_DCC_B,PC_IND,HU	15.80 
A,I_DSK2_DCC_B,PC_IND,HU1	14.32 
A,I_DSK2_DCC_B,PC_IND,HU2	17.71 
A,I_DSK2_DCC_B,PC_IND,HU3	15.55 
A,I_DSK2_DCC_B,PC_IND,IE	17.02 
A,I_DSK2_DCC_B,PC_IND,IT	19.31 
A,I_DSK2_DCC_B,PC_IND,ITC	19.58 
A,I_DSK2_DCC_B,PC_IND,ITF	18.23 
A,I_DSK2_DCC_B,PC_IND,ITG	20.75 
A,I_DSK2_DCC_B,PC_IND,ITH	19.15 
A,I_DSK2_DCC_B,PC_IND,ITI	19.57 
A,I_DSK2_DCC_B,PC_IND,LT	20.23 
A,I_DSK2_DCC_B,PC_IND,LU	25.26 
A,I_DSK2_DCC_B,PC_IND,LV	26.26 
A,I_DSK2_DCC_B,PC_IND,ME	35.21 
A,I_DSK2_DCC_B,PC_IND,MK	20.39 
A,I_DSK2_DCC_B,PC_IND,MT	16.81 
A,I_DSK2_DCC_B,PC_IND,NL	19.56 
A,I_DSK2_DCC_B,PC_IND,NL1	22.61 
A,I_DSK2_DCC_B,PC_IND,NL2	21.90 
A,I_DSK2_DCC_B,PC_IND,NL3	17.86 
A,I_DSK2_DCC_B,PC_IND,NL4	19.75 
A,I_DSK2_DCC_B,PC_IND,NO	17.88 
A,I_DSK2_DCC_B,PC_IND,PL	22.26 
A,I_DSK2_DCC_B,PC_IND,PL2	20.49 
A,I_DSK2_DCC_B,PC_IND,PL4	24.24 
A,I_DSK2_DCC_B,PC_IND,PL5	23.83 
A,I_DSK2_DCC_B,PC_IND,PL6	21.21 
A,I_DSK2_DCC_B,PC_IND,PL7	25.94 
A,I_DSK2_DCC_B,PC_IND,PL8	22.89 
A,I_DSK2_DCC_B,PC_IND,PL9	19.96 
A,I_DSK2_DCC_B,PC_IND,PT	17.71 
A,I_DSK2_DCC_B,PC_IND,PT1	17.53 
A,I_DSK2_DCC_B,PC_IND,PT2	25.63 
A,I_DSK2_DCC_B,PC_IND,PT3	17.46 
A,I_DSK2_DCC_B,PC_IND,RO	18.48 
A,I_DSK2_DCC_B,PC_IND,RO1	16.01 
A,I_DSK2_DCC_B,PC_IND,RO2	19.01 
A,I_DSK2_DCC_B,PC_IND,RO3	20.04 
A,I_DSK2_DCC_B,PC_IND,RO4	18.75 
A,I_DSK2_DCC_B,PC_IND,RS	24.87 
A,I_DSK2_DCC_B,PC_IND,RS1	22.26 
A,I_DSK2_DCC_B,PC_IND,RS2	27.66 
A,I_DSK2_DCC_B,PC_IND,SE	22.97 
A,I_DSK2_DCC_B,PC_IND,SE1	21.11 
A,I_DSK2_DCC_B,PC_IND,SE2	24.07 
A,I_DSK2_DCC_B,PC_IND,SE3	24.74 
A,I_DSK2_DCC_B,PC_IND,SI	21.64 
A,I_DSK2_DCC_B,PC_IND,SK	26.51 
A,I_DSK2_DCC_B,PC_IND,TR	21.85 
A,I_DSK2_DCC_B,PC_IND,TR1	24.26 
A,I_DSK2_DCC_B,PC_IND,TR2	17.15 
A,I_DSK2_DCC_B,PC_IND,TR3	20.93 
A,I_DSK2_DCC_B,PC_IND,TR4	27.23 
A,I_DSK2_DCC_B,PC_IND,TR5	28.95 
A,I_DSK2_DCC_B,PC_IND,TR6	17.76 
A,I_DSK2_DCC_B,PC_IND,TR7	16.03 
A,I_DSK2_DCC_B,PC_IND,TR8	20.86 
A,I_DSK2_DCC_B,PC_IND,TR9	20.10 
A,I_DSK2_DCC_B,PC_IND,TRA	16.80 
A,I_DSK2_DCC_B,PC_IND,TRB	18.60 
A,I_DSK2_DCC_B,PC_IND,TRC	19.38 
A,I_DSK2_DCC_B,PC_IND,XK	70.48 
A,I_DSK2_DCC_B,PC_IND_IU3,AL	23.79 
A,I_DSK2_DCC_B,PC_IND_IU3,AT	34.85 b
A,I_DSK2_DCC_B,PC_IND_IU3,AT1	33.44 
A,I_DSK2_DCC_B,PC_IND_IU3,AT2	37.62 
A,I_DSK2_DCC_B,PC_IND_IU3,AT3	35.11 
A,I_DSK2_DCC_B,PC_IND_IU3,BA	28.77 
A,I_DSK2_DCC_B,PC_IND_IU3,BE	24.01 
A,I_DSK2_DCC_B,PC_IND_IU3,BE1	22.60 
A,I_DSK2_DCC_B,PC_IND_IU3,BE2	24.68 
A,I_DSK2_DCC_B,PC_IND_IU3,BE3	23.23 
A,I_DSK2_DCC_B,PC_IND_IU3,BG	28.10 
A,I_DSK2_DCC_B,PC_IND_IU3,BG3	27.64 
A,I_DSK2_DCC_B,PC_IND_IU3,BG4	28.51 
A,I_DSK2_DCC_B,PC_IND_IU3,CH	24.23 
A,I_DSK2_DCC_B,PC_IND_IU3,CY	27.54 
A,I_DSK2_DCC_B,PC_IND_IU3,CZ	25.99 
A,I_DSK2_DCC_B,PC_IND_IU3,DE	28.24 
A,I_DSK2_DCC_B,PC_IND_IU3,DE1	29.14 
A,I_DSK2_DCC_B,PC_IND_IU3,DE2	20.74 
A,I_DSK2_DCC_B,PC_IND_IU3,DE3	23.14 
A,I_DSK2_DCC_B,PC_IND_IU3,DE4	33.23 
A,I_DSK2_DCC_B,PC_IND_IU3,DE6	22.35 
A,I_DSK2_DCC_B,PC_IND_IU3,DE7	29.83 
A,I_DSK2_DCC_B,PC_IND_IU3,DE8	25.10 
A,I_DSK2_DCC_B,PC_IND_IU3,DE9	32.39 
A,I_DSK2_DCC_B,PC_IND_IU3,DEA	30.98 
A,I_DSK2_DCC_B,PC_IND_IU3,DED	27.34 
A,I_DSK2_DCC_B,PC_IND_IU3,DEE	25.49 
A,I_DSK2_DCC_B,PC_IND_IU3,DEF	30.27 
A,I_DSK2_DCC_B,PC_IND_IU3,DK	18.98 
A,I_DSK2_DCC_B,PC_IND_IU3,EE	19.65 
A,I_DSK2_DCC_B,PC_IND_IU3,EL	16.11 
A,I_DSK2_DCC_B,PC_IND_IU3,EL3	10.81 
A,I_DSK2_DCC_B,PC_IND_IU3,EL4	23.71 
A,I_DSK2_DCC_B,PC_IND_IU3,EL5	20.62 
A,I_DSK2_DCC_B,PC_IND_IU3,EL6	16.21 
A,I_DSK2_DCC_B,PC_IND_IU3,ES	24.00 
A,I_DSK2_DCC_B,PC_IND_IU3,ES1	23.96 
A,I_DSK2_DCC_B,PC_IND_IU3,ES2	24.31 
A,I_DSK2_DCC_B,PC_IND_IU3,ES3	22.16 
A,I_DSK2_DCC_B,PC_IND_IU3,ES4	23.49 
A,I_DSK2_DCC_B,PC_IND_IU3,ES5	23.45 
A,I_DSK2_DCC_B,PC_IND_IU3,ES6	25.66 
A,I_DSK2_DCC_B,PC_IND_IU3,ES7	26.57 
A,I_DSK2_DCC_B,PC_IND_IU3,FI	20.51 
A,I_DSK2_DCC_B,PC_IND_IU3,FR	21.93 
A,I_DSK2_DCC_B,PC_IND_IU3,FR1	19.00 u
A,I_DSK2_DCC_B,PC_IND_IU3,FRB	22.68 u
A,I_DSK2_DCC_B,PC_IND_IU3,FRC	27.43 u
A,I_DSK2_DCC_B,PC_IND_IU3,FRD	24.65 u
A,I_DSK2_DCC_B,PC_IND_IU3,FRE	23.30 u
A,I_DSK2_DCC_B,PC_IND_IU3,FRF	23.96 u
A,I_DSK2_DCC_B,PC_IND_IU3,FRG	19.65 u
A,I_DSK2_DCC_B,PC_IND_IU3,FRH	22.12 u
A,I_DSK2_DCC_B,PC_IND_IU3,FRI	22.10 u
A,I_DSK2_DCC_B,PC_IND_IU3,FRJ	23.82 u
A,I_DSK2_DCC_B,PC_IND_IU3,FRK	21.63 u
A,I_DSK2_DCC_B,PC_IND_IU3,FRL	21.46 u
A,I_DSK2_DCC_B,PC_IND_IU3,FRM	19.54 u
A,I_DSK2_DCC_B,PC_IND_IU3,FRY	19.00 u
A,I_DSK2_DCC_B,PC_IND_IU3,HR	45.87 
A,I_DSK2_DCC_B,PC_IND_IU3,HU	17.03 
A,I_DSK2_DCC_B,PC_IND_IU3,HU1	15.04 
A,I_DSK2_DCC_B,PC_IND_IU3,HU2	19.12 
A,I_DSK2_DCC_B,PC_IND_IU3,HU3	17.10 
A,I_DSK2_DCC_B,PC_IND_IU3,IE	17.06 
A,I_DSK2_DCC_B,PC_IND_IU3,IT	21.38 
A,I_DSK2_DCC_B,PC_IND_IU3,ITC	21.08 
A,I_DSK2_DCC_B,PC_IND_IU3,ITF	21.52 
A,I_DSK2_DCC_B,PC_IND_IU3,ITG	23.94 
A,I_DSK2_DCC_B,PC_IND_IU3,ITH	20.71 
A,I_DSK2_DCC_B,PC_IND_IU3,ITI	21.01 
A,I_DSK2_DCC_B,PC_IND_IU3,LT	22.65 
A,I_DSK2_DCC_B,PC_IND_IU3,LU	25.49 
A,I_DSK2_DCC_B,PC_IND_IU3,LV	27.78 
A,I_DSK2_DCC_B,PC_IND_IU3,ME	37.37 
A,I_DSK2_DCC_B,PC_IND_IU3,MK	22.13 
A,I_DSK2_DCC_B,PC_IND_IU3,MT	17.51 
A,I_DSK2_DCC_B,PC_IND_IU3,NL	19.62 
A,I_DSK2_DCC_B,PC_IND_IU3,NL1	22.64 
A,I_DSK2_DCC_B,PC_IND_IU3,NL2	21.95 
A,I_DSK2_DCC_B,PC_IND_IU3,NL3	17.90 
A,I_DSK2_DCC_B,PC_IND_IU3,NL4	19.86 
A,I_DSK2_DCC_B,PC_IND_IU3,NO	18.09 
A,I_DSK2_DCC_B,PC_IND_IU3,PL	24.83 
A,I_DSK2_DCC_B,PC_IND_IU3,PL2	22.75 
A,I_DSK2_DCC_B,PC_IND_IU3,PL4	26.59 
A,I_DSK2_DCC_B,PC_IND_IU3,PL5	25.48 
A,I_DSK2_DCC_B,PC_IND_IU3,PL6	23.81 
A,I_DSK2_DCC_B,PC_IND_IU3,PL7	30.55 
A,I_DSK2_DCC_B,PC_IND_IU3,PL8	26.15 
A,I_DSK2_DCC_B,PC_IND_IU3,PL9	21.89 
A,I_DSK2_DCC_B,PC_IND_IU3,PT	19.80 
A,I_DSK2_DCC_B,PC_IND_IU3,PT1	19.58 
A,I_DSK2_DCC_B,PC_IND_IU3,PT2	28.73 
A,I_DSK2_DCC_B,PC_IND_IU3,PT3	19.77 
A,I_DSK2_DCC_B,PC_IND_IU3,RO	19.84 
A,I_DSK2_DCC_B,PC_IND_IU3,RO1	17.02 
A,I_DSK2_DCC_B,PC_IND_IU3,RO2	20.62 
A,I_DSK2_DCC_B,PC_IND_IU3,RO3	21.47 
A,I_DSK2_DCC_B,PC_IND_IU3,RO4	20.16 
A,I_DSK2_DCC_B,PC_IND_IU3,RS	27.62 
A,I_DSK2_DCC_B,PC_IND_IU3,RS1	24.27 
A,I_DSK2_DCC_B,PC_IND_IU3,RS2	31.35 
A,I_DSK2_DCC_B,PC_IND_IU3,SE	23.38 
A,I_DSK2_DCC_B,PC_IND_IU3,SE1	21.54 
A,I_DSK2_DCC_B,PC_IND_IU3,SE2	24.43 
A,I_DSK2_DCC_B,PC_IND_IU3,SE3	25.19 
A,I_DSK2_DCC_B,PC_IND_IU3,SI	23.63 
A,I_DSK2_DCC_B,PC_IND_IU3,SK	28.66 
A,I_DSK2_DCC_B,PC_IND_IU3,TR	24.34 
A,I_DSK2_DCC_B,PC_IND_IU3,TR1	25.23 
A,I_DSK2_DCC_B,PC_IND_IU3,TR2	19.57 
A,I_DSK2_DCC_B,PC_IND_IU3,TR3	23.60 
A,I_DSK2_DCC_B,PC_IND_IU3,TR4	29.38 
A,I_DSK2_DCC_B,PC_IND_IU3,TR5	32.05 
A,I_DSK2_DCC_B,PC_IND_IU3,TR6	19.90 
A,I_DSK2_DCC_B,PC_IND_IU3,TR7	18.11 
A,I_DSK2_DCC_B,PC_IND_IU3,TR8	24.01 
A,I_DSK2_DCC_B,PC_IND_IU3,TR9	23.69 
A,I_DSK2_DCC_B,PC_IND_IU3,TRA	19.95 
A,I_DSK2_DCC_B,PC_IND_IU3,TRB	23.65 
A,I_DSK2_DCC_B,PC_IND_IU3,TRC	22.37 
A,I_DSK2_DCC_B,PC_IND_IU3,XK	71.57 
A,I_DSK2_DCC_BAB,PC_IND,AL	51.55 
A,I_DSK2_DCC_BAB,PC_IND,AT	87.46 b
A,I_DSK2_DCC_BAB,PC_IND,AT1	88.42 
A,I_DSK2_DCC_BAB,PC_IND,AT2	85.88 
A,I_DSK2_DCC_BAB,PC_IND,AT3	87.16 
A,I_DSK2_DCC_BAB,PC_IND,BA	55.95 
A,I_DSK2_DCC_BAB,PC_IND,BE	75.10 
A,I_DSK2_DCC_BAB,PC_IND,BE1	77.64 
A,I_DSK2_DCC_BAB,PC_IND,BE2	76.22 
A,I_DSK2_DCC_BAB,PC_IND,BE3	72.19 
A,I_DSK2_DCC_BAB,PC_IND,BG	53.70 
A,I_DSK2_DCC_BAB,PC_IND,BG3	51.13 
A,I_DSK2_DCC_BAB,PC_IND,BG4	56.07 
A,I_DSK2_DCC_BAB,PC_IND,CH	85.07 
A,I_DSK2_DCC_BAB,PC_IND,CY	69.19 
A,I_DSK2_DCC_BAB,PC_IND,CZ	73.83 
A,I_DSK2_DCC_BAB,PC_IND,DE	73.01 
A,I_DSK2_DCC_BAB,PC_IND,DE1	80.66 
A,I_DSK2_DCC_BAB,PC_IND,DE2	59.87 
A,I_DSK2_DCC_BAB,PC_IND,DE3	77.94 
A,I_DSK2_DCC_BAB,PC_IND,DE4	74.96 
A,I_DSK2_DCC_BAB,PC_IND,DE6	77.76 
A,I_DSK2_DCC_BAB,PC_IND,DE7	70.19 
A,I_DSK2_DCC_BAB,PC_IND,DE8	56.70 
A,I_DSK2_DCC_BAB,PC_IND,DE9	81.19 
A,I_DSK2_DCC_BAB,PC_IND,DEA	78.22 
A,I_DSK2_DCC_BAB,PC_IND,DED	72.03 
A,I_DSK2_DCC_BAB,PC_IND,DEE	50.86 
A,I_DSK2_DCC_BAB,PC_IND,DEF	77.46 
A,I_DSK2_DCC_BAB,PC_IND,DK	86.70 
A,I_DSK2_DCC_BAB,PC_IND,EE	70.01 
A,I_DSK2_DCC_BAB,PC_IND,EL	59.27 
A,I_DSK2_DCC_BAB,PC_IND,EL3	54.14 
A,I_DSK2_DCC_BAB,PC_IND,EL4	67.78 
A,I_DSK2_DCC_BAB,PC_IND,EL5	69.91 
A,I_DSK2_DCC_BAB,PC_IND,EL6	50.94 
A,I_DSK2_DCC_BAB,PC_IND,ES	74.13 
A,I_DSK2_DCC_BAB,PC_IND,ES1	69.80 
A,I_DSK2_DCC_BAB,PC_IND,ES2	74.74 
A,I_DSK2_DCC_BAB,PC_IND,ES3	79.93 
A,I_DSK2_DCC_BAB,PC_IND,ES4	70.07 
A,I_DSK2_DCC_BAB,PC_IND,ES5	76.27 
A,I_DSK2_DCC_BAB,PC_IND,ES6	71.07 
A,I_DSK2_DCC_BAB,PC_IND,ES7	72.61 
A,I_DSK2_DCC_BAB,PC_IND,FI	83.47 
A,I_DSK2_DCC_BAB,PC_IND,FR	76.67 
A,I_DSK2_DCC_BAB,PC_IND,FR1	81.41 u
A,I_DSK2_DCC_BAB,PC_IND,FRB	74.23 u
A,I_DSK2_DCC_BAB,PC_IND,FRC	70.67 u
A,I_DSK2_DCC_BAB,PC_IND,FRD	75.58 u
A,I_DSK2_DCC_BAB,PC_IND,FRE	71.47 u
A,I_DSK2_DCC_BAB,PC_IND,FRF	74.43 u
A,I_DSK2_DCC_BAB,PC_IND,FRG	78.22 u
A,I_DSK2_DCC_BAB,PC_IND,FRH	76.87 u
A,I_DSK2_DCC_BAB,PC_IND,FRI	76.90 u
A,I_DSK2_DCC_BAB,PC_IND,FRJ	76.98 u
A,I_DSK2_DCC_BAB,PC_IND,FRK	79.68 u
A,I_DSK2_DCC_BAB,PC_IND,FRL	77.47 u
A,I_DSK2_DCC_BAB,PC_IND,FRM	74.46 u
A,I_DSK2_DCC_BAB,PC_IND,FRY	61.40 u
A,I_DSK2_DCC_BAB,PC_IND,HR	79.56 
A,I_DSK2_DCC_BAB,PC_IND,HU	62.31 
A,I_DSK2_DCC_BAB,PC_IND,HU1	74.41 
A,I_DSK2_DCC_BAB,PC_IND,HU2	57.51 
A,I_DSK2_DCC_BAB,PC_IND,HU3	55.92 
A,I_DSK2_DCC_BAB,PC_IND,IE	90.31 
A,I_DSK2_DCC_BAB,PC_IND,IT	62.63 
A,I_DSK2_DCC_BAB,PC_IND,ITC	68.49 
A,I_DSK2_DCC_BAB,PC_IND,ITF	52.81 
A,I_DSK2_DCC_BAB,PC_IND,ITG	55.70 
A,I_DSK2_DCC_BAB,PC_IND,ITH	67.21 
A,I_DSK2_DCC_BAB,PC_IND,ITI	65.28 
A,I_DSK2_DCC_BAB,PC_IND,LT	63.07 
A,I_DSK2_DCC_BAB,PC_IND,LU	78.09 
A,I_DSK2_DCC_BAB,PC_IND,LV	63.50 
A,I_DSK2_DCC_BAB,PC_IND,ME	90.52 
A,I_DSK2_DCC_BAB,PC_IND,MK	33.89 
A,I_DSK2_DCC_BAB,PC_IND,MT	72.77 
A,I_DSK2_DCC_BAB,PC_IND,NL	87.96 
A,I_DSK2_DCC_BAB,PC_IND,NL1	85.62 
A,I_DSK2_DCC_BAB,PC_IND,NL2	88.68 
A,I_DSK2_DCC_BAB,PC_IND,NL3	89.26 
A,I_DSK2_DCC_BAB,PC_IND,NL4	85.35 
A,I_DSK2_DCC_BAB,PC_IND,NO	85.41 
A,I_DSK2_DCC_BAB,PC_IND,PL	62.07 
A,I_DSK2_DCC_BAB,PC_IND,PL2	63.46 
A,I_DSK2_DCC_BAB,PC_IND,PL4	64.17 
A,I_DSK2_DCC_BAB,PC_IND,PL5	68.81 
A,I_DSK2_DCC_BAB,PC_IND,PL6	57.60 
A,I_DSK2_DCC_BAB,PC_IND,PL7	57.62 
A,I_DSK2_DCC_BAB,PC_IND,PL8	54.16 
A,I_DSK2_DCC_BAB,PC_IND,PL9	69.62 
A,I_DSK2_DCC_BAB,PC_IND,PT	65.34 
A,I_DSK2_DCC_BAB,PC_IND,PT1	65.78 
A,I_DSK2_DCC_BAB,PC_IND,PT2	60.30 
A,I_DSK2_DCC_BAB,PC_IND,PT3	53.43 
A,I_DSK2_DCC_BAB,PC_IND,RO	42.31 
A,I_DSK2_DCC_BAB,PC_IND,RO1	39.81 
A,I_DSK2_DCC_BAB,PC_IND,RO2	39.95 
A,I_DSK2_DCC_BAB,PC_IND,RO3	49.39 
A,I_DSK2_DCC_BAB,PC_IND,RO4	39.03 
A,I_DSK2_DCC_BAB,PC_IND,RS	69.89 
A,I_DSK2_DCC_BAB,PC_IND,RS1	73.51 
A,I_DSK2_DCC_BAB,PC_IND,RS2	66.02 
A,I_DSK2_DCC_BAB,PC_IND,SE	79.52 
A,I_DSK2_DCC_BAB,PC_IND,SE1	80.53 
A,I_DSK2_DCC_BAB,PC_IND,SE2	79.16 
A,I_DSK2_DCC_BAB,PC_IND,SE3	78.00 
A,I_DSK2_DCC_BAB,PC_IND,SI	63.46 
A,I_DSK2_DCC_BAB,PC_IND,SK	65.29 
A,I_DSK2_DCC_BAB,PC_IND,TR	39.06 
A,I_DSK2_DCC_BAB,PC_IND,TR1	50.45 
A,I_DSK2_DCC_BAB,PC_IND,TR2	30.69 
A,I_DSK2_DCC_BAB,PC_IND,TR3	37.45 
A,I_DSK2_DCC_BAB,PC_IND,TR4	52.37 
A,I_DSK2_DCC_BAB,PC_IND,TR5	49.37 
A,I_DSK2_DCC_BAB,PC_IND,TR6	30.68 
A,I_DSK2_DCC_BAB,PC_IND,TR7	27.70 
A,I_DSK2_DCC_BAB,PC_IND,TR8	35.15 
A,I_DSK2_DCC_BAB,PC_IND,TR9	32.29 
A,I_DSK2_DCC_BAB,PC_IND,TRA	25.59 
A,I_DSK2_DCC_BAB,PC_IND,TRB	28.37 
A,I_DSK2_DCC_BAB,PC_IND,TRC	26.36 
A,I_DSK2_DCC_BAB,PC_IND,XK	97.69 
A,I_DSK2_DCC_BAB,PC_IND_IU3,AL	59.14 
A,I_DSK2_DCC_BAB,PC_IND_IU3,AT	91.77 b
A,I_DSK2_DCC_BAB,PC_IND_IU3,AT1	91.43 
A,I_DSK2_DCC_BAB,PC_IND_IU3,AT2	91.74 
A,I_DSK2_DCC_BAB,PC_IND_IU3,AT3	92.23 
A,I_DSK2_DCC_BAB,PC_IND_IU3,BA	62.09 
A,I_DSK2_DCC_BAB,PC_IND_IU3,BE	77.86 
A,I_DSK2_DCC_BAB,PC_IND_IU3,BE1	82.14 
A,I_DSK2_DCC_BAB,PC_IND_IU3,BE2	78.60 
A,I_DSK2_DCC_BAB,PC_IND_IU3,BE3	75.06 
A,I_DSK2_DCC_BAB,PC_IND_IU3,BG	61.84 
A,I_DSK2_DCC_BAB,PC_IND_IU3,BG3	59.52 
A,I_DSK2_DCC_BAB,PC_IND_IU3,BG4	63.93 
A,I_DSK2_DCC_BAB,PC_IND_IU3,CH	86.00 
A,I_DSK2_DCC_BAB,PC_IND_IU3,CY	73.77 
A,I_DSK2_DCC_BAB,PC_IND_IU3,CZ	78.11 
A,I_DSK2_DCC_BAB,PC_IND_IU3,DE	77.19 
A,I_DSK2_DCC_BAB,PC_IND_IU3,DE1	84.07 
A,I_DSK2_DCC_BAB,PC_IND_IU3,DE2	63.21 
A,I_DSK2_DCC_BAB,PC_IND_IU3,DE3	83.76 
A,I_DSK2_DCC_BAB,PC_IND_IU3,DE4	82.92 
A,I_DSK2_DCC_BAB,PC_IND_IU3,DE6	80.61 
A,I_DSK2_DCC_BAB,PC_IND_IU3,DE7	73.49 
A,I_DSK2_DCC_BAB,PC_IND_IU3,DE8	60.58 
A,I_DSK2_DCC_BAB,PC_IND_IU3,DE9	85.37 
A,I_DSK2_DCC_BAB,PC_IND_IU3,DEA	82.60 
A,I_DSK2_DCC_BAB,PC_IND_IU3,DED	75.78 
A,I_DSK2_DCC_BAB,PC_IND_IU3,DEE	56.57 
A,I_DSK2_DCC_BAB,PC_IND_IU3,DEF	81.79 
A,I_DSK2_DCC_BAB,PC_IND_IU3,DK	86.95 
A,I_DSK2_DCC_BAB,PC_IND_IU3,EE	73.80 
A,I_DSK2_DCC_BAB,PC_IND_IU3,EL	66.48 
A,I_DSK2_DCC_BAB,PC_IND_IU3,EL3	57.40 
A,I_DSK2_DCC_BAB,PC_IND_IU3,EL4	78.70 
A,I_DSK2_DCC_BAB,PC_IND_IU3,EL5	78.20 
A,I_DSK2_DCC_BAB,PC_IND_IU3,EL6	61.96 
A,I_DSK2_DCC_BAB,PC_IND_IU3,ES	76.95 
A,I_DSK2_DCC_BAB,PC_IND_IU3,ES1	74.12 
A,I_DSK2_DCC_BAB,PC_IND_IU3,ES2	77.58 
A,I_DSK2_DCC_BAB,PC_IND_IU3,ES3	81.50 
A,I_DSK2_DCC_BAB,PC_IND_IU3,ES4	73.65 
A,I_DSK2_DCC_BAB,PC_IND_IU3,ES5	78.18 
A,I_DSK2_DCC_BAB,PC_IND_IU3,ES6	74.89 
A,I_DSK2_DCC_BAB,PC_IND_IU3,ES7	75.34 
A,I_DSK2_DCC_BAB,PC_IND_IU3,FI	85.10 
A,I_DSK2_DCC_BAB,PC_IND_IU3,FR	80.73 
A,I_DSK2_DCC_BAB,PC_IND_IU3,FR1	84.36 u
A,I_DSK2_DCC_BAB,PC_IND_IU3,FRB	77.75 u
A,I_DSK2_DCC_BAB,PC_IND_IU3,FRC	76.40 u
A,I_DSK2_DCC_BAB,PC_IND_IU3,FRD	79.55 u
A,I_DSK2_DCC_BAB,PC_IND_IU3,FRE	76.44 u
A,I_DSK2_DCC_BAB,PC_IND_IU3,FRF	79.43 u
A,I_DSK2_DCC_BAB,PC_IND_IU3,FRG	81.25 u
A,I_DSK2_DCC_BAB,PC_IND_IU3,FRH	80.65 u
A,I_DSK2_DCC_BAB,PC_IND_IU3,FRI	80.56 u
A,I_DSK2_DCC_BAB,PC_IND_IU3,FRJ	81.16 u
A,I_DSK2_DCC_BAB,PC_IND_IU3,FRK	83.70 u
A,I_DSK2_DCC_BAB,PC_IND_IU3,FRL	80.87 u
A,I_DSK2_DCC_BAB,PC_IND_IU3,FRM	80.55 u
A,I_DSK2_DCC_BAB,PC_IND_IU3,FRY	69.19 u
A,I_DSK2_DCC_BAB,PC_IND_IU3,HR	92.62 
A,I_DSK2_DCC_BAB,PC_IND_IU3,HU	67.14 
A,I_DSK2_DCC_BAB,PC_IND_IU3,HU1	78.16 
A,I_DSK2_DCC_BAB,PC_IND_IU3,HU2	62.09 
A,I_DSK2_DCC_BAB,PC_IND_IU3,HU3	61.50 
A,I_DSK2_DCC_BAB,PC_IND_IU3,IE	90.52 
A,I_DSK2_DCC_BAB,PC_IND_IU3,IT	69.34 
A,I_DSK2_DCC_BAB,PC_IND_IU3,ITC	73.71 
A,I_DSK2_DCC_BAB,PC_IND_IU3,ITF	62.35 
A,I_DSK2_DCC_BAB,PC_IND_IU3,ITG	64.26 
A,I_DSK2_DCC_BAB,PC_IND_IU3,ITH	72.66 
A,I_DSK2_DCC_BAB,PC_IND_IU3,ITI	70.07 
A,I_DSK2_DCC_BAB,PC_IND_IU3,LT	70.63 
A,I_DSK2_DCC_BAB,PC_IND_IU3,LU	78.78 
A,I_DSK2_DCC_BAB,PC_IND_IU3,LV	67.17 
A,I_DSK2_DCC_BAB,PC_IND_IU3,ME	96.07 
A,I_DSK2_DCC_BAB,PC_IND_IU3,MK	36.78 
A,I_DSK2_DCC_BAB,PC_IND_IU3,MT	75.79 
A,I_DSK2_DCC_BAB,PC_IND_IU3,NL	88.22 
A,I_DSK2_DCC_BAB,PC_IND_IU3,NL1	85.74 
A,I_DSK2_DCC_BAB,PC_IND_IU3,NL2	88.87 
A,I_DSK2_DCC_BAB,PC_IND_IU3,NL3	89.46 
A,I_DSK2_DCC_BAB,PC_IND_IU3,NL4	85.85 
A,I_DSK2_DCC_BAB,PC_IND_IU3,NO	86.44 
A,I_DSK2_DCC_BAB,PC_IND_IU3,PL	69.23 
A,I_DSK2_DCC_BAB,PC_IND_IU3,PL2	70.43 
A,I_DSK2_DCC_BAB,PC_IND_IU3,PL4	70.39 
A,I_DSK2_DCC_BAB,PC_IND_IU3,PL5	73.57 
A,I_DSK2_DCC_BAB,PC_IND_IU3,PL6	64.66 
A,I_DSK2_DCC_BAB,PC_IND_IU3,PL7	67.86 
A,I_DSK2_DCC_BAB,PC_IND_IU3,PL8	61.86 
A,I_DSK2_DCC_BAB,PC_IND_IU3,PL9	76.36 
A,I_DSK2_DCC_BAB,PC_IND_IU3,PT	73.04 
A,I_DSK2_DCC_BAB,PC_IND_IU3,PT1	73.51 
A,I_DSK2_DCC_BAB,PC_IND_IU3,PT2	67.62 
A,I_DSK2_DCC_BAB,PC_IND_IU3,PT3	60.50 
A,I_DSK2_DCC_BAB,PC_IND_IU3,RO	45.42 
A,I_DSK2_DCC_BAB,PC_IND_IU3,RO1	42.30 
A,I_DSK2_DCC_BAB,PC_IND_IU3,RO2	43.33 
A,I_DSK2_DCC_BAB,PC_IND_IU3,RO3	52.90 
A,I_DSK2_DCC_BAB,PC_IND_IU3,RO4	41.96 
A,I_DSK2_DCC_BAB,PC_IND_IU3,RS	77.62 
A,I_DSK2_DCC_BAB,PC_IND_IU3,RS1	80.13 
A,I_DSK2_DCC_BAB,PC_IND_IU3,RS2	74.82 
A,I_DSK2_DCC_BAB,PC_IND_IU3,SE	80.94 
A,I_DSK2_DCC_BAB,PC_IND_IU3,SE1	82.18 
A,I_DSK2_DCC_BAB,PC_IND_IU3,SE2	80.36 
A,I_DSK2_DCC_BAB,PC_IND_IU3,SE3	79.39 
A,I_DSK2_DCC_BAB,PC_IND_IU3,SI	69.31 
A,I_DSK2_DCC_BAB,PC_IND_IU3,SK	70.58 
A,I_DSK2_DCC_BAB,PC_IND_IU3,TR	43.51 
A,I_DSK2_DCC_BAB,PC_IND_IU3,TR1	52.46 
A,I_DSK2_DCC_BAB,PC_IND_IU3,TR2	35.03 
A,I_DSK2_DCC_BAB,PC_IND_IU3,TR3	42.23 
A,I_DSK2_DCC_BAB,PC_IND_IU3,TR4	56.51 
A,I_DSK2_DCC_BAB,PC_IND_IU3,TR5	54.66 
A,I_DSK2_DCC_BAB,PC_IND_IU3,TR6	34.38 
A,I_DSK2_DCC_BAB,PC_IND_IU3,TR7	31.29 
A,I_DSK2_DCC_BAB,PC_IND_IU3,TR8	40.44 
A,I_DSK2_DCC_BAB,PC_IND_IU3,TR9	38.07 
A,I_DSK2_DCC_BAB,PC_IND_IU3,TRA	30.39 
A,I_DSK2_DCC_BAB,PC_IND_IU3,TRB	36.08 
A,I_DSK2_DCC_BAB,PC_IND_IU3,TRC	30.43 
A,I_DSK2_DCC_BAB,PC_IND_IU3,XK	99.21 
A,I_DSK2_IC_S,PC_IND,AL	14.64 
A,I_DSK2_IC_S,PC_IND,AT	0.83 
A,I_DSK2_IC_S,PC_IND,AT1	1.04 u
A,I_DSK2_IC_S,PC_IND,AT2	0.71 u
A,I_DSK2_IC_S,PC_IND,AT3	0.64 u
A,I_DSK2_IC_S,PC_IND,BA	9.00 
A,I_DSK2_IC_S,PC_IND,BE	1.35 
A,I_DSK2_IC_S,PC_IND,BE1	0.61 u
A,I_DSK2_IC_S,PC_IND,BE2	1.52 
A,I_DSK2_IC_S,PC_IND,BE3	1.29 
A,I_DSK2_IC_S,PC_IND,BG	6.55 
A,I_DSK2_IC_S,PC_IND,BG3	7.99 
A,I_DSK2_IC_S,PC_IND,BG4	5.24 
A,I_DSK2_IC_S,PC_IND,CH	0.65 u
A,I_DSK2_IC_S,PC_IND,CY	4.00 
A,I_DSK2_IC_S,PC_IND,CZ	0.89 
A,I_DSK2_IC_S,PC_IND,DE	1.40 
A,I_DSK2_IC_S,PC_IND,DE2	2.27 u
A,I_DSK2_IC_S,PC_IND,DE3	: u
A,I_DSK2_IC_S,PC_IND,DE4	: u
A,I_DSK2_IC_S,PC_IND,DE7	1.15 u
A,I_DSK2_IC_S,PC_IND,DE8	: u
A,I_DSK2_IC_S,PC_IND,DE9	: u
A,I_DSK2_IC_S,PC_IND,DEA	1.42 u
A,I_DSK2_IC_S,PC_IND,DED	0.63 u
A,I_DSK2_IC_S,PC_IND,DEE	: u
A,I_DSK2_IC_S,PC_IND,DK	0.20 u
A,I_DSK2_IC_S,PC_IND,EE	1.14 
A,I_DSK2_IC_S,PC_IND,EL	2.14 
A,I_DSK2_IC_S,PC_IND,EL3	2.54 
A,I_DSK2_IC_S,PC_IND,EL4	: u
A,I_DSK2_IC_S,PC_IND,EL5	1.19 u
A,I_DSK2_IC_S,PC_IND,EL6	3.01 u
A,I_DSK2_IC_S,PC_IND,ES	2.21 
A,I_DSK2_IC_S,PC_IND,ES1	2.56 
A,I_DSK2_IC_S,PC_IND,ES2	1.50 
A,I_DSK2_IC_S,PC_IND,ES3	1.73 u
A,I_DSK2_IC_S,PC_IND,ES4	3.75 
A,I_DSK2_IC_S,PC_IND,ES5	1.68 
A,I_DSK2_IC_S,PC_IND,ES6	2.50 
A,I_DSK2_IC_S,PC_IND,ES7	2.92 u
A,I_DSK2_IC_S,PC_IND,FI	: u
A,I_DSK2_IC_S,PC_IND,FR	0.71 
A,I_DSK2_IC_S,PC_IND,FR1	0.34 u
A,I_DSK2_IC_S,PC_IND,FRB	0.58 u
A,I_DSK2_IC_S,PC_IND,FRC	0.86 u
A,I_DSK2_IC_S,PC_IND,FRD	0.73 u
A,I_DSK2_IC_S,PC_IND,FRE	1.28 u
A,I_DSK2_IC_S,PC_IND,FRF	0.31 u
A,I_DSK2_IC_S,PC_IND,FRG	0.43 u
A,I_DSK2_IC_S,PC_IND,FRH	0.99 u
A,I_DSK2_IC_S,PC_IND,FRI	0.63 u
A,I_DSK2_IC_S,PC_IND,FRJ	0.44 u
A,I_DSK2_IC_S,PC_IND,FRK	1.26 u
A,I_DSK2_IC_S,PC_IND,FRL	0.53 u
A,I_DSK2_IC_S,PC_IND,FRM	0 u
A,I_DSK2_IC_S,PC_IND,FRY	2.00 u
A,I_DSK2_IC_S,PC_IND,HR	0.50 u
A,I_DSK2_IC_S,PC_IND,HU	2.32 
A,I_DSK2_IC_S,PC_IND,HU1	1.18 
A,I_DSK2_IC_S,PC_IND,HU2	2.55 
A,I_DSK2_IC_S,PC_IND,HU3	3.10 
A,I_DSK2_IC_S,PC_IND,IE	: u
A,I_DSK2_IC_S,PC_IND,IT	2.43 
A,I_DSK2_IC_S,PC_IND,ITC	1.78 
A,I_DSK2_IC_S,PC_IND,ITF	3.10 
A,I_DSK2_IC_S,PC_IND,ITG	3.77 
A,I_DSK2_IC_S,PC_IND,ITH	1.92 
A,I_DSK2_IC_S,PC_IND,ITI	2.30 
A,I_DSK2_IC_S,PC_IND,LT	2.98 
A,I_DSK2_IC_S,PC_IND,LU	1.22 
A,I_DSK2_IC_S,PC_IND,LV	1.80 
A,I_DSK2_IC_S,PC_IND,ME	: u
A,I_DSK2_IC_S,PC_IND,MK	6.56 
A,I_DSK2_IC_S,PC_IND,MT	2.51 
A,I_DSK2_IC_S,PC_IND,NL	0.27 u
A,I_DSK2_IC_S,PC_IND,NL1	: u
A,I_DSK2_IC_S,PC_IND,NL2	: u
A,I_DSK2_IC_S,PC_IND,NL3	: u
A,I_DSK2_IC_S,PC_IND,NL4	: u
A,I_DSK2_IC_S,PC_IND,NO	: u
A,I_DSK2_IC_S,PC_IND,PL	3.45 
A,I_DSK2_IC_S,PC_IND,PL2	3.00 
A,I_DSK2_IC_S,PC_IND,PL4	5.22 
A,I_DSK2_IC_S,PC_IND,PL5	2.07 
A,I_DSK2_IC_S,PC_IND,PL6	3.04 
A,I_DSK2_IC_S,PC_IND,PL7	3.14 
A,I_DSK2_IC_S,PC_IND,PL8	5.62 
A,I_DSK2_IC_S,PC_IND,PL9	1.52 
A,I_DSK2_IC_S,PC_IND,PT	2.65 
A,I_DSK2_IC_S,PC_IND,PT1	2.59 
A,I_DSK2_IC_S,PC_IND,PT2	4.43 
A,I_DSK2_IC_S,PC_IND,PT3	3.23 
A,I_DSK2_IC_S,PC_IND,RO	8.23 
A,I_DSK2_IC_S,PC_IND,RO1	7.83 
A,I_DSK2_IC_S,PC_IND,RO2	7.86 
A,I_DSK2_IC_S,PC_IND,RO3	9.27 
A,I_DSK2_IC_S,PC_IND,RO4	7.84 
A,I_DSK2_IC_S,PC_IND,RS	6.11 
A,I_DSK2_IC_S,PC_IND,RS1	5.26 
A,I_DSK2_IC_S,PC_IND,RS2	7.02 
A,I_DSK2_IC_S,PC_IND,SE	0.55 
A,I_DSK2_IC_S,PC_IND,SE1	0.52 u
A,I_DSK2_IC_S,PC_IND,SE2	: u
A,I_DSK2_IC_S,PC_IND,SE3	: u
A,I_DSK2_IC_S,PC_IND,SI	5.67 
A,I_DSK2_IC_S,PC_IND,SK	2.06 
A,I_DSK2_IC_S,PC_IND,TR	4.31 
A,I_DSK2_IC_S,PC_IND,TR1	3.48 
A,I_DSK2_IC_S,PC_IND,TR2	4.79 
A,I_DSK2_IC_S,PC_IND,TR3	5.29 
A,I_DSK2_IC_S,PC_IND,TR4	3.71 
A,I_DSK2_IC_S,PC_IND,TR5	2.76 
A,I_DSK2_IC_S,PC_IND,TR6	4.86 
A,I_DSK2_IC_S,PC_IND,TR7	5.42 
A,I_DSK2_IC_S,PC_IND,TR8	5.75 
A,I_DSK2_IC_S,PC_IND,TR9	4.40 
A,I_DSK2_IC_S,PC_IND,TRA	3.98 
A,I_DSK2_IC_S,PC_IND,TRB	5.02 
A,I_DSK2_IC_S,PC_IND,TRC	4.28 
A,I_DSK2_IC_S,PC_IND_IU3,AL	16.80 
A,I_DSK2_IC_S,PC_IND_IU3,AT	0.87 
A,I_DSK2_IC_S,PC_IND_IU3,AT1	1.08 u
A,I_DSK2_IC_S,PC_IND_IU3,AT2	0.76 u
A,I_DSK2_IC_S,PC_IND_IU3,AT3	0.67 u
A,I_DSK2_IC_S,PC_IND_IU3,BA	9.99 
A,I_DSK2_IC_S,PC_IND_IU3,BE	1.40 
A,I_DSK2_IC_S,PC_IND_IU3,BE1	0.65 u
A,I_DSK2_IC_S,PC_IND_IU3,BE2	1.57 
A,I_DSK2_IC_S,PC_IND_IU3,BE3	1.34 
A,I_DSK2_IC_S,PC_IND_IU3,BG	7.55 
A,I_DSK2_IC_S,PC_IND_IU3,BG3	9.30 
A,I_DSK2_IC_S,PC_IND_IU3,BG4	5.97 
A,I_DSK2_IC_S,PC_IND_IU3,CH	0.66 u
A,I_DSK2_IC_S,PC_IND_IU3,CY	4.26 
A,I_DSK2_IC_S,PC_IND_IU3,CZ	0.94 
A,I_DSK2_IC_S,PC_IND_IU3,DE	1.48 
A,I_DSK2_IC_S,PC_IND_IU3,DE2	2.39 u
A,I_DSK2_IC_S,PC_IND_IU3,DE3	: u
A,I_DSK2_IC_S,PC_IND_IU3,DE4	: u
A,I_DSK2_IC_S,PC_IND_IU3,DE7	1.20 u
A,I_DSK2_IC_S,PC_IND_IU3,DE8	: u
A,I_DSK2_IC_S,PC_IND_IU3,DE9	: u
A,I_DSK2_IC_S,PC_IND_IU3,DEA	1.50 u
A,I_DSK2_IC_S,PC_IND_IU3,DED	0.67 u
A,I_DSK2_IC_S,PC_IND_IU3,DEE	: u
A,I_DSK2_IC_S,PC_IND_IU3,DK	0.20 u
A,I_DSK2_IC_S,PC_IND_IU3,EE	1.20 
A,I_DSK2_IC_S,PC_IND_IU3,EL	2.40 
A,I_DSK2_IC_S,PC_IND_IU3,EL3	2.69 
A,I_DSK2_IC_S,PC_IND_IU3,EL4	: u
A,I_DSK2_IC_S,PC_IND_IU3,EL5	1.33 u
A,I_DSK2_IC_S,PC_IND_IU3,EL6	3.67 u
A,I_DSK2_IC_S,PC_IND_IU3,ES	2.30 
A,I_DSK2_IC_S,PC_IND_IU3,ES1	2.72 
A,I_DSK2_IC_S,PC_IND_IU3,ES2	1.56 
A,I_DSK2_IC_S,PC_IND_IU3,ES3	1.76 u
A,I_DSK2_IC_S,PC_IND_IU3,ES4	3.94 
A,I_DSK2_IC_S,PC_IND_IU3,ES5	1.72 
A,I_DSK2_IC_S,PC_IND_IU3,ES6	2.64 
A,I_DSK2_IC_S,PC_IND_IU3,ES7	3.03 u
A,I_DSK2_IC_S,PC_IND_IU3,FI	: u
A,I_DSK2_IC_S,PC_IND_IU3,FR	0.75 
A,I_DSK2_IC_S,PC_IND_IU3,FR1	0.35 u
A,I_DSK2_IC_S,PC_IND_IU3,FRB	0.61 u
A,I_DSK2_IC_S,PC_IND_IU3,FRC	0.93 u
A,I_DSK2_IC_S,PC_IND_IU3,FRD	0.77 u
A,I_DSK2_IC_S,PC_IND_IU3,FRE	1.37 u
A,I_DSK2_IC_S,PC_IND_IU3,FRF	0.33 u
A,I_DSK2_IC_S,PC_IND_IU3,FRG	0.45 u
A,I_DSK2_IC_S,PC_IND_IU3,FRH	1.04 u
A,I_DSK2_IC_S,PC_IND_IU3,FRI	0.66 u
A,I_DSK2_IC_S,PC_IND_IU3,FRJ	0.47 u
A,I_DSK2_IC_S,PC_IND_IU3,FRK	1.33 u
A,I_DSK2_IC_S,PC_IND_IU3,FRL	0.56 u
A,I_DSK2_IC_S,PC_IND_IU3,FRM	0 u
A,I_DSK2_IC_S,PC_IND_IU3,FRY	2.26 u
A,I_DSK2_IC_S,PC_IND_IU3,HR	0.58 u
A,I_DSK2_IC_S,PC_IND_IU3,HU	2.50 
A,I_DSK2_IC_S,PC_IND_IU3,HU1	1.24 
A,I_DSK2_IC_S,PC_IND_IU3,HU2	2.76 
A,I_DSK2_IC_S,PC_IND_IU3,HU3	3.40 
A,I_DSK2_IC_S,PC_IND_IU3,IE	: u
A,I_DSK2_IC_S,PC_IND_IU3,IT	2.69 
A,I_DSK2_IC_S,PC_IND_IU3,ITC	1.91 
A,I_DSK2_IC_S,PC_IND_IU3,ITF	3.66 
A,I_DSK2_IC_S,PC_IND_IU3,ITG	4.35 
A,I_DSK2_IC_S,PC_IND_IU3,ITH	2.07 
A,I_DSK2_IC_S,PC_IND_IU3,ITI	2.47 
A,I_DSK2_IC_S,PC_IND_IU3,LT	3.33 
A,I_DSK2_IC_S,PC_IND_IU3,LU	1.23 
A,I_DSK2_IC_S,PC_IND_IU3,LV	1.90 
A,I_DSK2_IC_S,PC_IND_IU3,ME	: u
A,I_DSK2_IC_S,PC_IND_IU3,MK	7.12 
A,I_DSK2_IC_S,PC_IND_IU3,MT	2.61 
A,I_DSK2_IC_S,PC_IND_IU3,NL	0.28 u
A,I_DSK2_IC_S,PC_IND_IU3,NL1	: u
A,I_DSK2_IC_S,PC_IND_IU3,NL2	: u
A,I_DSK2_IC_S,PC_IND_IU3,NL3	: u
A,I_DSK2_IC_S,PC_IND_IU3,NL4	: u
A,I_DSK2_IC_S,PC_IND_IU3,NO	: u
A,I_DSK2_IC_S,PC_IND_IU3,PL	3.85 
A,I_DSK2_IC_S,PC_IND_IU3,PL2	3.33 
A,I_DSK2_IC_S,PC_IND_IU3,PL4	5.73 
A,I_DSK2_IC_S,PC_IND_IU3,PL5	2.21 
A,I_DSK2_IC_S,PC_IND_IU3,PL6	3.41 
A,I_DSK2_IC_S,PC_IND_IU3,PL7	3.70 
A,I_DSK2_IC_S,PC_IND_IU3,PL8	6.41 
A,I_DSK2_IC_S,PC_IND_IU3,PL9	1.67 
A,I_DSK2_IC_S,PC_IND_IU3,PT	2.96 
A,I_DSK2_IC_S,PC_IND_IU3,PT1	2.89 
A,I_DSK2_IC_S,PC_IND_IU3,PT2	4.97 
A,I_DSK2_IC_S,PC_IND_IU3,PT3	3.66 
A,I_DSK2_IC_S,PC_IND_IU3,RO	8.84 
A,I_DSK2_IC_S,PC_IND_IU3,RO1	8.32 
A,I_DSK2_IC_S,PC_IND_IU3,RO2	8.53 
A,I_DSK2_IC_S,PC_IND_IU3,RO3	9.92 
A,I_DSK2_IC_S,PC_IND_IU3,RO4	8.43 
A,I_DSK2_IC_S,PC_IND_IU3,RS	6.79 
A,I_DSK2_IC_S,PC_IND_IU3,RS1	5.73 
A,I_DSK2_IC_S,PC_IND_IU3,RS2	7.95 
A,I_DSK2_IC_S,PC_IND_IU3,SE	0.56 
A,I_DSK2_IC_S,PC_IND_IU3,SE1	0.53 u
A,I_DSK2_IC_S,PC_IND_IU3,SE2	: u
A,I_DSK2_IC_S,PC_IND_IU3,SE3	: u
A,I_DSK2_IC_S,PC_IND_IU3,SI	6.19 
A,I_DSK2_IC_S,PC_IND_IU3,SK	2.23 
A,I_DSK2_IC_S,PC_IND_IU3,TR	4.80 
A,I_DSK2_IC_S,PC_IND_IU3,TR1	3.61 
A,I_DSK2_IC_S,PC_IND_IU3,TR2	5.47 
A,I_DSK2_IC_S,PC_IND_IU3,TR3	5.96 
A,I_DSK2_IC_S,PC_IND_IU3,TR4	4.01 
A,I_DSK2_IC_S,PC_IND_IU3,TR5	3.06 
A,I_DSK2_IC_S,PC_IND_IU3,TR6	5.45 
A,I_DSK2_IC_S,PC_IND_IU3,TR7	6.12 
A,I_DSK2_IC_S,PC_IND_IU3,TR8	6.61 
A,I_DSK2_IC_S,PC_IND_IU3,TR9	5.19 
A,I_DSK2_IC_S,PC_IND_IU3,TRA	4.72 
A,I_DSK2_IC_S,PC_IND_IU3,TRB	6.39 
A,I_DSK2_IC_S,PC_IND_IU3,TRC	4.94 
A,I_DSK2_IL_AB,PC_IND,AL	63.91 
A,I_DSK2_IL_AB,PC_IND,AT	75.51 
A,I_DSK2_IL_AB,PC_IND,AT1	78.24 
A,I_DSK2_IL_AB,PC_IND,AT2	72.93 
A,I_DSK2_IL_AB,PC_IND,AT3	73.56 
A,I_DSK2_IL_AB,PC_IND,BA	65.49 
A,I_DSK2_IL_AB,PC_IND,BE	76.73 
A,I_DSK2_IL_AB,PC_IND,BE1	70.99 
A,I_DSK2_IL_AB,PC_IND,BE2	79.96 
A,I_DSK2_IL_AB,PC_IND,BE3	72.76 
A,I_DSK2_IL_AB,PC_IND,BG	56.14 
A,I_DSK2_IL_AB,PC_IND,BG3	57.74 
A,I_DSK2_IL_AB,PC_IND,BG4	54.67 
A,I_DSK2_IL_AB,PC_IND,CH	88.25 
A,I_DSK2_IL_AB,PC_IND,CY	86.57 
A,I_DSK2_IL_AB,PC_IND,CZ	86.84 
A,I_DSK2_IL_AB,PC_IND,DE	77.15 
A,I_DSK2_IL_AB,PC_IND,DE1	80.44 
A,I_DSK2_IL_AB,PC_IND,DE2	74.95 
A,I_DSK2_IL_AB,PC_IND,DE3	79.12 
A,I_DSK2_IL_AB,PC_IND,DE4	72.49 
A,I_DSK2_IL_AB,PC_IND,DE6	84.16 
A,I_DSK2_IL_AB,PC_IND,DE7	78.27 
A,I_DSK2_IL_AB,PC_IND,DE8	70.90 
A,I_DSK2_IL_AB,PC_IND,DE9	79.76 
A,I_DSK2_IL_AB,PC_IND,DEA	78.34 
A,I_DSK2_IL_AB,PC_IND,DED	72.24 
A,I_DSK2_IL_AB,PC_IND,DEE	67.74 
A,I_DSK2_IL_AB,PC_IND,DEF	77.09 
A,I_DSK2_IL_AB,PC_IND,DK	92.39 
A,I_DSK2_IL_AB,PC_IND,EE	83.02 
A,I_DSK2_IL_AB,PC_IND,EL	73.95 
A,I_DSK2_IL_AB,PC_IND,EL3	77.01 
A,I_DSK2_IL_AB,PC_IND,EL4	72.74 
A,I_DSK2_IL_AB,PC_IND,EL5	77.42 
A,I_DSK2_IL_AB,PC_IND,EL6	65.66 
A,I_DSK2_IL_AB,PC_IND,ES	79.34 
A,I_DSK2_IL_AB,PC_IND,ES1	76.91 
A,I_DSK2_IL_AB,PC_IND,ES2	78.79 
A,I_DSK2_IL_AB,PC_IND,ES3	83.20 
A,I_DSK2_IL_AB,PC_IND,ES4	76.02 
A,I_DSK2_IL_AB,PC_IND,ES5	81.88 
A,I_DSK2_IL_AB,PC_IND,ES6	76.54 
A,I_DSK2_IL_AB,PC_IND,ES7	77.31 
A,I_DSK2_IL_AB,PC_IND,FI	93.06 
A,I_DSK2_IL_AB,PC_IND,FR	71.53 
A,I_DSK2_IL_AB,PC_IND,FR1	76.38 u
A,I_DSK2_IL_AB,PC_IND,FRB	67.99 u
A,I_DSK2_IL_AB,PC_IND,FRC	69.51 u
A,I_DSK2_IL_AB,PC_IND,FRD	68.82 u
A,I_DSK2_IL_AB,PC_IND,FRE	67.55 u
A,I_DSK2_IL_AB,PC_IND,FRF	66.82 u
A,I_DSK2_IL_AB,PC_IND,FRG	73.73 u
A,I_DSK2_IL_AB,PC_IND,FRH	72.97 u
A,I_DSK2_IL_AB,PC_IND,FRI	72.12 u
A,I_DSK2_IL_AB,PC_IND,FRJ	72.04 u
A,I_DSK2_IL_AB,PC_IND,FRK	73.64 u
A,I_DSK2_IL_AB,PC_IND,FRL	71.94 u
A,I_DSK2_IL_AB,PC_IND,FRM	72.28 u
A,I_DSK2_IL_AB,PC_IND,FRY	56.71 u
A,I_DSK2_IL_AB,PC_IND,HR	78.75 
A,I_DSK2_IL_AB,PC_IND,HU	78.70 
A,I_DSK2_IL_AB,PC_IND,HU1	84.42 
A,I_DSK2_IL_AB,PC_IND,HU2	77.68 
A,I_DSK2_IL_AB,PC_IND,HU3	74.67 
A,I_DSK2_IL_AB,PC_IND,IE	93.07 
A,I_DSK2_IL_AB,PC_IND,IT	65.54 
A,I_DSK2_IL_AB,PC_IND,ITC	69.89 
A,I_DSK2_IL_AB,PC_IND,ITF	55.87 
A,I_DSK2_IL_AB,PC_IND,ITG	61.32 
A,I_DSK2_IL_AB,PC_IND,ITH	71.10 
A,I_DSK2_IL_AB,PC_IND,ITI	67.63 
A,I_DSK2_IL_AB,PC_IND,LT	73.92 
A,I_DSK2_IL_AB,PC_IND,LU	73.51 
A,I_DSK2_IL_AB,PC_IND,LV	67.01 
A,I_DSK2_IL_AB,PC_IND,ME	72.80 
A,I_DSK2_IL_AB,PC_IND,MK	55.48 
A,I_DSK2_IL_AB,PC_IND,MT	81.99 
A,I_DSK2_IL_AB,PC_IND,NL	92.32 
A,I_DSK2_IL_AB,PC_IND,NL1	92.34 
A,I_DSK2_IL_AB,PC_IND,NL2	91.74 
A,I_DSK2_IL_AB,PC_IND,NL3	93.28 
A,I_DSK2_IL_AB,PC_IND,NL4	90.68 
A,I_DSK2_IL_AB,PC_IND,NO	94.66 
A,I_DSK2_IL_AB,PC_IND,PL	70.88 
A,I_DSK2_IL_AB,PC_IND,PL2	66.79 
A,I_DSK2_IL_AB,PC_IND,PL4	71.21 
A,I_DSK2_IL_AB,PC_IND,PL5	71.39 
A,I_DSK2_IL_AB,PC_IND,PL6	65.56 
A,I_DSK2_IL_AB,PC_IND,PL7	70.89 
A,I_DSK2_IL_AB,PC_IND,PL8	72.51 
A,I_DSK2_IL_AB,PC_IND,PL9	78.83 
A,I_DSK2_IL_AB,PC_IND,PT	76.30 
A,I_DSK2_IL_AB,PC_IND,PT1	76.68 
A,I_DSK2_IL_AB,PC_IND,PT2	67.49 
A,I_DSK2_IL_AB,PC_IND,PT3	70.16 
A,I_DSK2_IL_AB,PC_IND,RO	59.17 
A,I_DSK2_IL_AB,PC_IND,RO1	53.99 
A,I_DSK2_IL_AB,PC_IND,RO2	56.66 
A,I_DSK2_IL_AB,PC_IND,RO3	68.14 
A,I_DSK2_IL_AB,PC_IND,RO4	56.99 
A,I_DSK2_IL_AB,PC_IND,RS	78.84 
A,I_DSK2_IL_AB,PC_IND,RS1	78.54 
A,I_DSK2_IL_AB,PC_IND,RS2	79.15 
A,I_DSK2_IL_AB,PC_IND,SE	88.62 
A,I_DSK2_IL_AB,PC_IND,SE1	87.78 
A,I_DSK2_IL_AB,PC_IND,SE2	89.77 
A,I_DSK2_IL_AB,PC_IND,SE3	87.80 
A,I_DSK2_IL_AB,PC_IND,SI	77.28 
A,I_DSK2_IL_AB,PC_IND,SK	72.29 
A,I_DSK2_IL_AB,PC_IND,TR	63.49 
A,I_DSK2_IL_AB,PC_IND,TR1	75.88 
A,I_DSK2_IL_AB,PC_IND,TR2	60.70 
A,I_DSK2_IL_AB,PC_IND,TR3	64.01 
A,I_DSK2_IL_AB,PC_IND,TR4	70.89 
A,I_DSK2_IL_AB,PC_IND,TR5	67.18 
A,I_DSK2_IL_AB,PC_IND,TR6	61.05 
A,I_DSK2_IL_AB,PC_IND,TR7	59.94 
A,I_DSK2_IL_AB,PC_IND,TR8	59.91 
A,I_DSK2_IL_AB,PC_IND,TR9	54.34 
A,I_DSK2_IL_AB,PC_IND,TRA	50.85 
A,I_DSK2_IL_AB,PC_IND,TRB	46.96 
A,I_DSK2_IL_AB,PC_IND,TRC	47.94 
A,I_DSK2_IL_AB,PC_IND,XK	71.80 
A,I_DSK2_IL_AB,PC_IND_IU3,AL	73.31 
A,I_DSK2_IL_AB,PC_IND_IU3,AT	79.23 
A,I_DSK2_IL_AB,PC_IND_IU3,AT1	80.90 
A,I_DSK2_IL_AB,PC_IND_IU3,AT2	77.90 
A,I_DSK2_IL_AB,PC_IND_IU3,AT3	77.84 
A,I_DSK2_IL_AB,PC_IND_IU3,BA	72.68 
A,I_DSK2_IL_AB,PC_IND_IU3,BE	79.55 
A,I_DSK2_IL_AB,PC_IND_IU3,BE1	75.11 
A,I_DSK2_IL_AB,PC_IND_IU3,BE2	82.45 
A,I_DSK2_IL_AB,PC_IND_IU3,BE3	75.65 
A,I_DSK2_IL_AB,PC_IND_IU3,BG	64.65 
A,I_DSK2_IL_AB,PC_IND_IU3,BG3	67.21 
A,I_DSK2_IL_AB,PC_IND_IU3,BG4	62.34 
A,I_DSK2_IL_AB,PC_IND_IU3,CH	89.21 
A,I_DSK2_IL_AB,PC_IND_IU3,CY	92.30 
A,I_DSK2_IL_AB,PC_IND_IU3,CZ	91.87 
A,I_DSK2_IL_AB,PC_IND_IU3,DE	81.57 
A,I_DSK2_IL_AB,PC_IND_IU3,DE1	83.85 
A,I_DSK2_IL_AB,PC_IND_IU3,DE2	79.12 
A,I_DSK2_IL_AB,PC_IND_IU3,DE3	85.03 
A,I_DSK2_IL_AB,PC_IND_IU3,DE4	80.19 
A,I_DSK2_IL_AB,PC_IND_IU3,DE6	87.26 
A,I_DSK2_IL_AB,PC_IND_IU3,DE7	81.95 
A,I_DSK2_IL_AB,PC_IND_IU3,DE8	75.76 
A,I_DSK2_IL_AB,PC_IND_IU3,DE9	83.87 
A,I_DSK2_IL_AB,PC_IND_IU3,DEA	82.73 
A,I_DSK2_IL_AB,PC_IND_IU3,DED	76.00 
A,I_DSK2_IL_AB,PC_IND_IU3,DEE	75.36 
A,I_DSK2_IL_AB,PC_IND_IU3,DEF	81.40 
A,I_DSK2_IL_AB,PC_IND_IU3,DK	92.67 
A,I_DSK2_IL_AB,PC_IND_IU3,EE	87.52 
A,I_DSK2_IL_AB,PC_IND_IU3,EL	82.95 
A,I_DSK2_IL_AB,PC_IND_IU3,EL3	81.65 
A,I_DSK2_IL_AB,PC_IND_IU3,EL4	84.47 
A,I_DSK2_IL_AB,PC_IND_IU3,EL5	86.59 
A,I_DSK2_IL_AB,PC_IND_IU3,EL6	79.88 
A,I_DSK2_IL_AB,PC_IND_IU3,ES	82.36 
A,I_DSK2_IL_AB,PC_IND_IU3,ES1	81.67 
A,I_DSK2_IL_AB,PC_IND_IU3,ES2	81.78 
A,I_DSK2_IL_AB,PC_IND_IU3,ES3	84.84 
A,I_DSK2_IL_AB,PC_IND_IU3,ES4	79.91 
A,I_DSK2_IL_AB,PC_IND_IU3,ES5	83.92 
A,I_DSK2_IL_AB,PC_IND_IU3,ES6	80.65 
A,I_DSK2_IL_AB,PC_IND_IU3,ES7	80.23 
A,I_DSK2_IL_AB,PC_IND_IU3,FI	94.88 
A,I_DSK2_IL_AB,PC_IND_IU3,FR	75.31 
A,I_DSK2_IL_AB,PC_IND_IU3,FR1	79.15 u
A,I_DSK2_IL_AB,PC_IND_IU3,FRB	71.22 u
A,I_DSK2_IL_AB,PC_IND_IU3,FRC	75.16 u
A,I_DSK2_IL_AB,PC_IND_IU3,FRD	72.44 u
A,I_DSK2_IL_AB,PC_IND_IU3,FRE	72.25 u
A,I_DSK2_IL_AB,PC_IND_IU3,FRF	71.31 u
A,I_DSK2_IL_AB,PC_IND_IU3,FRG	76.58 u
A,I_DSK2_IL_AB,PC_IND_IU3,FRH	76.56 u
A,I_DSK2_IL_AB,PC_IND_IU3,FRI	75.55 u
A,I_DSK2_IL_AB,PC_IND_IU3,FRJ	75.96 u
A,I_DSK2_IL_AB,PC_IND_IU3,FRK	77.35 u
A,I_DSK2_IL_AB,PC_IND_IU3,FRL	75.10 u
A,I_DSK2_IL_AB,PC_IND_IU3,FRM	78.19 u
A,I_DSK2_IL_AB,PC_IND_IU3,FRY	63.91 u
A,I_DSK2_IL_AB,PC_IND_IU3,HR	91.67 
A,I_DSK2_IL_AB,PC_IND_IU3,HU	84.80 
A,I_DSK2_IL_AB,PC_IND_IU3,HU1	88.68 
A,I_DSK2_IL_AB,PC_IND_IU3,HU2	83.86 
A,I_DSK2_IL_AB,PC_IND_IU3,HU3	82.13 
A,I_DSK2_IL_AB,PC_IND_IU3,IE	93.28 
A,I_DSK2_IL_AB,PC_IND_IU3,IT	72.56 
A,I_DSK2_IL_AB,PC_IND_IU3,ITC	75.23 
A,I_DSK2_IL_AB,PC_IND_IU3,ITF	65.96 
A,I_DSK2_IL_AB,PC_IND_IU3,ITG	70.74 
A,I_DSK2_IL_AB,PC_IND_IU3,ITH	76.87 
A,I_DSK2_IL_AB,PC_IND_IU3,ITI	72.59 
A,I_DSK2_IL_AB,PC_IND_IU3,LT	82.77 
A,I_DSK2_IL_AB,PC_IND_IU3,LU	74.16 
A,I_DSK2_IL_AB,PC_IND_IU3,LV	70.88 
A,I_DSK2_IL_AB,PC_IND_IU3,ME	77.26 
A,I_DSK2_IL_AB,PC_IND_IU3,MK	60.21 
A,I_DSK2_IL_AB,PC_IND_IU3,MT	85.39 
A,I_DSK2_IL_AB,PC_IND_IU3,NL	92.59 
A,I_DSK2_IL_AB,PC_IND_IU3,NL1	92.47 
A,I_DSK2_IL_AB,PC_IND_IU3,NL2	91.94 
A,I_DSK2_IL_AB,PC_IND_IU3,NL3	93.49 
A,I_DSK2_IL_AB,PC_IND_IU3,NL4	91.21 
A,I_DSK2_IL_AB,PC_IND_IU3,NO	95.79 
A,I_DSK2_IL_AB,PC_IND_IU3,PL	79.05 
A,I_DSK2_IL_AB,PC_IND_IU3,PL2	74.13 
A,I_DSK2_IL_AB,PC_IND_IU3,PL4	78.12 
A,I_DSK2_IL_AB,PC_IND_IU3,PL5	76.33 
A,I_DSK2_IL_AB,PC_IND_IU3,PL6	73.60 
A,I_DSK2_IL_AB,PC_IND_IU3,PL7	83.49 
A,I_DSK2_IL_AB,PC_IND_IU3,PL8	82.83 
A,I_DSK2_IL_AB,PC_IND_IU3,PL9	86.46 
A,I_DSK2_IL_AB,PC_IND_IU3,PT	85.29 
A,I_DSK2_IL_AB,PC_IND_IU3,PT1	85.68 
A,I_DSK2_IL_AB,PC_IND_IU3,PT2	75.67 
A,I_DSK2_IL_AB,PC_IND_IU3,PT3	79.43 
A,I_DSK2_IL_AB,PC_IND_IU3,RO	63.52 
A,I_DSK2_IL_AB,PC_IND_IU3,RO1	57.37 
A,I_DSK2_IL_AB,PC_IND_IU3,RO2	61.46 
A,I_DSK2_IL_AB,PC_IND_IU3,RO3	72.98 
A,I_DSK2_IL_AB,PC_IND_IU3,RO4	61.26 
A,I_DSK2_IL_AB,PC_IND_IU3,RS	87.55 
A,I_DSK2_IL_AB,PC_IND_IU3,RS1	85.61 
A,I_DSK2_IL_AB,PC_IND_IU3,RS2	89.71 
A,I_DSK2_IL_AB,PC_IND_IU3,SE	90.20 
A,I_DSK2_IL_AB,PC_IND_IU3,SE1	89.58 
A,I_DSK2_IL_AB,PC_IND_IU3,SE2	91.13 
A,I_DSK2_IL_AB,PC_IND_IU3,SE3	89.37 
A,I_DSK2_IL_AB,PC_IND_IU3,SI	84.39 
A,I_DSK2_IL_AB,PC_IND_IU3,SK	78.16 
A,I_DSK2_IL_AB,PC_IND_IU3,TR	70.72 
A,I_DSK2_IL_AB,PC_IND_IU3,TR1	78.91 
A,I_DSK2_IL_AB,PC_IND_IU3,TR2	69.27 
A,I_DSK2_IL_AB,PC_IND_IU3,TR3	72.18 
A,I_DSK2_IL_AB,PC_IND_IU3,TR4	76.49 
A,I_DSK2_IL_AB,PC_IND_IU3,TR5	74.37 
A,I_DSK2_IL_AB,PC_IND_IU3,TR6	68.41 
A,I_DSK2_IL_AB,PC_IND_IU3,TR7	67.70 
A,I_DSK2_IL_AB,PC_IND_IU3,TR8	68.94 
A,I_DSK2_IL_AB,PC_IND_IU3,TR9	64.06 
A,I_DSK2_IL_AB,PC_IND_IU3,TRA	60.39 
A,I_DSK2_IL_AB,PC_IND_IU3,TRB	59.72 
A,I_DSK2_IL_AB,PC_IND_IU3,TRC	55.33 
A,I_DSK2_IL_AB,PC_IND_IU3,XK	72.92 
A,I_DSK2_IL_B,PC_IND,AL	13.46 
A,I_DSK2_IL_B,PC_IND,AT	11.78 
A,I_DSK2_IL_B,PC_IND,AT1	11.05 
A,I_DSK2_IL_B,PC_IND,AT2	12.85 
A,I_DSK2_IL_B,PC_IND,AT3	12.10 
A,I_DSK2_IL_B,PC_IND,BA	16.15 
A,I_DSK2_IL_B,PC_IND,BE	12.47 
A,I_DSK2_IL_B,PC_IND,BE1	12.09 
A,I_DSK2_IL_B,PC_IND,BE2	11.49 
A,I_DSK2_IL_B,PC_IND,BE3	14.40 
A,I_DSK2_IL_B,PC_IND,BG	17.49 
A,I_DSK2_IL_B,PC_IND,BG3	16.52 
A,I_DSK2_IL_B,PC_IND,BG4	18.39 
A,I_DSK2_IL_B,PC_IND,CH	6.79 
A,I_DSK2_IL_B,PC_IND,CY	5.23 
A,I_DSK2_IL_B,PC_IND,CZ	5.94 
A,I_DSK2_IL_B,PC_IND,DE	10.71 
A,I_DSK2_IL_B,PC_IND,DE1	10.11 
A,I_DSK2_IL_B,PC_IND,DE2	12.02 
A,I_DSK2_IL_B,PC_IND,DE3	9.77 
A,I_DSK2_IL_B,PC_IND,DE4	8.73 
A,I_DSK2_IL_B,PC_IND,DE6	7.51 
A,I_DSK2_IL_B,PC_IND,DE7	9.65 
A,I_DSK2_IL_B,PC_IND,DE8	14.36 u
A,I_DSK2_IL_B,PC_IND,DE9	11.15 
A,I_DSK2_IL_B,PC_IND,DEA	10.01 
A,I_DSK2_IL_B,PC_IND,DED	11.81 
A,I_DSK2_IL_B,PC_IND,DEE	13.21 
A,I_DSK2_IL_B,PC_IND,DEF	10.47 
A,I_DSK2_IL_B,PC_IND,DK	4.63 
A,I_DSK2_IL_B,PC_IND,EE	8.27 
A,I_DSK2_IL_B,PC_IND,EL	12.30 
A,I_DSK2_IL_B,PC_IND,EL3	15.17 
A,I_DSK2_IL_B,PC_IND,EL4	11.67 
A,I_DSK2_IL_B,PC_IND,EL5	7.84 
A,I_DSK2_IL_B,PC_IND,EL6	13.37 
A,I_DSK2_IL_B,PC_IND,ES	10.49 
A,I_DSK2_IL_B,PC_IND,ES1	10.39 
A,I_DSK2_IL_B,PC_IND,ES2	12.00 
A,I_DSK2_IL_B,PC_IND,ES3	8.92 
A,I_DSK2_IL_B,PC_IND,ES4	11.68 
A,I_DSK2_IL_B,PC_IND,ES5	10.12 
A,I_DSK2_IL_B,PC_IND,ES6	10.35 
A,I_DSK2_IL_B,PC_IND,ES7	12.72 
A,I_DSK2_IL_B,PC_IND,FI	3.91 
A,I_DSK2_IL_B,PC_IND,FR	13.73 
A,I_DSK2_IL_B,PC_IND,FR1	11.74 u
A,I_DSK2_IL_B,PC_IND,FRB	20.38 u
A,I_DSK2_IL_B,PC_IND,FRC	13.73 u
A,I_DSK2_IL_B,PC_IND,FRD	15.75 u
A,I_DSK2_IL_B,PC_IND,FRE	15.07 u
A,I_DSK2_IL_B,PC_IND,FRF	14.07 u
A,I_DSK2_IL_B,PC_IND,FRG	13.17 u
A,I_DSK2_IL_B,PC_IND,FRH	13.22 u
A,I_DSK2_IL_B,PC_IND,FRI	13.97 u
A,I_DSK2_IL_B,PC_IND,FRJ	12.14 u
A,I_DSK2_IL_B,PC_IND,FRK	13.62 u
A,I_DSK2_IL_B,PC_IND,FRL	14.16 u
A,I_DSK2_IL_B,PC_IND,FRM	13.69 u
A,I_DSK2_IL_B,PC_IND,FRY	14.98 u
A,I_DSK2_IL_B,PC_IND,HR	4.90 
A,I_DSK2_IL_B,PC_IND,HU	8.07 
A,I_DSK2_IL_B,PC_IND,HU1	5.78 
A,I_DSK2_IL_B,PC_IND,HU2	9.19 
A,I_DSK2_IL_B,PC_IND,HU3	9.10 
A,I_DSK2_IL_B,PC_IND,IE	3.55 
A,I_DSK2_IL_B,PC_IND,IT	13.51 
A,I_DSK2_IL_B,PC_IND,ITC	13.62 
A,I_DSK2_IL_B,PC_IND,ITF	14.12 
A,I_DSK2_IL_B,PC_IND,ITG	13.25 
A,I_DSK2_IL_B,PC_IND,ITH	12.70 
A,I_DSK2_IL_B,PC_IND,ITI	13.63 
A,I_DSK2_IL_B,PC_IND,LT	12.08 
A,I_DSK2_IL_B,PC_IND,LU	17.14 
A,I_DSK2_IL_B,PC_IND,LV	16.57 
A,I_DSK2_IL_B,PC_IND,ME	14.54 
A,I_DSK2_IL_B,PC_IND,MK	17.34 
A,I_DSK2_IL_B,PC_IND,MT	8.64 
A,I_DSK2_IL_B,PC_IND,NL	5.16 
A,I_DSK2_IL_B,PC_IND,NL1	5.53 
A,I_DSK2_IL_B,PC_IND,NL2	6.06 
A,I_DSK2_IL_B,PC_IND,NL3	4.32 
A,I_DSK2_IL_B,PC_IND,NL4	6.05 
A,I_DSK2_IL_B,PC_IND,NO	2.63 
A,I_DSK2_IL_B,PC_IND,PL	13.27 
A,I_DSK2_IL_B,PC_IND,PL2	17.46 
A,I_DSK2_IL_B,PC_IND,PL4	14.29 
A,I_DSK2_IL_B,PC_IND,PL5	13.68 
A,I_DSK2_IL_B,PC_IND,PL6	14.45 
A,I_DSK2_IL_B,PC_IND,PL7	10.65 
A,I_DSK2_IL_B,PC_IND,PL8	12.01 
A,I_DSK2_IL_B,PC_IND,PL9	8.39 
A,I_DSK2_IL_B,PC_IND,PT	7.85 
A,I_DSK2_IL_B,PC_IND,PT1	7.63 
A,I_DSK2_IL_B,PC_IND,PT2	13.90 
A,I_DSK2_IL_B,PC_IND,PT3	10.64 
A,I_DSK2_IL_B,PC_IND,RO	20.26 
A,I_DSK2_IL_B,PC_IND,RO1	22.48 
A,I_DSK2_IL_B,PC_IND,RO2	19.50 
A,I_DSK2_IL_B,PC_IND,RO3	17.52 
A,I_DSK2_IL_B,PC_IND,RO4	22.43 
A,I_DSK2_IL_B,PC_IND,RS	8.26 
A,I_DSK2_IL_B,PC_IND,RS1	10.51 
A,I_DSK2_IL_B,PC_IND,RS2	5.85 
A,I_DSK2_IL_B,PC_IND,SE	6.48 
A,I_DSK2_IL_B,PC_IND,SE1	6.46 
A,I_DSK2_IL_B,PC_IND,SE2	6.17 
A,I_DSK2_IL_B,PC_IND,SE3	7.32 
A,I_DSK2_IL_B,PC_IND,SI	11.14 
A,I_DSK2_IL_B,PC_IND,SK	12.49 
A,I_DSK2_IL_B,PC_IND,TR	12.99 
A,I_DSK2_IL_B,PC_IND,TR1	10.33 
A,I_DSK2_IL_B,PC_IND,TR2	13.17 
A,I_DSK2_IL_B,PC_IND,TR3	13.28 
A,I_DSK2_IL_B,PC_IND,TR4	10.89 
A,I_DSK2_IL_B,PC_IND,TR5	12.17 
A,I_DSK2_IL_B,PC_IND,TR6	13.82 
A,I_DSK2_IL_B,PC_IND,TR7	13.53 
A,I_DSK2_IL_B,PC_IND,TR8	12.89 
A,I_DSK2_IL_B,PC_IND,TR9	13.09 
A,I_DSK2_IL_B,PC_IND,TRA	13.38 
A,I_DSK2_IL_B,PC_IND,TRB	15.71 
A,I_DSK2_IL_B,PC_IND,TRC	18.29 
A,I_DSK2_IL_B,PC_IND,XK	13.91 
A,I_DSK2_IL_B,PC_IND_IU3,AL	15.43 
A,I_DSK2_IL_B,PC_IND_IU3,AT	12.37 
A,I_DSK2_IL_B,PC_IND_IU3,AT1	11.43 
A,I_DSK2_IL_B,PC_IND_IU3,AT2	13.72 
A,I_DSK2_IL_B,PC_IND_IU3,AT3	12.80 
A,I_DSK2_IL_B,PC_IND_IU3,BA	17.92 
A,I_DSK2_IL_B,PC_IND_IU3,BE	12.93 
A,I_DSK2_IL_B,PC_IND_IU3,BE1	12.79 
A,I_DSK2_IL_B,PC_IND_IU3,BE2	11.85 
A,I_DSK2_IL_B,PC_IND_IU3,BE3	14.97 
A,I_DSK2_IL_B,PC_IND_IU3,BG	20.14 
A,I_DSK2_IL_B,PC_IND_IU3,BG3	19.23 
A,I_DSK2_IL_B,PC_IND_IU3,BG4	20.96 
A,I_DSK2_IL_B,PC_IND_IU3,CH	6.86 
A,I_DSK2_IL_B,PC_IND_IU3,CY	5.57 
A,I_DSK2_IL_B,PC_IND_IU3,CZ	6.28 
A,I_DSK2_IL_B,PC_IND_IU3,DE	11.33 
A,I_DSK2_IL_B,PC_IND_IU3,DE1	10.53 
A,I_DSK2_IL_B,PC_IND_IU3,DE2	12.69 
A,I_DSK2_IL_B,PC_IND_IU3,DE3	10.50 
A,I_DSK2_IL_B,PC_IND_IU3,DE4	9.66 
A,I_DSK2_IL_B,PC_IND_IU3,DE6	7.79 
A,I_DSK2_IL_B,PC_IND_IU3,DE7	10.11 
A,I_DSK2_IL_B,PC_IND_IU3,DE8	15.35 u
A,I_DSK2_IL_B,PC_IND_IU3,DE9	11.72 
A,I_DSK2_IL_B,PC_IND_IU3,DEA	10.57 
A,I_DSK2_IL_B,PC_IND_IU3,DED	12.42 
A,I_DSK2_IL_B,PC_IND_IU3,DEE	14.69 
A,I_DSK2_IL_B,PC_IND_IU3,DEF	11.05 
A,I_DSK2_IL_B,PC_IND_IU3,DK	4.65 
A,I_DSK2_IL_B,PC_IND_IU3,EE	8.72 
A,I_DSK2_IL_B,PC_IND_IU3,EL	13.80 
A,I_DSK2_IL_B,PC_IND_IU3,EL3	16.08 
A,I_DSK2_IL_B,PC_IND_IU3,EL4	13.55 
A,I_DSK2_IL_B,PC_IND_IU3,EL5	8.77 
A,I_DSK2_IL_B,PC_IND_IU3,EL6	16.27 
A,I_DSK2_IL_B,PC_IND_IU3,ES	10.89 
A,I_DSK2_IL_B,PC_IND_IU3,ES1	11.03 
A,I_DSK2_IL_B,PC_IND_IU3,ES2	12.46 
A,I_DSK2_IL_B,PC_IND_IU3,ES3	9.09 
A,I_DSK2_IL_B,PC_IND_IU3,ES4	12.28 
A,I_DSK2_IL_B,PC_IND_IU3,ES5	10.38 
A,I_DSK2_IL_B,PC_IND_IU3,ES6	10.91 
A,I_DSK2_IL_B,PC_IND_IU3,ES7	13.20 
A,I_DSK2_IL_B,PC_IND_IU3,FI	3.99 
A,I_DSK2_IL_B,PC_IND_IU3,FR	14.45 
A,I_DSK2_IL_B,PC_IND_IU3,FR1	12.16 u
A,I_DSK2_IL_B,PC_IND_IU3,FRB	21.35 u
A,I_DSK2_IL_B,PC_IND_IU3,FRC	14.85 u
A,I_DSK2_IL_B,PC_IND_IU3,FRD	16.58 u
A,I_DSK2_IL_B,PC_IND_IU3,FRE	16.12 u
A,I_DSK2_IL_B,PC_IND_IU3,FRF	15.01 u
A,I_DSK2_IL_B,PC_IND_IU3,FRG	13.68 u
A,I_DSK2_IL_B,PC_IND_IU3,FRH	13.87 u
A,I_DSK2_IL_B,PC_IND_IU3,FRI	14.64 u
A,I_DSK2_IL_B,PC_IND_IU3,FRJ	12.80 u
A,I_DSK2_IL_B,PC_IND_IU3,FRK	14.31 u
A,I_DSK2_IL_B,PC_IND_IU3,FRL	14.78 u
A,I_DSK2_IL_B,PC_IND_IU3,FRM	14.81 u
A,I_DSK2_IL_B,PC_IND_IU3,FRY	16.89 u
A,I_DSK2_IL_B,PC_IND_IU3,HR	5.70 
A,I_DSK2_IL_B,PC_IND_IU3,HU	8.69 
A,I_DSK2_IL_B,PC_IND_IU3,HU1	6.07 
A,I_DSK2_IL_B,PC_IND_IU3,HU2	9.93 
A,I_DSK2_IL_B,PC_IND_IU3,HU3	10.01 
A,I_DSK2_IL_B,PC_IND_IU3,IE	3.56 
A,I_DSK2_IL_B,PC_IND_IU3,IT	14.96 
A,I_DSK2_IL_B,PC_IND_IU3,ITC	14.66 
A,I_DSK2_IL_B,PC_IND_IU3,ITF	16.67 
A,I_DSK2_IL_B,PC_IND_IU3,ITG	15.29 
A,I_DSK2_IL_B,PC_IND_IU3,ITH	13.73 
A,I_DSK2_IL_B,PC_IND_IU3,ITI	14.63 
A,I_DSK2_IL_B,PC_IND_IU3,LT	13.52 
A,I_DSK2_IL_B,PC_IND_IU3,LU	17.29 
A,I_DSK2_IL_B,PC_IND_IU3,LV	17.53 
A,I_DSK2_IL_B,PC_IND_IU3,ME	15.43 
A,I_DSK2_IL_B,PC_IND_IU3,MK	18.82 
A,I_DSK2_IL_B,PC_IND_IU3,MT	9.00 
A,I_DSK2_IL_B,PC_IND_IU3,NL	5.18 
A,I_DSK2_IL_B,PC_IND_IU3,NL1	5.53 
A,I_DSK2_IL_B,PC_IND_IU3,NL2	6.07 
A,I_DSK2_IL_B,PC_IND_IU3,NL3	4.33 
A,I_DSK2_IL_B,PC_IND_IU3,NL4	6.08 
A,I_DSK2_IL_B,PC_IND_IU3,NO	2.67 
A,I_DSK2_IL_B,PC_IND_IU3,PL	14.81 
A,I_DSK2_IL_B,PC_IND_IU3,PL2	19.38 
A,I_DSK2_IL_B,PC_IND_IU3,PL4	15.68 
A,I_DSK2_IL_B,PC_IND_IU3,PL5	14.63 
A,I_DSK2_IL_B,PC_IND_IU3,PL6	16.22 
A,I_DSK2_IL_B,PC_IND_IU3,PL7	12.54 
A,I_DSK2_IL_B,PC_IND_IU3,PL8	13.71 
A,I_DSK2_IL_B,PC_IND_IU3,PL9	9.20 
A,I_DSK2_IL_B,PC_IND_IU3,PT	8.78 
A,I_DSK2_IL_B,PC_IND_IU3,PT1	8.53 
A,I_DSK2_IL_B,PC_IND_IU3,PT2	15.58 
A,I_DSK2_IL_B,PC_IND_IU3,PT3	12.05 
A,I_DSK2_IL_B,PC_IND_IU3,RO	21.75 
A,I_DSK2_IL_B,PC_IND_IU3,RO1	23.89 
A,I_DSK2_IL_B,PC_IND_IU3,RO2	21.15 
A,I_DSK2_IL_B,PC_IND_IU3,RO3	18.76 
A,I_DSK2_IL_B,PC_IND_IU3,RO4	24.11 
A,I_DSK2_IL_B,PC_IND_IU3,RS	9.17 
A,I_DSK2_IL_B,PC_IND_IU3,RS1	11.46 
A,I_DSK2_IL_B,PC_IND_IU3,RS2	6.63 
A,I_DSK2_IL_B,PC_IND_IU3,SE	6.60 
A,I_DSK2_IL_B,PC_IND_IU3,SE1	6.59 
A,I_DSK2_IL_B,PC_IND_IU3,SE2	6.26 
A,I_DSK2_IL_B,PC_IND_IU3,SE3	7.45 
A,I_DSK2_IL_B,PC_IND_IU3,SI	12.17 
A,I_DSK2_IL_B,PC_IND_IU3,SK	13.50 
A,I_DSK2_IL_B,PC_IND_IU3,TR	14.47 
A,I_DSK2_IL_B,PC_IND_IU3,TR1	10.74 
A,I_DSK2_IL_B,PC_IND_IU3,TR2	15.03 
A,I_DSK2_IL_B,PC_IND_IU3,TR3	14.97 
A,I_DSK2_IL_B,PC_IND_IU3,TR4	11.75 
A,I_DSK2_IL_B,PC_IND_IU3,TR5	13.47 
A,I_DSK2_IL_B,PC_IND_IU3,TR6	15.49 
A,I_DSK2_IL_B,PC_IND_IU3,TR7	15.29 
A,I_DSK2_IL_B,PC_IND_IU3,TR8	14.83 
A,I_DSK2_IL_B,PC_IND_IU3,TR9	15.43 
A,I_DSK2_IL_B,PC_IND_IU3,TRA	15.89 
A,I_DSK2_IL_B,PC_IND_IU3,TRB	19.98 
A,I_DSK2_IL_B,PC_IND_IU3,TRC	21.11 
A,I_DSK2_IL_B,PC_IND_IU3,XK	14.12 
A,I_DSK2_IL_BAB,PC_IND,AL	77.37 
A,I_DSK2_IL_BAB,PC_IND,AT	87.29 
A,I_DSK2_IL_BAB,PC_IND,AT1	89.29 
A,I_DSK2_IL_BAB,PC_IND,AT2	85.78 
A,I_DSK2_IL_BAB,PC_IND,AT3	85.65 
A,I_DSK2_IL_BAB,PC_IND,BA	81.63 
A,I_DSK2_IL_BAB,PC_IND,BE	89.20 
A,I_DSK2_IL_BAB,PC_IND,BE1	83.09 
A,I_DSK2_IL_BAB,PC_IND,BE2	91.45 
A,I_DSK2_IL_BAB,PC_IND,BE3	87.16 
A,I_DSK2_IL_BAB,PC_IND,BG	73.64 
A,I_DSK2_IL_BAB,PC_IND,BG3	74.27 
A,I_DSK2_IL_BAB,PC_IND,BG4	73.06 
A,I_DSK2_IL_BAB,PC_IND,CH	95.04 
A,I_DSK2_IL_BAB,PC_IND,CY	91.80 
A,I_DSK2_IL_BAB,PC_IND,CZ	92.77 
A,I_DSK2_IL_BAB,PC_IND,DE	87.86 
A,I_DSK2_IL_BAB,PC_IND,DE1	90.55 
A,I_DSK2_IL_BAB,PC_IND,DE2	86.96 
A,I_DSK2_IL_BAB,PC_IND,DE3	88.89 
A,I_DSK2_IL_BAB,PC_IND,DE4	81.22 
A,I_DSK2_IL_BAB,PC_IND,DE6	91.68 
A,I_DSK2_IL_BAB,PC_IND,DE7	87.93 
A,I_DSK2_IL_BAB,PC_IND,DE8	85.27 
A,I_DSK2_IL_BAB,PC_IND,DE9	90.91 
A,I_DSK2_IL_BAB,PC_IND,DEA	88.35 
A,I_DSK2_IL_BAB,PC_IND,DED	84.04 
A,I_DSK2_IL_BAB,PC_IND,DEE	80.95 
A,I_DSK2_IL_BAB,PC_IND,DEF	87.56 
A,I_DSK2_IL_BAB,PC_IND,DK	97.03 
A,I_DSK2_IL_BAB,PC_IND,EE	91.29 
A,I_DSK2_IL_BAB,PC_IND,EL	86.25 
A,I_DSK2_IL_BAB,PC_IND,EL3	92.18 
A,I_DSK2_IL_BAB,PC_IND,EL4	84.42 
A,I_DSK2_IL_BAB,PC_IND,EL5	85.26 
A,I_DSK2_IL_BAB,PC_IND,EL6	79.04 
A,I_DSK2_IL_BAB,PC_IND,ES	89.84 
A,I_DSK2_IL_BAB,PC_IND,ES1	87.30 
A,I_DSK2_IL_BAB,PC_IND,ES2	90.79 
A,I_DSK2_IL_BAB,PC_IND,ES3	92.12 
A,I_DSK2_IL_BAB,PC_IND,ES4	87.70 
A,I_DSK2_IL_BAB,PC_IND,ES5	92.00 
A,I_DSK2_IL_BAB,PC_IND,ES6	86.89 
A,I_DSK2_IL_BAB,PC_IND,ES7	90.04 
A,I_DSK2_IL_BAB,PC_IND,FI	96.97 
A,I_DSK2_IL_BAB,PC_IND,FR	85.26 
A,I_DSK2_IL_BAB,PC_IND,FR1	88.12 u
A,I_DSK2_IL_BAB,PC_IND,FRB	88.37 u
A,I_DSK2_IL_BAB,PC_IND,FRC	83.25 u
A,I_DSK2_IL_BAB,PC_IND,FRD	84.58 u
A,I_DSK2_IL_BAB,PC_IND,FRE	82.63 u
A,I_DSK2_IL_BAB,PC_IND,FRF	80.89 u
A,I_DSK2_IL_BAB,PC_IND,FRG	86.90 u
A,I_DSK2_IL_BAB,PC_IND,FRH	86.19 u
A,I_DSK2_IL_BAB,PC_IND,FRI	86.10 u
A,I_DSK2_IL_BAB,PC_IND,FRJ	84.18 u
A,I_DSK2_IL_BAB,PC_IND,FRK	87.26 u
A,I_DSK2_IL_BAB,PC_IND,FRL	86.10 u
A,I_DSK2_IL_BAB,PC_IND,FRM	85.97 u
A,I_DSK2_IL_BAB,PC_IND,FRY	71.69 u
A,I_DSK2_IL_BAB,PC_IND,HR	83.64 
A,I_DSK2_IL_BAB,PC_IND,HU	86.77 
A,I_DSK2_IL_BAB,PC_IND,HU1	90.21 
A,I_DSK2_IL_BAB,PC_IND,HU2	86.88 
A,I_DSK2_IL_BAB,PC_IND,HU3	83.77 
A,I_DSK2_IL_BAB,PC_IND,IE	96.62 
A,I_DSK2_IL_BAB,PC_IND,IT	79.06 
A,I_DSK2_IL_BAB,PC_IND,ITC	83.51 
A,I_DSK2_IL_BAB,PC_IND,ITF	69.99 
A,I_DSK2_IL_BAB,PC_IND,ITG	74.57 
A,I_DSK2_IL_BAB,PC_IND,ITH	83.80 
A,I_DSK2_IL_BAB,PC_IND,ITI	81.26 
A,I_DSK2_IL_BAB,PC_IND,LT	85.99 
A,I_DSK2_IL_BAB,PC_IND,LU	90.65 
A,I_DSK2_IL_BAB,PC_IND,LV	83.57 
A,I_DSK2_IL_BAB,PC_IND,ME	87.34 
A,I_DSK2_IL_BAB,PC_IND,MK	72.82 
A,I_DSK2_IL_BAB,PC_IND,MT	90.63 
A,I_DSK2_IL_BAB,PC_IND,NL	97.48 
A,I_DSK2_IL_BAB,PC_IND,NL1	97.87 
A,I_DSK2_IL_BAB,PC_IND,NL2	97.79 
A,I_DSK2_IL_BAB,PC_IND,NL3	97.60 
A,I_DSK2_IL_BAB,PC_IND,NL4	96.72 
A,I_DSK2_IL_BAB,PC_IND,NO	97.29 
A,I_DSK2_IL_BAB,PC_IND,PL	84.15 
A,I_DSK2_IL_BAB,PC_IND,PL2	84.26 
A,I_DSK2_IL_BAB,PC_IND,PL4	85.51 
A,I_DSK2_IL_BAB,PC_IND,PL5	85.08 
A,I_DSK2_IL_BAB,PC_IND,PL6	80.01 
A,I_DSK2_IL_BAB,PC_IND,PL7	81.54 
A,I_DSK2_IL_BAB,PC_IND,PL8	84.52 
A,I_DSK2_IL_BAB,PC_IND,PL9	87.22 
A,I_DSK2_IL_BAB,PC_IND,PT	84.15 
A,I_DSK2_IL_BAB,PC_IND,PT1	84.30 
A,I_DSK2_IL_BAB,PC_IND,PT2	81.38 
A,I_DSK2_IL_BAB,PC_IND,PT3	80.80 
A,I_DSK2_IL_BAB,PC_IND,RO	79.43 
A,I_DSK2_IL_BAB,PC_IND,RO1	76.47 
A,I_DSK2_IL_BAB,PC_IND,RO2	76.16 
A,I_DSK2_IL_BAB,PC_IND,RO3	85.65 
A,I_DSK2_IL_BAB,PC_IND,RO4	79.43 
A,I_DSK2_IL_BAB,PC_IND,RS	87.09 
A,I_DSK2_IL_BAB,PC_IND,RS1	89.05 
A,I_DSK2_IL_BAB,PC_IND,RS2	85.00 
A,I_DSK2_IL_BAB,PC_IND,SE	95.11 
A,I_DSK2_IL_BAB,PC_IND,SE1	94.25 
A,I_DSK2_IL_BAB,PC_IND,SE2	95.94 
A,I_DSK2_IL_BAB,PC_IND,SE3	95.12 
A,I_DSK2_IL_BAB,PC_IND,SI	88.42 
A,I_DSK2_IL_BAB,PC_IND,SK	84.78 
A,I_DSK2_IL_BAB,PC_IND,TR	76.48 
A,I_DSK2_IL_BAB,PC_IND,TR1	86.21 
A,I_DSK2_IL_BAB,PC_IND,TR2	73.87 
A,I_DSK2_IL_BAB,PC_IND,TR3	77.28 
A,I_DSK2_IL_BAB,PC_IND,TR4	81.78 
A,I_DSK2_IL_BAB,PC_IND,TR5	79.34 
A,I_DSK2_IL_BAB,PC_IND,TR6	74.88 
A,I_DSK2_IL_BAB,PC_IND,TR7	73.47 
A,I_DSK2_IL_BAB,PC_IND,TR8	72.80 
A,I_DSK2_IL_BAB,PC_IND,TR9	67.43 
A,I_DSK2_IL_BAB,PC_IND,TRA	64.23 
A,I_DSK2_IL_BAB,PC_IND,TRB	62.66 
A,I_DSK2_IL_BAB,PC_IND,TRC	66.22 
A,I_DSK2_IL_BAB,PC_IND,XK	85.71 
A,I_DSK2_IL_BAB,PC_IND_IU3,AL	88.75 
A,I_DSK2_IL_BAB,PC_IND_IU3,AT	91.59 
A,I_DSK2_IL_BAB,PC_IND_IU3,AT1	92.33 
A,I_DSK2_IL_BAB,PC_IND_IU3,AT2	91.63 
A,I_DSK2_IL_BAB,PC_IND_IU3,AT3	90.64 
A,I_DSK2_IL_BAB,PC_IND_IU3,BA	90.59 
A,I_DSK2_IL_BAB,PC_IND_IU3,BE	92.48 
A,I_DSK2_IL_BAB,PC_IND_IU3,BE1	87.90 
A,I_DSK2_IL_BAB,PC_IND_IU3,BE2	94.31 
A,I_DSK2_IL_BAB,PC_IND_IU3,BE3	90.62 
A,I_DSK2_IL_BAB,PC_IND_IU3,BG	84.79 
A,I_DSK2_IL_BAB,PC_IND_IU3,BG3	86.44 
A,I_DSK2_IL_BAB,PC_IND_IU3,BG4	83.31 
A,I_DSK2_IL_BAB,PC_IND_IU3,CH	96.08 
A,I_DSK2_IL_BAB,PC_IND_IU3,CY	97.88 
A,I_DSK2_IL_BAB,PC_IND_IU3,CZ	98.15 
A,I_DSK2_IL_BAB,PC_IND_IU3,DE	92.89 
A,I_DSK2_IL_BAB,PC_IND_IU3,DE1	94.38 
A,I_DSK2_IL_BAB,PC_IND_IU3,DE2	91.81 
A,I_DSK2_IL_BAB,PC_IND_IU3,DE3	95.53 
A,I_DSK2_IL_BAB,PC_IND_IU3,DE4	89.85 
A,I_DSK2_IL_BAB,PC_IND_IU3,DE6	95.05 
A,I_DSK2_IL_BAB,PC_IND_IU3,DE7	92.05 
A,I_DSK2_IL_BAB,PC_IND_IU3,DE8	91.11 
A,I_DSK2_IL_BAB,PC_IND_IU3,DE9	95.59 
A,I_DSK2_IL_BAB,PC_IND_IU3,DEA	93.30 
A,I_DSK2_IL_BAB,PC_IND_IU3,DED	88.42 
A,I_DSK2_IL_BAB,PC_IND_IU3,DEE	90.05 
A,I_DSK2_IL_BAB,PC_IND_IU3,DEF	92.45 
A,I_DSK2_IL_BAB,PC_IND_IU3,DK	97.31 
A,I_DSK2_IL_BAB,PC_IND_IU3,EE	96.24 
A,I_DSK2_IL_BAB,PC_IND_IU3,EL	96.74 
A,I_DSK2_IL_BAB,PC_IND_IU3,EL3	97.73 
A,I_DSK2_IL_BAB,PC_IND_IU3,EL4	98.02 
A,I_DSK2_IL_BAB,PC_IND_IU3,EL5	95.36 
A,I_DSK2_IL_BAB,PC_IND_IU3,EL6	96.15 
A,I_DSK2_IL_BAB,PC_IND_IU3,ES	93.25 
A,I_DSK2_IL_BAB,PC_IND_IU3,ES1	92.70 
A,I_DSK2_IL_BAB,PC_IND_IU3,ES2	94.24 
A,I_DSK2_IL_BAB,PC_IND_IU3,ES3	93.93 
A,I_DSK2_IL_BAB,PC_IND_IU3,ES4	92.18 
A,I_DSK2_IL_BAB,PC_IND_IU3,ES5	94.30 
A,I_DSK2_IL_BAB,PC_IND_IU3,ES6	91.56 
A,I_DSK2_IL_BAB,PC_IND_IU3,ES7	93.43 
A,I_DSK2_IL_BAB,PC_IND_IU3,FI	98.87 
A,I_DSK2_IL_BAB,PC_IND_IU3,FR	89.77 
A,I_DSK2_IL_BAB,PC_IND_IU3,FR1	91.31 u
A,I_DSK2_IL_BAB,PC_IND_IU3,FRB	92.57 u
A,I_DSK2_IL_BAB,PC_IND_IU3,FRC	90.01 u
A,I_DSK2_IL_BAB,PC_IND_IU3,FRD	89.02 u
A,I_DSK2_IL_BAB,PC_IND_IU3,FRE	88.37 u
A,I_DSK2_IL_BAB,PC_IND_IU3,FRF	86.32 u
A,I_DSK2_IL_BAB,PC_IND_IU3,FRG	90.26 u
A,I_DSK2_IL_BAB,PC_IND_IU3,FRH	90.43 u
A,I_DSK2_IL_BAB,PC_IND_IU3,FRI	90.19 u
A,I_DSK2_IL_BAB,PC_IND_IU3,FRJ	88.76 u
A,I_DSK2_IL_BAB,PC_IND_IU3,FRK	91.66 u
A,I_DSK2_IL_BAB,PC_IND_IU3,FRL	89.88 u
A,I_DSK2_IL_BAB,PC_IND_IU3,FRM	93.00 u
A,I_DSK2_IL_BAB,PC_IND_IU3,FRY	80.80 u
A,I_DSK2_IL_BAB,PC_IND_IU3,HR	97.37 
A,I_DSK2_IL_BAB,PC_IND_IU3,HU	93.49 
A,I_DSK2_IL_BAB,PC_IND_IU3,HU1	94.75 
A,I_DSK2_IL_BAB,PC_IND_IU3,HU2	93.79 
A,I_DSK2_IL_BAB,PC_IND_IU3,HU3	92.14 
A,I_DSK2_IL_BAB,PC_IND_IU3,IE	96.84 
A,I_DSK2_IL_BAB,PC_IND_IU3,IT	87.53 
A,I_DSK2_IL_BAB,PC_IND_IU3,ITC	89.89 
A,I_DSK2_IL_BAB,PC_IND_IU3,ITF	82.63 
A,I_DSK2_IL_BAB,PC_IND_IU3,ITG	86.02 
A,I_DSK2_IL_BAB,PC_IND_IU3,ITH	90.59 
A,I_DSK2_IL_BAB,PC_IND_IU3,ITI	87.22 
A,I_DSK2_IL_BAB,PC_IND_IU3,LT	96.30 
A,I_DSK2_IL_BAB,PC_IND_IU3,LU	91.44 
A,I_DSK2_IL_BAB,PC_IND_IU3,LV	88.41 
A,I_DSK2_IL_BAB,PC_IND_IU3,ME	92.69 
A,I_DSK2_IL_BAB,PC_IND_IU3,MK	79.03 
A,I_DSK2_IL_BAB,PC_IND_IU3,MT	94.39 
A,I_DSK2_IL_BAB,PC_IND_IU3,NL	97.77 
A,I_DSK2_IL_BAB,PC_IND_IU3,NL1	98.00 
A,I_DSK2_IL_BAB,PC_IND_IU3,NL2	98.01 
A,I_DSK2_IL_BAB,PC_IND_IU3,NL3	97.82 
A,I_DSK2_IL_BAB,PC_IND_IU3,NL4	97.29 
A,I_DSK2_IL_BAB,PC_IND_IU3,NO	98.46 
A,I_DSK2_IL_BAB,PC_IND_IU3,PL	93.86 
A,I_DSK2_IL_BAB,PC_IND_IU3,PL2	93.51 
A,I_DSK2_IL_BAB,PC_IND_IU3,PL4	93.79 
A,I_DSK2_IL_BAB,PC_IND_IU3,PL5	90.96 
A,I_DSK2_IL_BAB,PC_IND_IU3,PL6	89.81 
A,I_DSK2_IL_BAB,PC_IND_IU3,PL7	96.03 
A,I_DSK2_IL_BAB,PC_IND_IU3,PL8	96.54 
A,I_DSK2_IL_BAB,PC_IND_IU3,PL9	95.66 
A,I_DSK2_IL_BAB,PC_IND_IU3,PT	94.07 
A,I_DSK2_IL_BAB,PC_IND_IU3,PT1	94.21 
A,I_DSK2_IL_BAB,PC_IND_IU3,PT2	91.25 
A,I_DSK2_IL_BAB,PC_IND_IU3,PT3	91.48 
A,I_DSK2_IL_BAB,PC_IND_IU3,RO	85.27 
A,I_DSK2_IL_BAB,PC_IND_IU3,RO1	81.26 
A,I_DSK2_IL_BAB,PC_IND_IU3,RO2	82.61 
A,I_DSK2_IL_BAB,PC_IND_IU3,RO3	91.74 
A,I_DSK2_IL_BAB,PC_IND_IU3,RO4	85.38 
A,I_DSK2_IL_BAB,PC_IND_IU3,RS	96.72 
A,I_DSK2_IL_BAB,PC_IND_IU3,RS1	97.07 
A,I_DSK2_IL_BAB,PC_IND_IU3,RS2	96.34 
A,I_DSK2_IL_BAB,PC_IND_IU3,SE	96.80 
A,I_DSK2_IL_BAB,PC_IND_IU3,SE1	96.18 
A,I_DSK2_IL_BAB,PC_IND_IU3,SE2	97.39 
A,I_DSK2_IL_BAB,PC_IND_IU3,SE3	96.82 
A,I_DSK2_IL_BAB,PC_IND_IU3,SI	96.56 
A,I_DSK2_IL_BAB,PC_IND_IU3,SK	91.66 
A,I_DSK2_IL_BAB,PC_IND_IU3,TR	85.20 
A,I_DSK2_IL_BAB,PC_IND_IU3,TR1	89.65 
A,I_DSK2_IL_BAB,PC_IND_IU3,TR2	84.30 
A,I_DSK2_IL_BAB,PC_IND_IU3,TR3	87.15 
A,I_DSK2_IL_BAB,PC_IND_IU3,TR4	88.24 
A,I_DSK2_IL_BAB,PC_IND_IU3,TR5	87.84 
A,I_DSK2_IL_BAB,PC_IND_IU3,TR6	83.90 
A,I_DSK2_IL_BAB,PC_IND_IU3,TR7	82.99 
A,I_DSK2_IL_BAB,PC_IND_IU3,TR8	83.77 
A,I_DSK2_IL_BAB,PC_IND_IU3,TR9	79.49 
A,I_DSK2_IL_BAB,PC_IND_IU3,TRA	76.28 
A,I_DSK2_IL_BAB,PC_IND_IU3,TRB	79.70 
A,I_DSK2_IL_BAB,PC_IND_IU3,TRC	76.44 
A,I_DSK2_IL_BAB,PC_IND_IU3,XK	87.04 
A,I_DSK2_LM,PC_IND,AL	16.79 
A,I_DSK2_LM,PC_IND,AT	3.36 
A,I_DSK2_LM,PC_IND,AT1	3.68 
A,I_DSK2_LM,PC_IND,AT2	3.13 
A,I_DSK2_LM,PC_IND,AT3	3.10 
A,I_DSK2_LM,PC_IND,BA	10.43 
A,I_DSK2_LM,PC_IND,BE	4.10 
A,I_DSK2_LM,PC_IND,BE1	4.95 
A,I_DSK2_LM,PC_IND,BE2	3.84 
A,I_DSK2_LM,PC_IND,BE3	4.28 
A,I_DSK2_LM,PC_IND,BG	9.84 
A,I_DSK2_LM,PC_IND,BG3	11.10 
A,I_DSK2_LM,PC_IND,BG4	8.68 
A,I_DSK2_LM,PC_IND,CH	1.58 
A,I_DSK2_LM,PC_IND,CY	4.95 
A,I_DSK2_LM,PC_IND,CZ	1.76 
A,I_DSK2_LM,PC_IND,DE	3.77 
A,I_DSK2_LM,PC_IND,DE2	5.55 
A,I_DSK2_LM,PC_IND,DE3	2.71 
A,I_DSK2_LM,PC_IND,DE4	2.62 
A,I_DSK2_LM,PC_IND,DE6	3.38 
A,I_DSK2_LM,PC_IND,DE7	3.54 
A,I_DSK2_LM,PC_IND,DE8	4.85 u
A,I_DSK2_LM,PC_IND,DE9	2.65 
A,I_DSK2_LM,PC_IND,DEA	3.37 
A,I_DSK2_LM,PC_IND,DED	4.10 
A,I_DSK2_LM,PC_IND,DEE	8.61 
A,I_DSK2_LM,PC_IND,DEF	4.52 
A,I_DSK2_LM,PC_IND,DK	1.01 
A,I_DSK2_LM,PC_IND,EE	3.40 
A,I_DSK2_LM,PC_IND,EL	3.81 
A,I_DSK2_LM,PC_IND,EL3	4.28 
A,I_DSK2_LM,PC_IND,EL4	2.71 
A,I_DSK2_LM,PC_IND,EL5	3.33 
A,I_DSK2_LM,PC_IND,EL6	4.15 
A,I_DSK2_LM,PC_IND,ES	4.02 
A,I_DSK2_LM,PC_IND,ES1	4.56 
A,I_DSK2_LM,PC_IND,ES2	2.91 
A,I_DSK2_LM,PC_IND,ES3	3.44 
A,I_DSK2_LM,PC_IND,ES4	5.45 
A,I_DSK2_LM,PC_IND,ES5	3.15 
A,I_DSK2_LM,PC_IND,ES6	5.09 
A,I_DSK2_LM,PC_IND,ES7	4.37 
A,I_DSK2_LM,PC_IND,FI	0.89 
A,I_DSK2_LM,PC_IND,FR	3.73 
A,I_DSK2_LM,PC_IND,FR1	3.63 u
A,I_DSK2_LM,PC_IND,FRB	3.54 u
A,I_DSK2_LM,PC_IND,FRC	3.84 u
A,I_DSK2_LM,PC_IND,FRD	4.33 u
A,I_DSK2_LM,PC_IND,FRE	4.83 u
A,I_DSK2_LM,PC_IND,FRF	4.29 u
A,I_DSK2_LM,PC_IND,FRG	3.37 u
A,I_DSK2_LM,PC_IND,FRH	3.80 u
A,I_DSK2_LM,PC_IND,FRI	2.93 u
A,I_DSK2_LM,PC_IND,FRJ	3.21 u
A,I_DSK2_LM,PC_IND,FRK	3.10 u
A,I_DSK2_LM,PC_IND,FRL	3.18 u
A,I_DSK2_LM,PC_IND,FRM	0 u
A,I_DSK2_LM,PC_IND,FRY	8.06 u
A,I_DSK2_LM,PC_IND,HR	1.98 
A,I_DSK2_LM,PC_IND,HU	4.38 
A,I_DSK2_LM,PC_IND,HU1	2.45 
A,I_DSK2_LM,PC_IND,HU2	5.08 
A,I_DSK2_LM,PC_IND,HU3	5.47 
A,I_DSK2_LM,PC_IND,IE	2.04 
A,I_DSK2_LM,PC_IND,IT	5.19 
A,I_DSK2_LM,PC_IND,ITC	3.95 
A,I_DSK2_LM,PC_IND,ITF	6.93 
A,I_DSK2_LM,PC_IND,ITG	6.77 
A,I_DSK2_LM,PC_IND,ITH	4.00 
A,I_DSK2_LM,PC_IND,ITI	5.16 
A,I_DSK2_LM,PC_IND,LT	4.77 
A,I_DSK2_LM,PC_IND,LU	3.94 
A,I_DSK2_LM,PC_IND,LV	5.97 
A,I_DSK2_LM,PC_IND,ME	1.79 
A,I_DSK2_LM,PC_IND,MK	14.42 
A,I_DSK2_LM,PC_IND,MT	4.44 
A,I_DSK2_LM,PC_IND,NL	0.91 
A,I_DSK2_LM,PC_IND,NL1	1.07 
A,I_DSK2_LM,PC_IND,NL2	0.66 
A,I_DSK2_LM,PC_IND,NL3	0.90 
A,I_DSK2_LM,PC_IND,NL4	1.12 
A,I_DSK2_LM,PC_IND,NO	0.68 
A,I_DSK2_LM,PC_IND,PL	6.31 
A,I_DSK2_LM,PC_IND,PL2	5.24 
A,I_DSK2_LM,PC_IND,PL4	8.44 
A,I_DSK2_LM,PC_IND,PL5	4.11 
A,I_DSK2_LM,PC_IND,PL6	7.56 
A,I_DSK2_LM,PC_IND,PL7	5.92 
A,I_DSK2_LM,PC_IND,PL8	8.23 
A,I_DSK2_LM,PC_IND,PL9	4.14 
A,I_DSK2_LM,PC_IND,PT	4.37 
A,I_DSK2_LM,PC_IND,PT1	4.27 
A,I_DSK2_LM,PC_IND,PT2	7.05 
A,I_DSK2_LM,PC_IND,PT3	5.72 
A,I_DSK2_LM,PC_IND,RO	11.82 
A,I_DSK2_LM,PC_IND,RO1	12.53 
A,I_DSK2_LM,PC_IND,RO2	11.47 
A,I_DSK2_LM,PC_IND,RO3	11.73 
A,I_DSK2_LM,PC_IND,RO4	11.55 
A,I_DSK2_LM,PC_IND,RS	7.36 
A,I_DSK2_LM,PC_IND,RS1	6.07 
A,I_DSK2_LM,PC_IND,RS2	8.74 
A,I_DSK2_LM,PC_IND,SE	2.12 
A,I_DSK2_LM,PC_IND,SE1	2.47 
A,I_DSK2_LM,PC_IND,SE2	1.97 
A,I_DSK2_LM,PC_IND,SE3	1.63 
A,I_DSK2_LM,PC_IND,SI	7.06 
A,I_DSK2_LM,PC_IND,SK	5.88 
A,I_DSK2_LM,PC_IND,TR	8.92 
A,I_DSK2_LM,PC_IND,TR1	6.88 
A,I_DSK2_LM,PC_IND,TR2	9.42 
A,I_DSK2_LM,PC_IND,TR3	9.19 
A,I_DSK2_LM,PC_IND,TR4	7.00 
A,I_DSK2_LM,PC_IND,TR5	6.42 
A,I_DSK2_LM,PC_IND,TR6	9.62 
A,I_DSK2_LM,PC_IND,TR7	10.51 
A,I_DSK2_LM,PC_IND,TR8	9.35 
A,I_DSK2_LM,PC_IND,TR9	9.88 
A,I_DSK2_LM,PC_IND,TRA	10.73 
A,I_DSK2_LM,PC_IND,TRB	11.60 
A,I_DSK2_LM,PC_IND,TRC	13.05 
A,I_DSK2_LM,PC_IND,XK	0.18 
A,I_DSK2_LM,PC_IND_IU3,AL	19.26 
A,I_DSK2_LM,PC_IND_IU3,AT	3.53 
A,I_DSK2_LM,PC_IND_IU3,AT1	3.81 
A,I_DSK2_LM,PC_IND_IU3,AT2	3.34 
A,I_DSK2_LM,PC_IND_IU3,AT3	3.28 
A,I_DSK2_LM,PC_IND_IU3,BA	11.57 
A,I_DSK2_LM,PC_IND_IU3,BE	4.25 
A,I_DSK2_LM,PC_IND_IU3,BE1	5.24 
A,I_DSK2_LM,PC_IND_IU3,BE2	3.96 
A,I_DSK2_LM,PC_IND_IU3,BE3	4.45 
A,I_DSK2_LM,PC_IND_IU3,BG	11.33 
A,I_DSK2_LM,PC_IND_IU3,BG3	12.92 
A,I_DSK2_LM,PC_IND_IU3,BG4	9.89 
A,I_DSK2_LM,PC_IND_IU3,CH	1.59 
A,I_DSK2_LM,PC_IND_IU3,CY	5.28 
A,I_DSK2_LM,PC_IND_IU3,CZ	1.86 
A,I_DSK2_LM,PC_IND_IU3,DE	3.99 
A,I_DSK2_LM,PC_IND_IU3,DE2	5.85 
A,I_DSK2_LM,PC_IND_IU3,DE3	2.91 
A,I_DSK2_LM,PC_IND_IU3,DE4	2.90 
A,I_DSK2_LM,PC_IND_IU3,DE6	3.50 
A,I_DSK2_LM,PC_IND_IU3,DE7	3.71 
A,I_DSK2_LM,PC_IND_IU3,DE8	5.18 u
A,I_DSK2_LM,PC_IND_IU3,DE9	2.79 
A,I_DSK2_LM,PC_IND_IU3,DEA	3.55 
A,I_DSK2_LM,PC_IND_IU3,DED	4.32 
A,I_DSK2_LM,PC_IND_IU3,DEE	9.58 
A,I_DSK2_LM,PC_IND_IU3,DEF	4.77 
A,I_DSK2_LM,PC_IND_IU3,DK	1.01 
A,I_DSK2_LM,PC_IND_IU3,EE	3.59 
A,I_DSK2_LM,PC_IND_IU3,EL	4.28 
A,I_DSK2_LM,PC_IND_IU3,EL3	4.54 
A,I_DSK2_LM,PC_IND_IU3,EL4	3.15 
A,I_DSK2_LM,PC_IND_IU3,EL5	3.73 
A,I_DSK2_LM,PC_IND_IU3,EL6	5.05 
A,I_DSK2_LM,PC_IND_IU3,ES	4.18 
A,I_DSK2_LM,PC_IND_IU3,ES1	4.84 
A,I_DSK2_LM,PC_IND_IU3,ES2	3.02 
A,I_DSK2_LM,PC_IND_IU3,ES3	3.51 
A,I_DSK2_LM,PC_IND_IU3,ES4	5.73 
A,I_DSK2_LM,PC_IND_IU3,ES5	3.23 
A,I_DSK2_LM,PC_IND_IU3,ES6	5.37 
A,I_DSK2_LM,PC_IND_IU3,ES7	4.53 
A,I_DSK2_LM,PC_IND_IU3,FI	0.91 
A,I_DSK2_LM,PC_IND_IU3,FR	3.93 
A,I_DSK2_LM,PC_IND_IU3,FR1	3.76 u
A,I_DSK2_LM,PC_IND_IU3,FRB	3.71 u
A,I_DSK2_LM,PC_IND_IU3,FRC	4.15 u
A,I_DSK2_LM,PC_IND_IU3,FRD	4.55 u
A,I_DSK2_LM,PC_IND_IU3,FRE	5.17 u
A,I_DSK2_LM,PC_IND_IU3,FRF	4.58 u
A,I_DSK2_LM,PC_IND_IU3,FRG	3.50 u
A,I_DSK2_LM,PC_IND_IU3,FRH	3.98 u
A,I_DSK2_LM,PC_IND_IU3,FRI	3.07 u
A,I_DSK2_LM,PC_IND_IU3,FRJ	3.38 u
A,I_DSK2_LM,PC_IND_IU3,FRK	3.26 u
A,I_DSK2_LM,PC_IND_IU3,FRL	3.32 u
A,I_DSK2_LM,PC_IND_IU3,FRM	0 u
A,I_DSK2_LM,PC_IND_IU3,FRY	9.09 u
A,I_DSK2_LM,PC_IND_IU3,HR	2.30 
A,I_DSK2_LM,PC_IND_IU3,HU	4.72 
A,I_DSK2_LM,PC_IND_IU3,HU1	2.57 
A,I_DSK2_LM,PC_IND_IU3,HU2	5.48 
A,I_DSK2_LM,PC_IND_IU3,HU3	6.02 
A,I_DSK2_LM,PC_IND_IU3,IE	2.04 
A,I_DSK2_LM,PC_IND_IU3,IT	5.74 
A,I_DSK2_LM,PC_IND_IU3,ITC	4.26 
A,I_DSK2_LM,PC_IND_IU3,ITF	8.18 
A,I_DSK2_LM,PC_IND_IU3,ITG	7.81 
A,I_DSK2_LM,PC_IND_IU3,ITH	4.32 
A,I_DSK2_LM,PC_IND_IU3,ITI	5.54 
A,I_DSK2_LM,PC_IND_IU3,LT	5.35 
A,I_DSK2_LM,PC_IND_IU3,LU	3.98 
A,I_DSK2_LM,PC_IND_IU3,LV	6.32 
A,I_DSK2_LM,PC_IND_IU3,ME	1.90 
A,I_DSK2_LM,PC_IND_IU3,MK	15.65 
A,I_DSK2_LM,PC_IND_IU3,MT	4.62 
A,I_DSK2_LM,PC_IND_IU3,NL	0.91 
A,I_DSK2_LM,PC_IND_IU3,NL1	1.07 
A,I_DSK2_LM,PC_IND_IU3,NL2	0.66 
A,I_DSK2_LM,PC_IND_IU3,NL3	0.90 
A,I_DSK2_LM,PC_IND_IU3,NL4	1.12 
A,I_DSK2_LM,PC_IND_IU3,NO	0.69 
A,I_DSK2_LM,PC_IND_IU3,PL	7.03 
A,I_DSK2_LM,PC_IND_IU3,PL2	5.82 
A,I_DSK2_LM,PC_IND_IU3,PL4	9.26 
A,I_DSK2_LM,PC_IND_IU3,PL5	4.40 
A,I_DSK2_LM,PC_IND_IU3,PL6	8.49 
A,I_DSK2_LM,PC_IND_IU3,PL7	6.97 
A,I_DSK2_LM,PC_IND_IU3,PL8	9.41 
A,I_DSK2_LM,PC_IND_IU3,PL9	4.54 
A,I_DSK2_LM,PC_IND_IU3,PT	4.88 
A,I_DSK2_LM,PC_IND_IU3,PT1	4.77 
A,I_DSK2_LM,PC_IND_IU3,PT2	7.90 
A,I_DSK2_LM,PC_IND_IU3,PT3	6.48 
A,I_DSK2_LM,PC_IND_IU3,RO	12.69 
A,I_DSK2_LM,PC_IND_IU3,RO1	13.31 
A,I_DSK2_LM,PC_IND_IU3,RO2	12.44 
A,I_DSK2_LM,PC_IND_IU3,RO3	12.56 
A,I_DSK2_LM,PC_IND_IU3,RO4	12.41 
A,I_DSK2_LM,PC_IND_IU3,RS	8.18 
A,I_DSK2_LM,PC_IND_IU3,RS1	6.62 
A,I_DSK2_LM,PC_IND_IU3,RS2	9.91 
A,I_DSK2_LM,PC_IND_IU3,SE	2.16 
A,I_DSK2_LM,PC_IND_IU3,SE1	2.52 
A,I_DSK2_LM,PC_IND_IU3,SE2	2.00 
A,I_DSK2_LM,PC_IND_IU3,SE3	1.65 
A,I_DSK2_LM,PC_IND_IU3,SI	7.71 
A,I_DSK2_LM,PC_IND_IU3,SK	6.36 
A,I_DSK2_LM,PC_IND_IU3,TR	9.93 
A,I_DSK2_LM,PC_IND_IU3,TR1	7.16 
A,I_DSK2_LM,PC_IND_IU3,TR2	10.75 
A,I_DSK2_LM,PC_IND_IU3,TR3	10.36 
A,I_DSK2_LM,PC_IND_IU3,TR4	7.56 
A,I_DSK2_LM,PC_IND_IU3,TR5	7.11 
A,I_DSK2_LM,PC_IND_IU3,TR6	10.78 
A,I_DSK2_LM,PC_IND_IU3,TR7	11.87 
A,I_DSK2_LM,PC_IND_IU3,TR8	10.75 
A,I_DSK2_LM,PC_IND_IU3,TR9	11.65 
A,I_DSK2_LM,PC_IND_IU3,TRA	12.75 
A,I_DSK2_LM,PC_IND_IU3,TRB	14.75 
A,I_DSK2_LM,PC_IND_IU3,TRC	15.06 
A,I_DSK2_LM,PC_IND_IU3,XK	0.18 
A,I_DSK2_LW,PC_IND,AL	24.38 
A,I_DSK2_LW,PC_IND,AT	15.31 
A,I_DSK2_LW,PC_IND,AT1	15.94 
A,I_DSK2_LW,PC_IND,AT2	13.66 
A,I_DSK2_LW,PC_IND,AT3	15.44 
A,I_DSK2_LW,PC_IND,BA	19.99 
A,I_DSK2_LW,PC_IND,BE	17.97 
A,I_DSK2_LW,PC_IND,BE1	13.76 
A,I_DSK2_LW,PC_IND,BE2	18.31 
A,I_DSK2_LW,PC_IND,BE3	18.78 
A,I_DSK2_LW,PC_IND,BG	18.27 
A,I_DSK2_LW,PC_IND,BG3	18.08 
A,I_DSK2_LW,PC_IND,BG4	18.46 
A,I_DSK2_LW,PC_IND,CH	13.61 
A,I_DSK2_LW,PC_IND,CY	21.22 
A,I_DSK2_LW,PC_IND,CZ	15.43 
A,I_DSK2_LW,PC_IND,DE	20.28 
A,I_DSK2_LW,PC_IND,DE1	19.49 
A,I_DSK2_LW,PC_IND,DE2	20.95 
A,I_DSK2_LW,PC_IND,DE3	14.46 
A,I_DSK2_LW,PC_IND,DE4	15.11 
A,I_DSK2_LW,PC_IND,DE6	21.18 
A,I_DSK2_LW,PC_IND,DE7	26.46 
A,I_DSK2_LW,PC_IND,DE8	26.18 
A,I_DSK2_LW,PC_IND,DE9	21.97 
A,I_DSK2_LW,PC_IND,DEA	19.50 
A,I_DSK2_LW,PC_IND,DED	16.18 
A,I_DSK2_LW,PC_IND,DEE	20.49 
A,I_DSK2_LW,PC_IND,DEF	17.00 
A,I_DSK2_LW,PC_IND,DK	12.63 
A,I_DSK2_LW,PC_IND,EE	17.02 
A,I_DSK2_LW,PC_IND,EL	23.53 
A,I_DSK2_LW,PC_IND,EL3	25.93 
A,I_DSK2_LW,PC_IND,EL4	19.29 
A,I_DSK2_LW,PC_IND,EL5	21.24 
A,I_DSK2_LW,PC_IND,EL6	24.37 
A,I_DSK2_LW,PC_IND,ES	16.14 
A,I_DSK2_LW,PC_IND,ES1	16.83 
A,I_DSK2_LW,PC_IND,ES2	17.10 
A,I_DSK2_LW,PC_IND,ES3	14.59 
A,I_DSK2_LW,PC_IND,ES4	15.63 
A,I_DSK2_LW,PC_IND,ES5	16.07 
A,I_DSK2_LW,PC_IND,ES6	16.92 
A,I_DSK2_LW,PC_IND,ES7	15.91 
A,I_DSK2_LW,PC_IND,FI	12.68 
A,I_DSK2_LW,PC_IND,FR	15.63 
A,I_DSK2_LW,PC_IND,FR1	14.14 u
A,I_DSK2_LW,PC_IND,FRB	18.12 u
A,I_DSK2_LW,PC_IND,FRC	18.19 u
A,I_DSK2_LW,PC_IND,FRD	17.88 u
A,I_DSK2_LW,PC_IND,FRE	16.79 u
A,I_DSK2_LW,PC_IND,FRF	16.90 u
A,I_DSK2_LW,PC_IND,FRG	16.29 u
A,I_DSK2_LW,PC_IND,FRH	13.40 u
A,I_DSK2_LW,PC_IND,FRI	17.66 u
A,I_DSK2_LW,PC_IND,FRJ	15.38 u
A,I_DSK2_LW,PC_IND,FRK	14.14 u
A,I_DSK2_LW,PC_IND,FRL	14.31 u
A,I_DSK2_LW,PC_IND,FRM	14.52 u
A,I_DSK2_LW,PC_IND,FRY	14.44 u
A,I_DSK2_LW,PC_IND,HR	14.23 
A,I_DSK2_LW,PC_IND,HU	19.84 
A,I_DSK2_LW,PC_IND,HU1	15.57 
A,I_DSK2_LW,PC_IND,HU2	22.65 
A,I_DSK2_LW,PC_IND,HU3	21.21 
A,I_DSK2_LW,PC_IND,IE	11.05 
A,I_DSK2_LW,PC_IND,IT	16.93 
A,I_DSK2_LW,PC_IND,ITC	16.71 
A,I_DSK2_LW,PC_IND,ITF	17.61 
A,I_DSK2_LW,PC_IND,ITG	17.47 
A,I_DSK2_LW,PC_IND,ITH	16.48 
A,I_DSK2_LW,PC_IND,ITI	16.61 
A,I_DSK2_LW,PC_IND,LT	16.89 
A,I_DSK2_LW,PC_IND,LU	19.06 
A,I_DSK2_LW,PC_IND,LV	23.43 
A,I_DSK2_LW,PC_IND,ME	35.36 
A,I_DSK2_LW,PC_IND,MK	21.80 
A,I_DSK2_LW,PC_IND,MT	13.27 
A,I_DSK2_LW,PC_IND,NL	10.88 
A,I_DSK2_LW,PC_IND,NL1	12.83 
A,I_DSK2_LW,PC_IND,NL2	10.48 
A,I_DSK2_LW,PC_IND,NL3	9.92 
A,I_DSK2_LW,PC_IND,NL4	12.55 
A,I_DSK2_LW,PC_IND,NO	14.55 
A,I_DSK2_LW,PC_IND,PL	18.76 
A,I_DSK2_LW,PC_IND,PL2	17.49 
A,I_DSK2_LW,PC_IND,PL4	20.24 
A,I_DSK2_LW,PC_IND,PL5	21.47 
A,I_DSK2_LW,PC_IND,PL6	20.93 
A,I_DSK2_LW,PC_IND,PL7	18.30 
A,I_DSK2_LW,PC_IND,PL8	19.08 
A,I_DSK2_LW,PC_IND,PL9	15.62 
A,I_DSK2_LW,PC_IND,PT	15.38 
A,I_DSK2_LW,PC_IND,PT1	15.26 
A,I_DSK2_LW,PC_IND,PT2	16.22 
A,I_DSK2_LW,PC_IND,PT3	19.30 
A,I_DSK2_LW,PC_IND,RO	20.80 
A,I_DSK2_LW,PC_IND,RO1	21.09 
A,I_DSK2_LW,PC_IND,RO2	20.09 
A,I_DSK2_LW,PC_IND,RO3	20.99 
A,I_DSK2_LW,PC_IND,RO4	21.21 
A,I_DSK2_LW,PC_IND,RS	29.09 
A,I_DSK2_LW,PC_IND,RS1	29.20 
A,I_DSK2_LW,PC_IND,RS2	28.98 
A,I_DSK2_LW,PC_IND,SE	17.73 
A,I_DSK2_LW,PC_IND,SE1	16.66 
A,I_DSK2_LW,PC_IND,SE2	18.06 
A,I_DSK2_LW,PC_IND,SE3	19.54 
A,I_DSK2_LW,PC_IND,SI	23.12 
A,I_DSK2_LW,PC_IND,SK	18.28 
A,I_DSK2_LW,PC_IND,TR	24.28 
A,I_DSK2_LW,PC_IND,TR1	28.31 
A,I_DSK2_LW,PC_IND,TR2	28.93 
A,I_DSK2_LW,PC_IND,TR3	23.06 
A,I_DSK2_LW,PC_IND,TR4	21.50 
A,I_DSK2_LW,PC_IND,TR5	23.64 
A,I_DSK2_LW,PC_IND,TR6	26.37 
A,I_DSK2_LW,PC_IND,TR7	23.10 
A,I_DSK2_LW,PC_IND,TR8	24.36 
A,I_DSK2_LW,PC_IND,TR9	21.07 
A,I_DSK2_LW,PC_IND,TRA	18.50 
A,I_DSK2_LW,PC_IND,TRB	20.89 
A,I_DSK2_LW,PC_IND,TRC	21.08 
A,I_DSK2_LW,PC_IND,XK	17.75 
A,I_DSK2_LW,PC_IND_IU3,AL	27.97 
A,I_DSK2_LW,PC_IND_IU3,AT	16.06 
A,I_DSK2_LW,PC_IND_IU3,AT1	16.48 
A,I_DSK2_LW,PC_IND_IU3,AT2	14.59 
A,I_DSK2_LW,PC_IND_IU3,AT3	16.34 
A,I_DSK2_LW,PC_IND_IU3,BA	22.18 
A,I_DSK2_LW,PC_IND_IU3,BE	18.63 
A,I_DSK2_LW,PC_IND_IU3,BE1	14.55 
A,I_DSK2_LW,PC_IND_IU3,BE2	18.88 
A,I_DSK2_LW,PC_IND_IU3,BE3	19.52 
A,I_DSK2_LW,PC_IND_IU3,BG	21.04 
A,I_DSK2_LW,PC_IND_IU3,BG3	21.04 
A,I_DSK2_LW,PC_IND_IU3,BG4	21.04 
A,I_DSK2_LW,PC_IND_IU3,CH	13.76 
A,I_DSK2_LW,PC_IND_IU3,CY	22.62 
A,I_DSK2_LW,PC_IND_IU3,CZ	16.32 
A,I_DSK2_LW,PC_IND_IU3,DE	21.44 
A,I_DSK2_LW,PC_IND_IU3,DE1	20.31 
A,I_DSK2_LW,PC_IND_IU3,DE2	22.12 
A,I_DSK2_LW,PC_IND_IU3,DE3	15.54 
A,I_DSK2_LW,PC_IND_IU3,DE4	16.72 
A,I_DSK2_LW,PC_IND_IU3,DE6	21.96 
A,I_DSK2_LW,PC_IND_IU3,DE7	27.70 
A,I_DSK2_LW,PC_IND_IU3,DE8	27.98 
A,I_DSK2_LW,PC_IND_IU3,DE9	23.10 
A,I_DSK2_LW,PC_IND_IU3,DEA	20.59 
A,I_DSK2_LW,PC_IND_IU3,DED	17.02 
A,I_DSK2_LW,PC_IND_IU3,DEE	22.79 
A,I_DSK2_LW,PC_IND_IU3,DEF	17.95 
A,I_DSK2_LW,PC_IND_IU3,DK	12.67 
A,I_DSK2_LW,PC_IND_IU3,EE	17.95 
A,I_DSK2_LW,PC_IND_IU3,EL	26.39 
A,I_DSK2_LW,PC_IND_IU3,EL3	27.50 
A,I_DSK2_LW,PC_IND_IU3,EL4	22.40 
A,I_DSK2_LW,PC_IND_IU3,EL5	23.76 
A,I_DSK2_LW,PC_IND_IU3,EL6	29.65 
A,I_DSK2_LW,PC_IND_IU3,ES	16.75 
A,I_DSK2_LW,PC_IND_IU3,ES1	17.87 
A,I_DSK2_LW,PC_IND_IU3,ES2	17.75 
A,I_DSK2_LW,PC_IND_IU3,ES3	14.88 
A,I_DSK2_LW,PC_IND_IU3,ES4	16.43 
A,I_DSK2_LW,PC_IND_IU3,ES5	16.47 
A,I_DSK2_LW,PC_IND_IU3,ES6	17.83 
A,I_DSK2_LW,PC_IND_IU3,ES7	16.51 
A,I_DSK2_LW,PC_IND_IU3,FI	12.93 
A,I_DSK2_LW,PC_IND_IU3,FR	16.45 
A,I_DSK2_LW,PC_IND_IU3,FR1	14.65 u
A,I_DSK2_LW,PC_IND_IU3,FRB	18.98 u
A,I_DSK2_LW,PC_IND_IU3,FRC	19.66 u
A,I_DSK2_LW,PC_IND_IU3,FRD	18.82 u
A,I_DSK2_LW,PC_IND_IU3,FRE	17.96 u
A,I_DSK2_LW,PC_IND_IU3,FRF	18.04 u
A,I_DSK2_LW,PC_IND_IU3,FRG	16.92 u
A,I_DSK2_LW,PC_IND_IU3,FRH	14.06 u
A,I_DSK2_LW,PC_IND_IU3,FRI	18.50 u
A,I_DSK2_LW,PC_IND_IU3,FRJ	16.22 u
A,I_DSK2_LW,PC_IND_IU3,FRK	14.85 u
A,I_DSK2_LW,PC_IND_IU3,FRL	14.94 u
A,I_DSK2_LW,PC_IND_IU3,FRM	15.71 u
A,I_DSK2_LW,PC_IND_IU3,FRY	16.27 u
A,I_DSK2_LW,PC_IND_IU3,HR	16.56 
A,I_DSK2_LW,PC_IND_IU3,HU	21.38 
A,I_DSK2_LW,PC_IND_IU3,HU1	16.36 
A,I_DSK2_LW,PC_IND_IU3,HU2	24.45 
A,I_DSK2_LW,PC_IND_IU3,HU3	23.33 
A,I_DSK2_LW,PC_IND_IU3,IE	11.07 
A,I_DSK2_LW,PC_IND_IU3,IT	18.75 
A,I_DSK2_LW,PC_IND_IU3,ITC	17.99 
A,I_DSK2_LW,PC_IND_IU3,ITF	20.79 
A,I_DSK2_LW,PC_IND_IU3,ITG	20.15 
A,I_DSK2_LW,PC_IND_IU3,ITH	17.81 
A,I_DSK2_LW,PC_IND_IU3,ITI	17.83 
A,I_DSK2_LW,PC_IND_IU3,LT	18.91 
A,I_DSK2_LW,PC_IND_IU3,LU	19.23 
A,I_DSK2_LW,PC_IND_IU3,LV	24.78 
A,I_DSK2_LW,PC_IND_IU3,ME	37.53 
A,I_DSK2_LW,PC_IND_IU3,MK	23.66 
A,I_DSK2_LW,PC_IND_IU3,MT	13.82 
A,I_DSK2_LW,PC_IND_IU3,NL	10.91 
A,I_DSK2_LW,PC_IND_IU3,NL1	12.85 
A,I_DSK2_LW,PC_IND_IU3,NL2	10.50 
A,I_DSK2_LW,PC_IND_IU3,NL3	9.95 
A,I_DSK2_LW,PC_IND_IU3,NL4	12.62 
A,I_DSK2_LW,PC_IND_IU3,NO	14.73 
A,I_DSK2_LW,PC_IND_IU3,PL	20.93 
A,I_DSK2_LW,PC_IND_IU3,PL2	19.41 
A,I_DSK2_LW,PC_IND_IU3,PL4	22.20 
A,I_DSK2_LW,PC_IND_IU3,PL5	22.96 
A,I_DSK2_LW,PC_IND_IU3,PL6	23.50 
A,I_DSK2_LW,PC_IND_IU3,PL7	21.55 
A,I_DSK2_LW,PC_IND_IU3,PL8	21.80 
A,I_DSK2_LW,PC_IND_IU3,PL9	17.13 
A,I_DSK2_LW,PC_IND_IU3,PT	17.20 
A,I_DSK2_LW,PC_IND_IU3,PT1	17.05 
A,I_DSK2_LW,PC_IND_IU3,PT2	18.19 
A,I_DSK2_LW,PC_IND_IU3,PT3	21.85 
A,I_DSK2_LW,PC_IND_IU3,RO	22.33 
A,I_DSK2_LW,PC_IND_IU3,RO1	22.41 
A,I_DSK2_LW,PC_IND_IU3,RO2	21.79 
A,I_DSK2_LW,PC_IND_IU3,RO3	22.48 
A,I_DSK2_LW,PC_IND_IU3,RO4	22.80 
A,I_DSK2_LW,PC_IND_IU3,RS	32.31 
A,I_DSK2_LW,PC_IND_IU3,RS1	31.83 
A,I_DSK2_LW,PC_IND_IU3,RS2	32.84 
A,I_DSK2_LW,PC_IND_IU3,SE	18.05 
A,I_DSK2_LW,PC_IND_IU3,SE1	17.00 
A,I_DSK2_LW,PC_IND_IU3,SE2	18.33 
A,I_DSK2_LW,PC_IND_IU3,SE3	19.89 
A,I_DSK2_LW,PC_IND_IU3,SI	25.25 
A,I_DSK2_LW,PC_IND_IU3,SK	19.77 
A,I_DSK2_LW,PC_IND_IU3,TR	27.04 
A,I_DSK2_LW,PC_IND_IU3,TR1	29.44 
A,I_DSK2_LW,PC_IND_IU3,TR2	33.01 
A,I_DSK2_LW,PC_IND_IU3,TR3	26.00 
A,I_DSK2_LW,PC_IND_IU3,TR4	23.19 
A,I_DSK2_LW,PC_IND_IU3,TR5	26.18 
A,I_DSK2_LW,PC_IND_IU3,TR6	29.54 
A,I_DSK2_LW,PC_IND_IU3,TR7	26.09 
A,I_DSK2_LW,PC_IND_IU3,TR8	28.03 
A,I_DSK2_LW,PC_IND_IU3,TR9	24.84 
A,I_DSK2_LW,PC_IND_IU3,TRA	21.97 
A,I_DSK2_LW,PC_IND_IU3,TRB	26.57 
A,I_DSK2_LW,PC_IND_IU3,TRC	24.34 
A,I_DSK2_LW,PC_IND_IU3,XK	18.02 
A,I_DSK2_N,PC_IND,AL	15.14 
A,I_DSK2_N,PC_IND,AT	5.36 
A,I_DSK2_N,PC_IND,AT1	5.26 
A,I_DSK2_N,PC_IND,AT2	5.21 
A,I_DSK2_N,PC_IND,AT3	5.57 
A,I_DSK2_N,PC_IND,BA	18.96 
A,I_DSK2_N,PC_IND,BE	11.07 
A,I_DSK2_N,PC_IND,BE1	6.85 
A,I_DSK2_N,PC_IND,BE2	12.31 
A,I_DSK2_N,PC_IND,BE3	10.22 
A,I_DSK2_N,PC_IND,BG	13.83 
A,I_DSK2_N,PC_IND,BG3	14.39 
A,I_DSK2_N,PC_IND,BG4	13.31 
A,I_DSK2_N,PC_IND,CH	4.46 
A,I_DSK2_N,PC_IND,CY	10.19 
A,I_DSK2_N,PC_IND,CZ	5.83 
A,I_DSK2_N,PC_IND,DE	9.32 
A,I_DSK2_N,PC_IND,DE1	5.15 u
A,I_DSK2_N,PC_IND,DE2	18.01 
A,I_DSK2_N,PC_IND,DE3	5.57 
A,I_DSK2_N,PC_IND,DE4	9.85 
A,I_DSK2_N,PC_IND,DE6	7.83 
A,I_DSK2_N,PC_IND,DE7	9.89 
A,I_DSK2_N,PC_IND,DE8	16.50 u
A,I_DSK2_N,PC_IND,DE9	5.06 
A,I_DSK2_N,PC_IND,DEA	6.70 
A,I_DSK2_N,PC_IND,DED	10.26 
A,I_DSK2_N,PC_IND,DEE	16.17 
A,I_DSK2_N,PC_IND,DEF	7.82 
A,I_DSK2_N,PC_IND,DK	3.94 
A,I_DSK2_N,PC_IND,EE	9.76 
A,I_DSK2_N,PC_IND,EL	9.17 
A,I_DSK2_N,PC_IND,EL3	11.73 
A,I_DSK2_N,PC_IND,EL4	7.93 
A,I_DSK2_N,PC_IND,EL5	6.26 
A,I_DSK2_N,PC_IND,EL6	9.19 
A,I_DSK2_N,PC_IND,ES	7.76 
A,I_DSK2_N,PC_IND,ES1	7.49 
A,I_DSK2_N,PC_IND,ES2	8.38 
A,I_DSK2_N,PC_IND,ES3	7.29 
A,I_DSK2_N,PC_IND,ES4	9.44 
A,I_DSK2_N,PC_IND,ES5	7.85 
A,I_DSK2_N,PC_IND,ES6	7.10 
A,I_DSK2_N,PC_IND,ES7	6.98 
A,I_DSK2_N,PC_IND,FI	3.20 
A,I_DSK2_N,PC_IND,FR	8.09 
A,I_DSK2_N,PC_IND,FR1	6.37 u
A,I_DSK2_N,PC_IND,FRB	9.33 u
A,I_DSK2_N,PC_IND,FRC	9.52 u
A,I_DSK2_N,PC_IND,FRD	8.97 u
A,I_DSK2_N,PC_IND,FRE	9.06 u
A,I_DSK2_N,PC_IND,FRF	8.85 u
A,I_DSK2_N,PC_IND,FRG	7.66 u
A,I_DSK2_N,PC_IND,FRH	8.46 u
A,I_DSK2_N,PC_IND,FRI	7.38 u
A,I_DSK2_N,PC_IND,FRJ	8.07 u
A,I_DSK2_N,PC_IND,FRK	7.61 u
A,I_DSK2_N,PC_IND,FRL	9.18 u
A,I_DSK2_N,PC_IND,FRM	7.41 u
A,I_DSK2_N,PC_IND,FRY	10.71 u
A,I_DSK2_N,PC_IND,HR	5.75 
A,I_DSK2_N,PC_IND,HU	8.51 
A,I_DSK2_N,PC_IND,HU1	6.73 
A,I_DSK2_N,PC_IND,HU2	8.36 
A,I_DSK2_N,PC_IND,HU3	10.13 
A,I_DSK2_N,PC_IND,IE	3.75 
A,I_DSK2_N,PC_IND,IT	9.40 
A,I_DSK2_N,PC_IND,ITC	8.75 
A,I_DSK2_N,PC_IND,ITF	10.27 
A,I_DSK2_N,PC_IND,ITG	9.68 
A,I_DSK2_N,PC_IND,ITH	8.98 
A,I_DSK2_N,PC_IND,ITI	9.55 
A,I_DSK2_N,PC_IND,LT	11.40 
A,I_DSK2_N,PC_IND,LU	10.71 
A,I_DSK2_N,PC_IND,LV	14.35 
A,I_DSK2_N,PC_IND,ME	12.68 
A,I_DSK2_N,PC_IND,MK	19.26 
A,I_DSK2_N,PC_IND,MT	8.90 
A,I_DSK2_N,PC_IND,NL	4.05 
A,I_DSK2_N,PC_IND,NL1	4.94 
A,I_DSK2_N,PC_IND,NL2	3.88 
A,I_DSK2_N,PC_IND,NL3	3.67 
A,I_DSK2_N,PC_IND,NL4	4.65 
A,I_DSK2_N,PC_IND,NO	3.40 
A,I_DSK2_N,PC_IND,PL	10.90 
A,I_DSK2_N,PC_IND,PL2	11.08 
A,I_DSK2_N,PC_IND,PL4	9.72 
A,I_DSK2_N,PC_IND,PL5	11.70 
A,I_DSK2_N,PC_IND,PL6	10.74 
A,I_DSK2_N,PC_IND,PL7	12.10 
A,I_DSK2_N,PC_IND,PL8	14.42 
A,I_DSK2_N,PC_IND,PL9	6.91 
A,I_DSK2_N,PC_IND,PT	7.86 
A,I_DSK2_N,PC_IND,PT1	7.76 
A,I_DSK2_N,PC_IND,PT2	8.76 
A,I_DSK2_N,PC_IND,PT3	10.56 
A,I_DSK2_N,PC_IND,RO	19.71 
A,I_DSK2_N,PC_IND,RO1	19.34 
A,I_DSK2_N,PC_IND,RO2	18.27 
A,I_DSK2_N,PC_IND,RO3	18.31 
A,I_DSK2_N,PC_IND,RO4	24.47 
A,I_DSK2_N,PC_IND,RS	9.53 
A,I_DSK2_N,PC_IND,RS1	9.53 
A,I_DSK2_N,PC_IND,RS2	9.52 
A,I_DSK2_N,PC_IND,SE	7.50 
A,I_DSK2_N,PC_IND,SE1	7.27 
A,I_DSK2_N,PC_IND,SE2	7.21 
A,I_DSK2_N,PC_IND,SE3	8.79 
A,I_DSK2_N,PC_IND,SI	12.39 
A,I_DSK2_N,PC_IND,SK	12.32 
A,I_DSK2_N,PC_IND,TR	18.50 
A,I_DSK2_N,PC_IND,TR1	16.49 
A,I_DSK2_N,PC_IND,TR2	15.68 
A,I_DSK2_N,PC_IND,TR3	20.56 
A,I_DSK2_N,PC_IND,TR4	12.94 
A,I_DSK2_N,PC_IND,TR5	12.67 
A,I_DSK2_N,PC_IND,TR6	19.51 
A,I_DSK2_N,PC_IND,TR7	24.45 
A,I_DSK2_N,PC_IND,TR8	19.51 
A,I_DSK2_N,PC_IND,TR9	18.58 
A,I_DSK2_N,PC_IND,TRA	25.20 
A,I_DSK2_N,PC_IND,TRB	20.67 
A,I_DSK2_N,PC_IND,TRC	25.52 
A,I_DSK2_N,PC_IND,XK	4.96 
A,I_DSK2_N,PC_IND_IU3,AL	17.37 
A,I_DSK2_N,PC_IND_IU3,AT	5.62 
A,I_DSK2_N,PC_IND_IU3,AT1	5.44 
A,I_DSK2_N,PC_IND_IU3,AT2	5.56 
A,I_DSK2_N,PC_IND_IU3,AT3	5.89 
A,I_DSK2_N,PC_IND_IU3,BA	21.04 
A,I_DSK2_N,PC_IND_IU3,BE	11.47 
A,I_DSK2_N,PC_IND_IU3,BE1	7.24 
A,I_DSK2_N,PC_IND_IU3,BE2	12.69 
A,I_DSK2_N,PC_IND_IU3,BE3	10.63 
A,I_DSK2_N,PC_IND_IU3,BG	15.92 
A,I_DSK2_N,PC_IND_IU3,BG3	16.75 
A,I_DSK2_N,PC_IND_IU3,BG4	15.18 
A,I_DSK2_N,PC_IND_IU3,CH	4.51 
A,I_DSK2_N,PC_IND_IU3,CY	10.87 
A,I_DSK2_N,PC_IND_IU3,CZ	6.17 
A,I_DSK2_N,PC_IND_IU3,DE	9.86 
A,I_DSK2_N,PC_IND_IU3,DE1	5.37 u
A,I_DSK2_N,PC_IND_IU3,DE2	19.02 
A,I_DSK2_N,PC_IND_IU3,DE3	5.99 
A,I_DSK2_N,PC_IND_IU3,DE4	10.90 
A,I_DSK2_N,PC_IND_IU3,DE6	8.12 
A,I_DSK2_N,PC_IND_IU3,DE7	10.35 
A,I_DSK2_N,PC_IND_IU3,DE8	17.63 u
A,I_DSK2_N,PC_IND_IU3,DE9	5.32 
A,I_DSK2_N,PC_IND_IU3,DEA	7.07 
A,I_DSK2_N,PC_IND_IU3,DED	10.79 
A,I_DSK2_N,PC_IND_IU3,DEE	17.99 
A,I_DSK2_N,PC_IND_IU3,DEF	8.26 
A,I_DSK2_N,PC_IND_IU3,DK	3.95 
A,I_DSK2_N,PC_IND_IU3,EE	10.29 
A,I_DSK2_N,PC_IND_IU3,EL	10.29 
A,I_DSK2_N,PC_IND_IU3,EL3	12.43 
A,I_DSK2_N,PC_IND_IU3,EL4	9.21 
A,I_DSK2_N,PC_IND_IU3,EL5	7.00 
A,I_DSK2_N,PC_IND_IU3,EL6	11.18 
A,I_DSK2_N,PC_IND_IU3,ES	8.06 
A,I_DSK2_N,PC_IND_IU3,ES1	7.96 
A,I_DSK2_N,PC_IND_IU3,ES2	8.70 
A,I_DSK2_N,PC_IND_IU3,ES3	7.43 
A,I_DSK2_N,PC_IND_IU3,ES4	9.93 
A,I_DSK2_N,PC_IND_IU3,ES5	8.05 
A,I_DSK2_N,PC_IND_IU3,ES6	7.48 
A,I_DSK2_N,PC_IND_IU3,ES7	7.25 
A,I_DSK2_N,PC_IND_IU3,FI	3.26 
A,I_DSK2_N,PC_IND_IU3,FR	8.52 
A,I_DSK2_N,PC_IND_IU3,FR1	6.60 u
A,I_DSK2_N,PC_IND_IU3,FRB	9.77 u
A,I_DSK2_N,PC_IND_IU3,FRC	10.29 u
A,I_DSK2_N,PC_IND_IU3,FRD	9.45 u
A,I_DSK2_N,PC_IND_IU3,FRE	9.69 u
A,I_DSK2_N,PC_IND_IU3,FRF	9.45 u
A,I_DSK2_N,PC_IND_IU3,FRG	7.96 u
A,I_DSK2_N,PC_IND_IU3,FRH	8.88 u
A,I_DSK2_N,PC_IND_IU3,FRI	7.73 u
A,I_DSK2_N,PC_IND_IU3,FRJ	8.51 u
A,I_DSK2_N,PC_IND_IU3,FRK	8.00 u
A,I_DSK2_N,PC_IND_IU3,FRL	9.58 u
A,I_DSK2_N,PC_IND_IU3,FRM	8.01 u
A,I_DSK2_N,PC_IND_IU3,FRY	12.07 u
A,I_DSK2_N,PC_IND_IU3,HR	6.69 
A,I_DSK2_N,PC_IND_IU3,HU	9.17 
A,I_DSK2_N,PC_IND_IU3,HU1	7.07 
A,I_DSK2_N,PC_IND_IU3,HU2	9.03 
A,I_DSK2_N,PC_IND_IU3,HU3	11.14 
A,I_DSK2_N,PC_IND_IU3,IE	3.76 
A,I_DSK2_N,PC_IND_IU3,IT	10.41 
A,I_DSK2_N,PC_IND_IU3,ITC	9.42 
A,I_DSK2_N,PC_IND_IU3,ITF	12.12 
A,I_DSK2_N,PC_IND_IU3,ITG	11.17 
A,I_DSK2_N,PC_IND_IU3,ITH	9.70 
A,I_DSK2_N,PC_IND_IU3,ITI	10.25 
A,I_DSK2_N,PC_IND_IU3,LT	12.77 
A,I_DSK2_N,PC_IND_IU3,LU	10.80 
A,I_DSK2_N,PC_IND_IU3,LV	15.18 
A,I_DSK2_N,PC_IND_IU3,ME	13.46 
A,I_DSK2_N,PC_IND_IU3,MK	20.90 
A,I_DSK2_N,PC_IND_IU3,MT	9.27 
A,I_DSK2_N,PC_IND_IU3,NL	4.06 
A,I_DSK2_N,PC_IND_IU3,NL1	4.95 
A,I_DSK2_N,PC_IND_IU3,NL2	3.89 
A,I_DSK2_N,PC_IND_IU3,NL3	3.68 
A,I_DSK2_N,PC_IND_IU3,NL4	4.68 
A,I_DSK2_N,PC_IND_IU3,NO	3.44 
A,I_DSK2_N,PC_IND_IU3,PL	12.16 
A,I_DSK2_N,PC_IND_IU3,PL2	12.30 
A,I_DSK2_N,PC_IND_IU3,PL4	10.66 
A,I_DSK2_N,PC_IND_IU3,PL5	12.51 
A,I_DSK2_N,PC_IND_IU3,PL6	12.06 
A,I_DSK2_N,PC_IND_IU3,PL7	14.25 
A,I_DSK2_N,PC_IND_IU3,PL8	16.48 
A,I_DSK2_N,PC_IND_IU3,PL9	7.58 
A,I_DSK2_N,PC_IND_IU3,PT	8.78 
A,I_DSK2_N,PC_IND_IU3,PT1	8.68 
A,I_DSK2_N,PC_IND_IU3,PT2	9.82 
A,I_DSK2_N,PC_IND_IU3,PT3	11.96 
A,I_DSK2_N,PC_IND_IU3,RO	21.16 
A,I_DSK2_N,PC_IND_IU3,RO1	20.55 
A,I_DSK2_N,PC_IND_IU3,RO2	19.82 
A,I_DSK2_N,PC_IND_IU3,RO3	19.61 
A,I_DSK2_N,PC_IND_IU3,RO4	26.31 
A,I_DSK2_N,PC_IND_IU3,RS	10.58 
A,I_DSK2_N,PC_IND_IU3,RS1	10.39 
A,I_DSK2_N,PC_IND_IU3,RS2	10.79 
A,I_DSK2_N,PC_IND_IU3,SE	7.63 
A,I_DSK2_N,PC_IND_IU3,SE1	7.42 
A,I_DSK2_N,PC_IND_IU3,SE2	7.32 
A,I_DSK2_N,PC_IND_IU3,SE3	8.95 
A,I_DSK2_N,PC_IND_IU3,SI	13.53 
A,I_DSK2_N,PC_IND_IU3,SK	13.32 
A,I_DSK2_N,PC_IND_IU3,TR	20.60 
A,I_DSK2_N,PC_IND_IU3,TR1	17.15 
A,I_DSK2_N,PC_IND_IU3,TR2	17.90 
A,I_DSK2_N,PC_IND_IU3,TR3	23.18 
A,I_DSK2_N,PC_IND_IU3,TR4	13.96 
A,I_DSK2_N,PC_IND_IU3,TR5	14.02 
A,I_DSK2_N,PC_IND_IU3,TR6	21.86 
A,I_DSK2_N,PC_IND_IU3,TR7	27.62 
A,I_DSK2_N,PC_IND_IU3,TR8	22.45 
A,I_DSK2_N,PC_IND_IU3,TR9	21.90 
A,I_DSK2_N,PC_IND_IU3,TRA	29.93 
A,I_DSK2_N,PC_IND_IU3,TRB	26.28 
A,I_DSK2_N,PC_IND_IU3,TRC	29.46 
A,I_DSK2_N,PC_IND_IU3,XK	5.04 
A,I_DSK2_NA,PC_IND,AL	12.82 
A,I_DSK2_NA,PC_IND,AT	4.70 
A,I_DSK2_NA,PC_IND,AT1	3.29 
A,I_DSK2_NA,PC_IND,AT2	6.38 
A,I_DSK2_NA,PC_IND,AT3	5.50 
A,I_DSK2_NA,PC_IND,BA	9.89 
A,I_DSK2_NA,PC_IND,BE	3.54 
A,I_DSK2_NA,PC_IND,BE1	5.48 
A,I_DSK2_NA,PC_IND,BE2	3.03 
A,I_DSK2_NA,PC_IND,BE3	3.82 
A,I_DSK2_NA,PC_IND,BG	13.15 
A,I_DSK2_NA,PC_IND,BG3	14.09 
A,I_DSK2_NA,PC_IND,BG4	12.30 
A,I_DSK2_NA,PC_IND,CH	1.08 
A,I_DSK2_NA,PC_IND,CY	6.21 
A,I_DSK2_NA,PC_IND,CZ	5.48 
A,I_DSK2_NA,PC_IND,DE	5.42 
A,I_DSK2_NA,PC_IND,DE1	4.06 
A,I_DSK2_NA,PC_IND,DE2	5.28 
A,I_DSK2_NA,PC_IND,DE3	6.95 
A,I_DSK2_NA,PC_IND,DE4	9.60 
A,I_DSK2_NA,PC_IND,DE6	3.55 
A,I_DSK2_NA,PC_IND,DE7	4.48 
A,I_DSK2_NA,PC_IND,DE8	6.41 u
A,I_DSK2_NA,PC_IND,DE9	4.89 
A,I_DSK2_NA,PC_IND,DEA	5.30 
A,I_DSK2_NA,PC_IND,DED	4.95 
A,I_DSK2_NA,PC_IND,DEE	10.10 
A,I_DSK2_NA,PC_IND,DEF	5.29 
A,I_DSK2_NA,PC_IND,DK	0.29 
A,I_DSK2_NA,PC_IND,EE	5.14 
A,I_DSK2_NA,PC_IND,EL	10.85 
A,I_DSK2_NA,PC_IND,EL3	5.68 
A,I_DSK2_NA,PC_IND,EL4	13.88 
A,I_DSK2_NA,PC_IND,EL5	10.60 
A,I_DSK2_NA,PC_IND,EL6	17.80 
A,I_DSK2_NA,PC_IND,ES	3.66 
A,I_DSK2_NA,PC_IND,ES1	5.83 
A,I_DSK2_NA,PC_IND,ES2	3.66 
A,I_DSK2_NA,PC_IND,ES3	1.94 
A,I_DSK2_NA,PC_IND,ES4	4.86 
A,I_DSK2_NA,PC_IND,ES5	2.43 
A,I_DSK2_NA,PC_IND,ES6	5.10 
A,I_DSK2_NA,PC_IND,ES7	3.63 
A,I_DSK2_NA,PC_IND,FI	1.92 
A,I_DSK2_NA,PC_IND,FR	5.02 
A,I_DSK2_NA,PC_IND,FR1	3.50 u
A,I_DSK2_NA,PC_IND,FRB	4.54 u
A,I_DSK2_NA,PC_IND,FRC	7.51 u
A,I_DSK2_NA,PC_IND,FRD	4.99 u
A,I_DSK2_NA,PC_IND,FRE	6.50 u
A,I_DSK2_NA,PC_IND,FRF	6.30 u
A,I_DSK2_NA,PC_IND,FRG	3.73 u
A,I_DSK2_NA,PC_IND,FRH	4.69 u
A,I_DSK2_NA,PC_IND,FRI	4.54 u
A,I_DSK2_NA,PC_IND,FRJ	5.15 u
A,I_DSK2_NA,PC_IND,FRK	4.80 u
A,I_DSK2_NA,PC_IND,FRL	4.21 u
A,I_DSK2_NA,PC_IND,FRM	7.56 u
A,I_DSK2_NA,PC_IND,FRY	11.27 u
A,I_DSK2_NA,PC_IND,HR	14.10 
A,I_DSK2_NA,PC_IND,HU	7.20 
A,I_DSK2_NA,PC_IND,HU1	4.80 
A,I_DSK2_NA,PC_IND,HU2	7.37 
A,I_DSK2_NA,PC_IND,HU3	9.08 
A,I_DSK2_NA,PC_IND,IE	0.22 
A,I_DSK2_NA,PC_IND,IT	9.68 
A,I_DSK2_NA,PC_IND,ITC	7.09 
A,I_DSK2_NA,PC_IND,ITF	15.30 
A,I_DSK2_NA,PC_IND,ITG	13.32 
A,I_DSK2_NA,PC_IND,ITH	7.50 
A,I_DSK2_NA,PC_IND,ITI	6.84 
A,I_DSK2_NA,PC_IND,LT	10.70 
A,I_DSK2_NA,PC_IND,LU	0.87 
A,I_DSK2_NA,PC_IND,LV	5.47 
A,I_DSK2_NA,PC_IND,ME	5.78 
A,I_DSK2_NA,PC_IND,MK	7.86 
A,I_DSK2_NA,PC_IND,MT	3.99 
A,I_DSK2_NA,PC_IND,NL	0.29 
A,I_DSK2_NA,PC_IND,NL1	0.14 
A,I_DSK2_NA,PC_IND,NL2	0.22 
A,I_DSK2_NA,PC_IND,NL3	0.23 
A,I_DSK2_NA,PC_IND,NL4	0.58 
A,I_DSK2_NA,PC_IND,NO	1.18 
A,I_DSK2_NA,PC_IND,PL	10.35 
A,I_DSK2_NA,PC_IND,PL2	9.90 
A,I_DSK2_NA,PC_IND,PL4	8.84 
A,I_DSK2_NA,PC_IND,PL5	6.47 
A,I_DSK2_NA,PC_IND,PL6	10.92 
A,I_DSK2_NA,PC_IND,PL7	15.09 
A,I_DSK2_NA,PC_IND,PL8	12.46 
A,I_DSK2_NA,PC_IND,PL9	8.83 
A,I_DSK2_NA,PC_IND,PT	10.55 
A,I_DSK2_NA,PC_IND,PT1	10.51 
A,I_DSK2_NA,PC_IND,PT2	10.82 
A,I_DSK2_NA,PC_IND,PT3	11.67 
A,I_DSK2_NA,PC_IND,RO	6.85 
A,I_DSK2_NA,PC_IND,RO1	5.90 
A,I_DSK2_NA,PC_IND,RO2	7.81 
A,I_DSK2_NA,PC_IND,RO3	6.63 
A,I_DSK2_NA,PC_IND,RO4	6.97 
A,I_DSK2_NA,PC_IND,RS	9.96 
A,I_DSK2_NA,PC_IND,RS1	8.26 
A,I_DSK2_NA,PC_IND,RS2	11.77 
A,I_DSK2_NA,PC_IND,SE	1.75 
A,I_DSK2_NA,PC_IND,SE1	2.01 
A,I_DSK2_NA,PC_IND,SE2	1.49 
A,I_DSK2_NA,PC_IND,SE3	1.76 
A,I_DSK2_NA,PC_IND,SI	8.43 
A,I_DSK2_NA,PC_IND,SK	7.51 
A,I_DSK2_NA,PC_IND,TR	10.23 
A,I_DSK2_NA,PC_IND,TR1	3.84 
A,I_DSK2_NA,PC_IND,TR2	12.38 
A,I_DSK2_NA,PC_IND,TR3	11.32 
A,I_DSK2_NA,PC_IND,TR4	7.33 
A,I_DSK2_NA,PC_IND,TR5	9.68 
A,I_DSK2_NA,PC_IND,TR6	10.75 
A,I_DSK2_NA,PC_IND,TR7	11.46 
A,I_DSK2_NA,PC_IND,TR8	13.09 
A,I_DSK2_NA,PC_IND,TR9	15.17 
A,I_DSK2_NA,PC_IND,TRA	15.80 
A,I_DSK2_NA,PC_IND,TRB	21.38 
A,I_DSK2_NA,PC_IND,TRC	13.37 
A,I_DSK2_NA,PC_IND,XK	1.53 
A,I_DSK2_PS_AB,PC_IND,AL	30.49 
A,I_DSK2_PS_AB,PC_IND,AT	67.75 
A,I_DSK2_PS_AB,PC_IND,AT1	70.52 
A,I_DSK2_PS_AB,PC_IND,AT2	64.64 
A,I_DSK2_PS_AB,PC_IND,AT3	66.06 
A,I_DSK2_PS_AB,PC_IND,BA	36.14 
A,I_DSK2_PS_AB,PC_IND,BE	61.76 
A,I_DSK2_PS_AB,PC_IND,BE1	63.33 
A,I_DSK2_PS_AB,PC_IND,BE2	62.87 
A,I_DSK2_PS_AB,PC_IND,BE3	59.19 
A,I_DSK2_PS_AB,PC_IND,BG	34.03 
A,I_DSK2_PS_AB,PC_IND,BG3	29.44 
A,I_DSK2_PS_AB,PC_IND,BG4	38.25 
A,I_DSK2_PS_AB,PC_IND,CH	75.69 
A,I_DSK2_PS_AB,PC_IND,CY	58.69 
A,I_DSK2_PS_AB,PC_IND,CZ	66.15 
A,I_DSK2_PS_AB,PC_IND,DE	62.29 
A,I_DSK2_PS_AB,PC_IND,DE1	71.18 
A,I_DSK2_PS_AB,PC_IND,DE2	52.49 
A,I_DSK2_PS_AB,PC_IND,DE3	66.11 
A,I_DSK2_PS_AB,PC_IND,DE4	54.57 
A,I_DSK2_PS_AB,PC_IND,DE6	66.66 
A,I_DSK2_PS_AB,PC_IND,DE7	59.32 
A,I_DSK2_PS_AB,PC_IND,DE8	49.22 
A,I_DSK2_PS_AB,PC_IND,DE9	68.82 
A,I_DSK2_PS_AB,PC_IND,DEA	66.67 
A,I_DSK2_PS_AB,PC_IND,DED	57.36 
A,I_DSK2_PS_AB,PC_IND,DEE	38.63 
A,I_DSK2_PS_AB,PC_IND,DEF	66.89 
A,I_DSK2_PS_AB,PC_IND,DK	85.63 
A,I_DSK2_PS_AB,PC_IND,EE	67.80 
A,I_DSK2_PS_AB,PC_IND,EL	54.50 
A,I_DSK2_PS_AB,PC_IND,EL3	51.90 
A,I_DSK2_PS_AB,PC_IND,EL4	61.85 
A,I_DSK2_PS_AB,PC_IND,EL5	65.66 
A,I_DSK2_PS_AB,PC_IND,EL6	42.12 
A,I_DSK2_PS_AB,PC_IND,ES	67.33 
A,I_DSK2_PS_AB,PC_IND,ES1	63.45 
A,I_DSK2_PS_AB,PC_IND,ES2	66.38 
A,I_DSK2_PS_AB,PC_IND,ES3	72.03 
A,I_DSK2_PS_AB,PC_IND,ES4	60.75 
A,I_DSK2_PS_AB,PC_IND,ES5	70.61 
A,I_DSK2_PS_AB,PC_IND,ES6	65.63 
A,I_DSK2_PS_AB,PC_IND,ES7	64.20 
A,I_DSK2_PS_AB,PC_IND,FI	82.58 
A,I_DSK2_PS_AB,PC_IND,FR	67.49 
A,I_DSK2_PS_AB,PC_IND,FR1	72.47 u
A,I_DSK2_PS_AB,PC_IND,FRB	67.34 u
A,I_DSK2_PS_AB,PC_IND,FRC	64.61 u
A,I_DSK2_PS_AB,PC_IND,FRD	66.77 u
A,I_DSK2_PS_AB,PC_IND,FRE	63.12 u
A,I_DSK2_PS_AB,PC_IND,FRF	63.94 u
A,I_DSK2_PS_AB,PC_IND,FRG	72.67 u
A,I_DSK2_PS_AB,PC_IND,FRH	65.36 u
A,I_DSK2_PS_AB,PC_IND,FRI	66.48 u
A,I_DSK2_PS_AB,PC_IND,FRJ	65.20 u
A,I_DSK2_PS_AB,PC_IND,FRK	71.21 u
A,I_DSK2_PS_AB,PC_IND,FRL	67.65 u
A,I_DSK2_PS_AB,PC_IND,FRM	64.11 u
A,I_DSK2_PS_AB,PC_IND,FRY	51.60 u
A,I_DSK2_PS_AB,PC_IND,HR	54.64 
A,I_DSK2_PS_AB,PC_IND,HU	61.82 
A,I_DSK2_PS_AB,PC_IND,HU1	73.54 
A,I_DSK2_PS_AB,PC_IND,HU2	58.05 
A,I_DSK2_PS_AB,PC_IND,HU3	54.92 
A,I_DSK2_PS_AB,PC_IND,IE	87.42 
A,I_DSK2_PS_AB,PC_IND,IT	54.85 
A,I_DSK2_PS_AB,PC_IND,ITC	61.46 
A,I_DSK2_PS_AB,PC_IND,ITF	43.27 
A,I_DSK2_PS_AB,PC_IND,ITG	47.63 
A,I_DSK2_PS_AB,PC_IND,ITH	60.26 
A,I_DSK2_PS_AB,PC_IND,ITI	57.90 
A,I_DSK2_PS_AB,PC_IND,LT	57.50 
A,I_DSK2_PS_AB,PC_IND,LU	64.86 
A,I_DSK2_PS_AB,PC_IND,LV	55.52 
A,I_DSK2_PS_AB,PC_IND,ME	26.47 
A,I_DSK2_PS_AB,PC_IND,MK	25.86 
A,I_DSK2_PS_AB,PC_IND,MT	67.28 
A,I_DSK2_PS_AB,PC_IND,NL	89.63 
A,I_DSK2_PS_AB,PC_IND,NL1	87.92 
A,I_DSK2_PS_AB,PC_IND,NL2	87.73 
A,I_DSK2_PS_AB,PC_IND,NL3	90.56 
A,I_DSK2_PS_AB,PC_IND,NL4	90.21 
A,I_DSK2_PS_AB,PC_IND,NO	86.03 
A,I_DSK2_PS_AB,PC_IND,PL	55.22 
A,I_DSK2_PS_AB,PC_IND,PL2	56.84 
A,I_DSK2_PS_AB,PC_IND,PL4	54.92 
A,I_DSK2_PS_AB,PC_IND,PL5	63.35 
A,I_DSK2_PS_AB,PC_IND,PL6	51.54 
A,I_DSK2_PS_AB,PC_IND,PL7	49.95 
A,I_DSK2_PS_AB,PC_IND,PL8	46.85 
A,I_DSK2_PS_AB,PC_IND,PL9	64.11 
A,I_DSK2_PS_AB,PC_IND,PT	47.25 
A,I_DSK2_PS_AB,PC_IND,PT1	47.77 
A,I_DSK2_PS_AB,PC_IND,PT2	37.44 
A,I_DSK2_PS_AB,PC_IND,PT3	36.88 
A,I_DSK2_PS_AB,PC_IND,RO	27.41 
A,I_DSK2_PS_AB,PC_IND,RO1	28.77 
A,I_DSK2_PS_AB,PC_IND,RO2	24.68 
A,I_DSK2_PS_AB,PC_IND,RO3	32.33 
A,I_DSK2_PS_AB,PC_IND,RO4	22.61 
A,I_DSK2_PS_AB,PC_IND,RS	46.91 
A,I_DSK2_PS_AB,PC_IND,RS1	49.61 
A,I_DSK2_PS_AB,PC_IND,RS2	44.01 
A,I_DSK2_PS_AB,PC_IND,SE	78.44 
A,I_DSK2_PS_AB,PC_IND,SE1	79.36 
A,I_DSK2_PS_AB,PC_IND,SE2	78.34 
A,I_DSK2_PS_AB,PC_IND,SE3	76.49 
A,I_DSK2_PS_AB,PC_IND,SI	52.25 
A,I_DSK2_PS_AB,PC_IND,SK	52.03 
A,I_DSK2_PS_AB,PC_IND,TR	37.09 
A,I_DSK2_PS_AB,PC_IND,TR1	48.01 
A,I_DSK2_PS_AB,PC_IND,TR2	34.11 
A,I_DSK2_PS_AB,PC_IND,TR3	34.93 
A,I_DSK2_PS_AB,PC_IND,TR4	45.63 
A,I_DSK2_PS_AB,PC_IND,TR5	41.60 
A,I_DSK2_PS_AB,PC_IND,TR6	32.10 
A,I_DSK2_PS_AB,PC_IND,TR7	27.04 
A,I_DSK2_PS_AB,PC_IND,TR8	31.76 
A,I_DSK2_PS_AB,PC_IND,TR9	30.74 
A,I_DSK2_PS_AB,PC_IND,TRA	29.22 
A,I_DSK2_PS_AB,PC_IND,TRB	28.12 
A,I_DSK2_PS_AB,PC_IND,TRC	28.23 
A,I_DSK2_PS_AB,PC_IND,XK	38.17 
A,I_DSK2_PS_AB,PC_IND_IU3,AL	34.97 
A,I_DSK2_PS_AB,PC_IND_IU3,AT	71.09 
A,I_DSK2_PS_AB,PC_IND_IU3,AT1	72.92 
A,I_DSK2_PS_AB,PC_IND_IU3,AT2	69.04 
A,I_DSK2_PS_AB,PC_IND_IU3,AT3	69.90 
A,I_DSK2_PS_AB,PC_IND_IU3,BA	40.10 
A,I_DSK2_PS_AB,PC_IND_IU3,BE	64.02 
A,I_DSK2_PS_AB,PC_IND_IU3,BE1	67.00 
A,I_DSK2_PS_AB,PC_IND_IU3,BE2	64.83 
A,I_DSK2_PS_AB,PC_IND_IU3,BE3	61.54 
A,I_DSK2_PS_AB,PC_IND_IU3,BG	39.19 
A,I_DSK2_PS_AB,PC_IND_IU3,BG3	34.26 
A,I_DSK2_PS_AB,PC_IND_IU3,BG4	43.62 
A,I_DSK2_PS_AB,PC_IND_IU3,CH	76.52 
A,I_DSK2_PS_AB,PC_IND_IU3,CY	62.58 
A,I_DSK2_PS_AB,PC_IND_IU3,CZ	69.98 
A,I_DSK2_PS_AB,PC_IND_IU3,DE	65.86 
A,I_DSK2_PS_AB,PC_IND_IU3,DE1	74.19 
A,I_DSK2_PS_AB,PC_IND_IU3,DE2	55.41 
A,I_DSK2_PS_AB,PC_IND_IU3,DE3	71.04 
A,I_DSK2_PS_AB,PC_IND_IU3,DE4	60.37 
A,I_DSK2_PS_AB,PC_IND_IU3,DE6	69.11 
A,I_DSK2_PS_AB,PC_IND_IU3,DE7	62.11 
A,I_DSK2_PS_AB,PC_IND_IU3,DE8	52.59 
A,I_DSK2_PS_AB,PC_IND_IU3,DE9	72.36 
A,I_DSK2_PS_AB,PC_IND_IU3,DEA	70.40 
A,I_DSK2_PS_AB,PC_IND_IU3,DED	60.35 
A,I_DSK2_PS_AB,PC_IND_IU3,DEE	42.97 
A,I_DSK2_PS_AB,PC_IND_IU3,DEF	70.63 
A,I_DSK2_PS_AB,PC_IND_IU3,DK	85.88 
A,I_DSK2_PS_AB,PC_IND_IU3,EE	71.47 
A,I_DSK2_PS_AB,PC_IND_IU3,EL	61.13 
A,I_DSK2_PS_AB,PC_IND_IU3,EL3	55.03 
A,I_DSK2_PS_AB,PC_IND_IU3,EL4	71.82 
A,I_DSK2_PS_AB,PC_IND_IU3,EL5	73.44 
A,I_DSK2_PS_AB,PC_IND_IU3,EL6	51.24 
A,I_DSK2_PS_AB,PC_IND_IU3,ES	69.89 
A,I_DSK2_PS_AB,PC_IND_IU3,ES1	67.37 
A,I_DSK2_PS_AB,PC_IND_IU3,ES2	68.90 
A,I_DSK2_PS_AB,PC_IND_IU3,ES3	73.45 
A,I_DSK2_PS_AB,PC_IND_IU3,ES4	63.86 
A,I_DSK2_PS_AB,PC_IND_IU3,ES5	72.37 
A,I_DSK2_PS_AB,PC_IND_IU3,ES6	69.15 
A,I_DSK2_PS_AB,PC_IND_IU3,ES7	66.62 
A,I_DSK2_PS_AB,PC_IND_IU3,FI	84.20 
A,I_DSK2_PS_AB,PC_IND_IU3,FR	71.06 
A,I_DSK2_PS_AB,PC_IND_IU3,FR1	75.10 u
A,I_DSK2_PS_AB,PC_IND_IU3,FRB	70.54 u
A,I_DSK2_PS_AB,PC_IND_IU3,FRC	69.86 u
A,I_DSK2_PS_AB,PC_IND_IU3,FRD	70.28 u
A,I_DSK2_PS_AB,PC_IND_IU3,FRE	67.51 u
A,I_DSK2_PS_AB,PC_IND_IU3,FRF	68.24 u
A,I_DSK2_PS_AB,PC_IND_IU3,FRG	75.49 u
A,I_DSK2_PS_AB,PC_IND_IU3,FRH	68.57 u
A,I_DSK2_PS_AB,PC_IND_IU3,FRI	69.64 u
A,I_DSK2_PS_AB,PC_IND_IU3,FRJ	68.74 u
A,I_DSK2_PS_AB,PC_IND_IU3,FRK	74.80 u
A,I_DSK2_PS_AB,PC_IND_IU3,FRL	70.62 u
A,I_DSK2_PS_AB,PC_IND_IU3,FRM	69.35 u
A,I_DSK2_PS_AB,PC_IND_IU3,FRY	58.15 u
A,I_DSK2_PS_AB,PC_IND_IU3,HR	63.60 
A,I_DSK2_PS_AB,PC_IND_IU3,HU	66.61 
A,I_DSK2_PS_AB,PC_IND_IU3,HU1	77.24 
A,I_DSK2_PS_AB,PC_IND_IU3,HU2	62.67 
A,I_DSK2_PS_AB,PC_IND_IU3,HU3	60.40 
A,I_DSK2_PS_AB,PC_IND_IU3,IE	87.62 
A,I_DSK2_PS_AB,PC_IND_IU3,IT	60.73 
A,I_DSK2_PS_AB,PC_IND_IU3,ITC	66.15 
A,I_DSK2_PS_AB,PC_IND_IU3,ITF	51.08 
A,I_DSK2_PS_AB,PC_IND_IU3,ITG	54.94 
A,I_DSK2_PS_AB,PC_IND_IU3,ITH	65.15 
A,I_DSK2_PS_AB,PC_IND_IU3,ITI	62.14 
A,I_DSK2_PS_AB,PC_IND_IU3,LT	64.39 
A,I_DSK2_PS_AB,PC_IND_IU3,LU	65.43 
A,I_DSK2_PS_AB,PC_IND_IU3,LV	58.73 
A,I_DSK2_PS_AB,PC_IND_IU3,ME	28.09 
A,I_DSK2_PS_AB,PC_IND_IU3,MK	28.07 
A,I_DSK2_PS_AB,PC_IND_IU3,MT	70.07 
A,I_DSK2_PS_AB,PC_IND_IU3,NL	89.90 
A,I_DSK2_PS_AB,PC_IND_IU3,NL1	88.04 
A,I_DSK2_PS_AB,PC_IND_IU3,NL2	87.93 
A,I_DSK2_PS_AB,PC_IND_IU3,NL3	90.76 
A,I_DSK2_PS_AB,PC_IND_IU3,NL4	90.74 
A,I_DSK2_PS_AB,PC_IND_IU3,NO	87.06 
A,I_DSK2_PS_AB,PC_IND_IU3,PL	61.59 
A,I_DSK2_PS_AB,PC_IND_IU3,PL2	63.09 
A,I_DSK2_PS_AB,PC_IND_IU3,PL4	60.24 
A,I_DSK2_PS_AB,PC_IND_IU3,PL5	67.73 
A,I_DSK2_PS_AB,PC_IND_IU3,PL6	57.86 
A,I_DSK2_PS_AB,PC_IND_IU3,PL7	58.82 
A,I_DSK2_PS_AB,PC_IND_IU3,PL8	53.52 
A,I_DSK2_PS_AB,PC_IND_IU3,PL9	70.31 
A,I_DSK2_PS_AB,PC_IND_IU3,PT	52.83 
A,I_DSK2_PS_AB,PC_IND_IU3,PT1	53.38 
A,I_DSK2_PS_AB,PC_IND_IU3,PT2	41.98 
A,I_DSK2_PS_AB,PC_IND_IU3,PT3	41.75 
A,I_DSK2_PS_AB,PC_IND_IU3,RO	29.43 
A,I_DSK2_PS_AB,PC_IND_IU3,RO1	30.57 
A,I_DSK2_PS_AB,PC_IND_IU3,RO2	26.77 
A,I_DSK2_PS_AB,PC_IND_IU3,RO3	34.62 
A,I_DSK2_PS_AB,PC_IND_IU3,RO4	24.31 
A,I_DSK2_PS_AB,PC_IND_IU3,RS	52.09 
A,I_DSK2_PS_AB,PC_IND_IU3,RS1	54.08 
A,I_DSK2_PS_AB,PC_IND_IU3,RS2	49.88 
A,I_DSK2_PS_AB,PC_IND_IU3,SE	79.84 
A,I_DSK2_PS_AB,PC_IND_IU3,SE1	80.98 
A,I_DSK2_PS_AB,PC_IND_IU3,SE2	79.52 
A,I_DSK2_PS_AB,PC_IND_IU3,SE3	77.86 
A,I_DSK2_PS_AB,PC_IND_IU3,SI	57.06 
A,I_DSK2_PS_AB,PC_IND_IU3,SK	56.25 
A,I_DSK2_PS_AB,PC_IND_IU3,TR	41.31 
A,I_DSK2_PS_AB,PC_IND_IU3,TR1	49.93 
A,I_DSK2_PS_AB,PC_IND_IU3,TR2	38.93 
A,I_DSK2_PS_AB,PC_IND_IU3,TR3	39.38 
A,I_DSK2_PS_AB,PC_IND_IU3,TR4	49.23 
A,I_DSK2_PS_AB,PC_IND_IU3,TR5	46.05 
A,I_DSK2_PS_AB,PC_IND_IU3,TR6	35.96 
A,I_DSK2_PS_AB,PC_IND_IU3,TR7	30.54 
A,I_DSK2_PS_AB,PC_IND_IU3,TR8	36.54 
A,I_DSK2_PS_AB,PC_IND_IU3,TR9	36.23 
A,I_DSK2_PS_AB,PC_IND_IU3,TRA	34.70 
A,I_DSK2_PS_AB,PC_IND_IU3,TRB	35.76 
A,I_DSK2_PS_AB,PC_IND_IU3,TRC	32.58 
A,I_DSK2_PS_AB,PC_IND_IU3,XK	38.76 
A,I_DSK2_PS_B,PC_IND,AL	28.87 
A,I_DSK2_PS_B,PC_IND,AT	20.91 
A,I_DSK2_PS_B,PC_IND,AT1	19.87 
A,I_DSK2_PS_B,PC_IND,AT2	21.24 
A,I_DSK2_PS_B,PC_IND,AT3	22.01 
A,I_DSK2_PS_B,PC_IND,BA	30.62 
A,I_DSK2_PS_B,PC_IND,BE	30.16 
A,I_DSK2_PS_B,PC_IND,BE1	24.48 
A,I_DSK2_PS_B,PC_IND,BE2	30.47 
A,I_DSK2_PS_B,PC_IND,BE3	31.53 
A,I_DSK2_PS_B,PC_IND,BG	30.27 
A,I_DSK2_PS_B,PC_IND,BG3	30.89 
A,I_DSK2_PS_B,PC_IND,BG4	29.70 
A,I_DSK2_PS_B,PC_IND,CH	18.97 
A,I_DSK2_PS_B,PC_IND,CY	27.39 
A,I_DSK2_PS_B,PC_IND,CZ	24.64 
A,I_DSK2_PS_B,PC_IND,DE	26.35 
A,I_DSK2_PS_B,PC_IND,DE1	19.89 
A,I_DSK2_PS_B,PC_IND,DE2	35.21 
A,I_DSK2_PS_B,PC_IND,DE3	23.21 
A,I_DSK2_PS_B,PC_IND,DE4	31.76 
A,I_DSK2_PS_B,PC_IND,DE6	25.15 
A,I_DSK2_PS_B,PC_IND,DE7	28.55 
A,I_DSK2_PS_B,PC_IND,DE8	37.32 
A,I_DSK2_PS_B,PC_IND,DE9	22.52 
A,I_DSK2_PS_B,PC_IND,DEA	22.17 
A,I_DSK2_PS_B,PC_IND,DED	31.10 
A,I_DSK2_PS_B,PC_IND,DEE	38.86 
A,I_DSK2_PS_B,PC_IND,DEF	21.38 
A,I_DSK2_PS_B,PC_IND,DK	13.06 
A,I_DSK2_PS_B,PC_IND,EE	23.60 
A,I_DSK2_PS_B,PC_IND,EL	27.81 
A,I_DSK2_PS_B,PC_IND,EL3	34.05 
A,I_DSK2_PS_B,PC_IND,EL4	19.20 
A,I_DSK2_PS_B,PC_IND,EL5	19.11 
A,I_DSK2_PS_B,PC_IND,EL6	32.20 
A,I_DSK2_PS_B,PC_IND,ES	21.74 
A,I_DSK2_PS_B,PC_IND,ES1	23.08 
A,I_DSK2_PS_B,PC_IND,ES2	22.68 
A,I_DSK2_PS_B,PC_IND,ES3	19.80 
A,I_DSK2_PS_B,PC_IND,ES4	24.82 
A,I_DSK2_PS_B,PC_IND,ES5	20.87 
A,I_DSK2_PS_B,PC_IND,ES6	21.21 
A,I_DSK2_PS_B,PC_IND,ES7	24.05 
A,I_DSK2_PS_B,PC_IND,FI	14.72 
A,I_DSK2_PS_B,PC_IND,FR	23.47 
A,I_DSK2_PS_B,PC_IND,FR1	21.17 u
A,I_DSK2_PS_B,PC_IND,FRB	23.41 u
A,I_DSK2_PS_B,PC_IND,FRC	22.95 u
A,I_DSK2_PS_B,PC_IND,FRD	24.66 u
A,I_DSK2_PS_B,PC_IND,FRE	25.20 u
A,I_DSK2_PS_B,PC_IND,FRF	26.22 u
A,I_DSK2_PS_B,PC_IND,FRG	20.18 u
A,I_DSK2_PS_B,PC_IND,FRH	24.57 u
A,I_DSK2_PS_B,PC_IND,FRI	24.84 u
A,I_DSK2_PS_B,PC_IND,FRJ	25.85 u
A,I_DSK2_PS_B,PC_IND,FRK	20.36 u
A,I_DSK2_PS_B,PC_IND,FRL	24.41 u
A,I_DSK2_PS_B,PC_IND,FRM	23.89 u
A,I_DSK2_PS_B,PC_IND,FRY	27.91 u
A,I_DSK2_PS_B,PC_IND,HR	22.69 
A,I_DSK2_PS_B,PC_IND,HU	21.63 
A,I_DSK2_PS_B,PC_IND,HU1	15.45 
A,I_DSK2_PS_B,PC_IND,HU2	24.47 
A,I_DSK2_PS_B,PC_IND,HU3	24.59 
A,I_DSK2_PS_B,PC_IND,IE	11.51 
A,I_DSK2_PS_B,PC_IND,IT	23.32 
A,I_DSK2_PS_B,PC_IND,ITC	22.21 
A,I_DSK2_PS_B,PC_IND,ITF	25.27 
A,I_DSK2_PS_B,PC_IND,ITG	23.24 
A,I_DSK2_PS_B,PC_IND,ITH	22.45 
A,I_DSK2_PS_B,PC_IND,ITI	23.49 
A,I_DSK2_PS_B,PC_IND,LT	25.31 
A,I_DSK2_PS_B,PC_IND,LU	27.97 
A,I_DSK2_PS_B,PC_IND,LV	34.20 
A,I_DSK2_PS_B,PC_IND,ME	54.79 
A,I_DSK2_PS_B,PC_IND,MK	41.99 
A,I_DSK2_PS_B,PC_IND,MT	21.54 
A,I_DSK2_PS_B,PC_IND,NL	8.85 
A,I_DSK2_PS_B,PC_IND,NL1	10.59 
A,I_DSK2_PS_B,PC_IND,NL2	10.52 
A,I_DSK2_PS_B,PC_IND,NL3	8.41 
A,I_DSK2_PS_B,PC_IND,NL4	7.40 
A,I_DSK2_PS_B,PC_IND,NO	12.19 
A,I_DSK2_PS_B,PC_IND,PL	25.19 
A,I_DSK2_PS_B,PC_IND,PL2	24.98 
A,I_DSK2_PS_B,PC_IND,PL4	24.32 
A,I_DSK2_PS_B,PC_IND,PL5	23.51 
A,I_DSK2_PS_B,PC_IND,PL6	28.53 
A,I_DSK2_PS_B,PC_IND,PL7	25.31 
A,I_DSK2_PS_B,PC_IND,PL8	28.76 
A,I_DSK2_PS_B,PC_IND,PL9	20.35 
A,I_DSK2_PS_B,PC_IND,PT	30.50 
A,I_DSK2_PS_B,PC_IND,PT1	30.18 
A,I_DSK2_PS_B,PC_IND,PT2	35.78 
A,I_DSK2_PS_B,PC_IND,PT3	37.62 
A,I_DSK2_PS_B,PC_IND,RO	40.34 
A,I_DSK2_PS_B,PC_IND,RO1	38.17 
A,I_DSK2_PS_B,PC_IND,RO2	40.82 
A,I_DSK2_PS_B,PC_IND,RO3	39.82 
A,I_DSK2_PS_B,PC_IND,RO4	43.34 
A,I_DSK2_PS_B,PC_IND,RS	31.04 
A,I_DSK2_PS_B,PC_IND,RS1	31.09 
A,I_DSK2_PS_B,PC_IND,RS2	30.99 
A,I_DSK2_PS_B,PC_IND,SE	17.83 
A,I_DSK2_PS_B,PC_IND,SE1	16.58 
A,I_DSK2_PS_B,PC_IND,SE2	18.57 
A,I_DSK2_PS_B,PC_IND,SE3	19.05 
A,I_DSK2_PS_B,PC_IND,SI	28.78 
A,I_DSK2_PS_B,PC_IND,SK	34.06 
A,I_DSK2_PS_B,PC_IND,TR	37.75 
A,I_DSK2_PS_B,PC_IND,TR1	35.91 
A,I_DSK2_PS_B,PC_IND,TR2	38.59 
A,I_DSK2_PS_B,PC_IND,TR3	38.72 
A,I_DSK2_PS_B,PC_IND,TR4	34.96 
A,I_DSK2_PS_B,PC_IND,TR5	36.38 
A,I_DSK2_PS_B,PC_IND,TR6	40.87 
A,I_DSK2_PS_B,PC_IND,TR7	43.57 
A,I_DSK2_PS_B,PC_IND,TR8	34.53 
A,I_DSK2_PS_B,PC_IND,TR9	37.56 
A,I_DSK2_PS_B,PC_IND,TRA	37.95 
A,I_DSK2_PS_B,PC_IND,TRB	36.54 
A,I_DSK2_PS_B,PC_IND,TRC	39.57 
A,I_DSK2_PS_B,PC_IND,XK	47.29 
A,I_DSK2_PS_B,PC_IND_IU3,AL	33.11 
A,I_DSK2_PS_B,PC_IND_IU3,AT	21.94 
A,I_DSK2_PS_B,PC_IND_IU3,AT1	20.54 
A,I_DSK2_PS_B,PC_IND_IU3,AT2	22.69 
A,I_DSK2_PS_B,PC_IND_IU3,AT3	23.29 
A,I_DSK2_PS_B,PC_IND_IU3,BA	33.98 
A,I_DSK2_PS_B,PC_IND_IU3,BE	31.27 
A,I_DSK2_PS_B,PC_IND_IU3,BE1	25.90 
A,I_DSK2_PS_B,PC_IND_IU3,BE2	31.42 
A,I_DSK2_PS_B,PC_IND_IU3,BE3	32.78 
A,I_DSK2_PS_B,PC_IND_IU3,BG	34.85 
A,I_DSK2_PS_B,PC_IND_IU3,BG3	35.95 
A,I_DSK2_PS_B,PC_IND_IU3,BG4	33.86 
A,I_DSK2_PS_B,PC_IND_IU3,CH	19.17 
A,I_DSK2_PS_B,PC_IND_IU3,CY	29.20 
A,I_DSK2_PS_B,PC_IND_IU3,CZ	26.07 
A,I_DSK2_PS_B,PC_IND_IU3,DE	27.86 
A,I_DSK2_PS_B,PC_IND_IU3,DE1	20.73 
A,I_DSK2_PS_B,PC_IND_IU3,DE2	37.18 
A,I_DSK2_PS_B,PC_IND_IU3,DE3	24.94 
A,I_DSK2_PS_B,PC_IND_IU3,DE4	35.13 
A,I_DSK2_PS_B,PC_IND_IU3,DE6	26.07 
A,I_DSK2_PS_B,PC_IND_IU3,DE7	29.89 
A,I_DSK2_PS_B,PC_IND_IU3,DE8	39.88 
A,I_DSK2_PS_B,PC_IND_IU3,DE9	23.68 
A,I_DSK2_PS_B,PC_IND_IU3,DEA	23.41 
A,I_DSK2_PS_B,PC_IND_IU3,DED	32.72 
A,I_DSK2_PS_B,PC_IND_IU3,DEE	43.22 
A,I_DSK2_PS_B,PC_IND_IU3,DEF	22.57 
A,I_DSK2_PS_B,PC_IND_IU3,DK	13.10 
A,I_DSK2_PS_B,PC_IND_IU3,EE	24.88 
A,I_DSK2_PS_B,PC_IND_IU3,EL	31.19 
A,I_DSK2_PS_B,PC_IND_IU3,EL3	36.10 
A,I_DSK2_PS_B,PC_IND_IU3,EL4	22.29 
A,I_DSK2_PS_B,PC_IND_IU3,EL5	21.38 
A,I_DSK2_PS_B,PC_IND_IU3,EL6	39.18 
A,I_DSK2_PS_B,PC_IND_IU3,ES	22.57 
A,I_DSK2_PS_B,PC_IND_IU3,ES1	24.50 
A,I_DSK2_PS_B,PC_IND_IU3,ES2	23.54 
A,I_DSK2_PS_B,PC_IND_IU3,ES3	20.19 
A,I_DSK2_PS_B,PC_IND_IU3,ES4	26.09 
A,I_DSK2_PS_B,PC_IND_IU3,ES5	21.39 
A,I_DSK2_PS_B,PC_IND_IU3,ES6	22.35 
A,I_DSK2_PS_B,PC_IND_IU3,ES7	24.96 
A,I_DSK2_PS_B,PC_IND_IU3,FI	15.01 
A,I_DSK2_PS_B,PC_IND_IU3,FR	24.72 
A,I_DSK2_PS_B,PC_IND_IU3,FR1	21.94 u
A,I_DSK2_PS_B,PC_IND_IU3,FRB	24.52 u
A,I_DSK2_PS_B,PC_IND_IU3,FRC	24.81 u
A,I_DSK2_PS_B,PC_IND_IU3,FRD	25.96 u
A,I_DSK2_PS_B,PC_IND_IU3,FRE	26.95 u
A,I_DSK2_PS_B,PC_IND_IU3,FRF	27.98 u
A,I_DSK2_PS_B,PC_IND_IU3,FRG	20.96 u
A,I_DSK2_PS_B,PC_IND_IU3,FRH	25.77 u
A,I_DSK2_PS_B,PC_IND_IU3,FRI	26.02 u
A,I_DSK2_PS_B,PC_IND_IU3,FRJ	27.25 u
A,I_DSK2_PS_B,PC_IND_IU3,FRK	21.39 u
A,I_DSK2_PS_B,PC_IND_IU3,FRL	25.48 u
A,I_DSK2_PS_B,PC_IND_IU3,FRM	25.85 u
A,I_DSK2_PS_B,PC_IND_IU3,FRY	31.45 u
A,I_DSK2_PS_B,PC_IND_IU3,HR	26.42 
A,I_DSK2_PS_B,PC_IND_IU3,HU	23.31 
A,I_DSK2_PS_B,PC_IND_IU3,HU1	16.23 
A,I_DSK2_PS_B,PC_IND_IU3,HU2	26.42 
A,I_DSK2_PS_B,PC_IND_IU3,HU3	27.04 
A,I_DSK2_PS_B,PC_IND_IU3,IE	11.53 
A,I_DSK2_PS_B,PC_IND_IU3,IT	25.82 
A,I_DSK2_PS_B,PC_IND_IU3,ITC	23.91 
A,I_DSK2_PS_B,PC_IND_IU3,ITF	29.83 
A,I_DSK2_PS_B,PC_IND_IU3,ITG	26.81 
A,I_DSK2_PS_B,PC_IND_IU3,ITH	24.27 
A,I_DSK2_PS_B,PC_IND_IU3,ITI	25.22 
A,I_DSK2_PS_B,PC_IND_IU3,LT	28.34 
A,I_DSK2_PS_B,PC_IND_IU3,LU	28.22 
A,I_DSK2_PS_B,PC_IND_IU3,LV	36.18 
A,I_DSK2_PS_B,PC_IND_IU3,ME	58.15 
A,I_DSK2_PS_B,PC_IND_IU3,MK	45.57 
A,I_DSK2_PS_B,PC_IND_IU3,MT	22.43 
A,I_DSK2_PS_B,PC_IND_IU3,NL	8.88 
A,I_DSK2_PS_B,PC_IND_IU3,NL1	10.60 
A,I_DSK2_PS_B,PC_IND_IU3,NL2	10.55 
A,I_DSK2_PS_B,PC_IND_IU3,NL3	8.43 
A,I_DSK2_PS_B,PC_IND_IU3,NL4	7.44 
A,I_DSK2_PS_B,PC_IND_IU3,NO	12.34 
A,I_DSK2_PS_B,PC_IND_IU3,PL	28.10 
A,I_DSK2_PS_B,PC_IND_IU3,PL2	27.73 
A,I_DSK2_PS_B,PC_IND_IU3,PL4	26.67 
A,I_DSK2_PS_B,PC_IND_IU3,PL5	25.13 
A,I_DSK2_PS_B,PC_IND_IU3,PL6	32.03 
A,I_DSK2_PS_B,PC_IND_IU3,PL7	29.81 
A,I_DSK2_PS_B,PC_IND_IU3,PL8	32.85 
A,I_DSK2_PS_B,PC_IND_IU3,PL9	22.32 
A,I_DSK2_PS_B,PC_IND_IU3,PT	34.10 
A,I_DSK2_PS_B,PC_IND_IU3,PT1	33.73 
A,I_DSK2_PS_B,PC_IND_IU3,PT2	40.12 
A,I_DSK2_PS_B,PC_IND_IU3,PT3	42.59 
A,I_DSK2_PS_B,PC_IND_IU3,RO	43.31 
A,I_DSK2_PS_B,PC_IND_IU3,RO1	40.57 
A,I_DSK2_PS_B,PC_IND_IU3,RO2	44.28 
A,I_DSK2_PS_B,PC_IND_IU3,RO3	42.65 
A,I_DSK2_PS_B,PC_IND_IU3,RO4	46.58 
A,I_DSK2_PS_B,PC_IND_IU3,RS	34.47 
A,I_DSK2_PS_B,PC_IND_IU3,RS1	33.89 
A,I_DSK2_PS_B,PC_IND_IU3,RS2	35.12 
A,I_DSK2_PS_B,PC_IND_IU3,SE	18.15 
A,I_DSK2_PS_B,PC_IND_IU3,SE1	16.92 
A,I_DSK2_PS_B,PC_IND_IU3,SE2	18.85 
A,I_DSK2_PS_B,PC_IND_IU3,SE3	19.39 
A,I_DSK2_PS_B,PC_IND_IU3,SI	31.43 
A,I_DSK2_PS_B,PC_IND_IU3,SK	36.83 
A,I_DSK2_PS_B,PC_IND_IU3,TR	42.05 
A,I_DSK2_PS_B,PC_IND_IU3,TR1	37.34 
A,I_DSK2_PS_B,PC_IND_IU3,TR2	44.04 
A,I_DSK2_PS_B,PC_IND_IU3,TR3	43.67 
A,I_DSK2_PS_B,PC_IND_IU3,TR4	37.73 
A,I_DSK2_PS_B,PC_IND_IU3,TR5	40.28 
A,I_DSK2_PS_B,PC_IND_IU3,TR6	45.80 
A,I_DSK2_PS_B,PC_IND_IU3,TR7	49.21 
A,I_DSK2_PS_B,PC_IND_IU3,TR8	39.73 
A,I_DSK2_PS_B,PC_IND_IU3,TR9	44.28 
A,I_DSK2_PS_B,PC_IND_IU3,TRA	45.08 
A,I_DSK2_PS_B,PC_IND_IU3,TRB	46.47 
A,I_DSK2_PS_B,PC_IND_IU3,TRC	45.67 
A,I_DSK2_PS_B,PC_IND_IU3,XK	48.03 
A,I_DSK2_PS_BAB,PC_IND,AL	59.35 
A,I_DSK2_PS_BAB,PC_IND,AT	88.66 
A,I_DSK2_PS_BAB,PC_IND,AT1	90.38 
A,I_DSK2_PS_BAB,PC_IND,AT2	85.88 
A,I_DSK2_PS_BAB,PC_IND,AT3	88.07 
A,I_DSK2_PS_BAB,PC_IND,BA	66.76 
A,I_DSK2_PS_BAB,PC_IND,BE	91.92 
A,I_DSK2_PS_BAB,PC_IND,BE1	87.81 
A,I_DSK2_PS_BAB,PC_IND,BE2	93.34 
A,I_DSK2_PS_BAB,PC_IND,BE3	90.72 
A,I_DSK2_PS_BAB,PC_IND,BG	64.30 
A,I_DSK2_PS_BAB,PC_IND,BG3	60.33 
A,I_DSK2_PS_BAB,PC_IND,BG4	67.95 
A,I_DSK2_PS_BAB,PC_IND,CH	94.66 
A,I_DSK2_PS_BAB,PC_IND,CY	86.08 
A,I_DSK2_PS_BAB,PC_IND,CZ	90.79 
A,I_DSK2_PS_BAB,PC_IND,DE	88.64 
A,I_DSK2_PS_BAB,PC_IND,DE1	91.07 
A,I_DSK2_PS_BAB,PC_IND,DE2	87.70 
A,I_DSK2_PS_BAB,PC_IND,DE3	89.31 
A,I_DSK2_PS_BAB,PC_IND,DE4	86.33 
A,I_DSK2_PS_BAB,PC_IND,DE6	91.80 
A,I_DSK2_PS_BAB,PC_IND,DE7	87.87 
A,I_DSK2_PS_BAB,PC_IND,DE8	86.54 
A,I_DSK2_PS_BAB,PC_IND,DE9	91.33 
A,I_DSK2_PS_BAB,PC_IND,DEA	88.84 
A,I_DSK2_PS_BAB,PC_IND,DED	88.46 
A,I_DSK2_PS_BAB,PC_IND,DEE	77.49 
A,I_DSK2_PS_BAB,PC_IND,DEF	88.27 
A,I_DSK2_PS_BAB,PC_IND,DK	98.69 
A,I_DSK2_PS_BAB,PC_IND,EE	91.40 
A,I_DSK2_PS_BAB,PC_IND,EL	82.31 
A,I_DSK2_PS_BAB,PC_IND,EL3	85.95 
A,I_DSK2_PS_BAB,PC_IND,EL4	81.05 
A,I_DSK2_PS_BAB,PC_IND,EL5	84.77 
A,I_DSK2_PS_BAB,PC_IND,EL6	74.33 
A,I_DSK2_PS_BAB,PC_IND,ES	89.07 
A,I_DSK2_PS_BAB,PC_IND,ES1	86.52 
A,I_DSK2_PS_BAB,PC_IND,ES2	89.06 
A,I_DSK2_PS_BAB,PC_IND,ES3	91.83 
A,I_DSK2_PS_BAB,PC_IND,ES4	85.57 
A,I_DSK2_PS_BAB,PC_IND,ES5	91.48 
A,I_DSK2_PS_BAB,PC_IND,ES6	86.83 
A,I_DSK2_PS_BAB,PC_IND,ES7	88.25 
A,I_DSK2_PS_BAB,PC_IND,FI	97.30 
A,I_DSK2_PS_BAB,PC_IND,FR	90.97 
A,I_DSK2_PS_BAB,PC_IND,FR1	93.64 u
A,I_DSK2_PS_BAB,PC_IND,FRB	90.75 u
A,I_DSK2_PS_BAB,PC_IND,FRC	87.56 u
A,I_DSK2_PS_BAB,PC_IND,FRD	91.43 u
A,I_DSK2_PS_BAB,PC_IND,FRE	88.32 u
A,I_DSK2_PS_BAB,PC_IND,FRF	90.16 u
A,I_DSK2_PS_BAB,PC_IND,FRG	92.85 u
A,I_DSK2_PS_BAB,PC_IND,FRH	89.92 u
A,I_DSK2_PS_BAB,PC_IND,FRI	91.32 u
A,I_DSK2_PS_BAB,PC_IND,FRJ	91.05 u
A,I_DSK2_PS_BAB,PC_IND,FRK	91.57 u
A,I_DSK2_PS_BAB,PC_IND,FRL	92.06 u
A,I_DSK2_PS_BAB,PC_IND,FRM	88.00 u
A,I_DSK2_PS_BAB,PC_IND,FRY	79.51 u
A,I_DSK2_PS_BAB,PC_IND,HR	77.33 
A,I_DSK2_PS_BAB,PC_IND,HU	83.45 
A,I_DSK2_PS_BAB,PC_IND,HU1	88.99 
A,I_DSK2_PS_BAB,PC_IND,HU2	82.52 
A,I_DSK2_PS_BAB,PC_IND,HU3	79.50 
A,I_DSK2_PS_BAB,PC_IND,IE	98.93 
A,I_DSK2_PS_BAB,PC_IND,IT	78.18 
A,I_DSK2_PS_BAB,PC_IND,ITC	83.67 
A,I_DSK2_PS_BAB,PC_IND,ITF	68.54 
A,I_DSK2_PS_BAB,PC_IND,ITG	70.87 
A,I_DSK2_PS_BAB,PC_IND,ITH	82.71 
A,I_DSK2_PS_BAB,PC_IND,ITI	81.39 
A,I_DSK2_PS_BAB,PC_IND,LT	82.80 
A,I_DSK2_PS_BAB,PC_IND,LU	92.83 
A,I_DSK2_PS_BAB,PC_IND,LV	89.72 
A,I_DSK2_PS_BAB,PC_IND,ME	81.26 
A,I_DSK2_PS_BAB,PC_IND,MK	67.85 
A,I_DSK2_PS_BAB,PC_IND,MT	88.81 
A,I_DSK2_PS_BAB,PC_IND,NL	98.49 
A,I_DSK2_PS_BAB,PC_IND,NL1	98.51 
A,I_DSK2_PS_BAB,PC_IND,NL2	98.26 
A,I_DSK2_PS_BAB,PC_IND,NL3	98.97 
A,I_DSK2_PS_BAB,PC_IND,NL4	97.61 
A,I_DSK2_PS_BAB,PC_IND,NO	98.23 
A,I_DSK2_PS_BAB,PC_IND,PL	80.41 
A,I_DSK2_PS_BAB,PC_IND,PL2	81.83 
A,I_DSK2_PS_BAB,PC_IND,PL4	79.23 
A,I_DSK2_PS_BAB,PC_IND,PL5	86.86 
A,I_DSK2_PS_BAB,PC_IND,PL6	80.07 
A,I_DSK2_PS_BAB,PC_IND,PL7	75.26 
A,I_DSK2_PS_BAB,PC_IND,PL8	75.61 
A,I_DSK2_PS_BAB,PC_IND,PL9	84.45 
A,I_DSK2_PS_BAB,PC_IND,PT	77.76 
A,I_DSK2_PS_BAB,PC_IND,PT1	77.96 
A,I_DSK2_PS_BAB,PC_IND,PT2	73.21 
A,I_DSK2_PS_BAB,PC_IND,PT3	74.50 
A,I_DSK2_PS_BAB,PC_IND,RO	67.76 
A,I_DSK2_PS_BAB,PC_IND,RO1	66.94 
A,I_DSK2_PS_BAB,PC_IND,RO2	65.50 
A,I_DSK2_PS_BAB,PC_IND,RO3	72.14 
A,I_DSK2_PS_BAB,PC_IND,RO4	65.95 
A,I_DSK2_PS_BAB,PC_IND,RS	77.95 
A,I_DSK2_PS_BAB,PC_IND,RS1	80.71 
A,I_DSK2_PS_BAB,PC_IND,RS2	75.00 
A,I_DSK2_PS_BAB,PC_IND,SE	96.28 
A,I_DSK2_PS_BAB,PC_IND,SE1	95.93 
A,I_DSK2_PS_BAB,PC_IND,SE2	96.91 
A,I_DSK2_PS_BAB,PC_IND,SE3	95.54 
A,I_DSK2_PS_BAB,PC_IND,SI	81.02 
A,I_DSK2_PS_BAB,PC_IND,SK	86.09 
A,I_DSK2_PS_BAB,PC_IND,TR	74.84 
A,I_DSK2_PS_BAB,PC_IND,TR1	83.92 
A,I_DSK2_PS_BAB,PC_IND,TR2	72.71 
A,I_DSK2_PS_BAB,PC_IND,TR3	73.65 
A,I_DSK2_PS_BAB,PC_IND,TR4	80.59 
A,I_DSK2_PS_BAB,PC_IND,TR5	77.98 
A,I_DSK2_PS_BAB,PC_IND,TR6	72.97 
A,I_DSK2_PS_BAB,PC_IND,TR7	70.61 
A,I_DSK2_PS_BAB,PC_IND,TR8	66.29 
A,I_DSK2_PS_BAB,PC_IND,TR9	68.30 
A,I_DSK2_PS_BAB,PC_IND,TRA	67.17 
A,I_DSK2_PS_BAB,PC_IND,TRB	64.65 
A,I_DSK2_PS_BAB,PC_IND,TRC	67.79 
A,I_DSK2_PS_BAB,PC_IND,XK	85.46 
A,I_DSK2_PS_BAB,PC_IND_IU3,AL	68.09 
A,I_DSK2_PS_BAB,PC_IND_IU3,AT	93.02 
A,I_DSK2_PS_BAB,PC_IND_IU3,AT1	93.46 
A,I_DSK2_PS_BAB,PC_IND_IU3,AT2	91.73 
A,I_DSK2_PS_BAB,PC_IND_IU3,AT3	93.19 
A,I_DSK2_PS_BAB,PC_IND_IU3,BA	74.08 
A,I_DSK2_PS_BAB,PC_IND_IU3,BE	95.29 
A,I_DSK2_PS_BAB,PC_IND_IU3,BE1	92.90 
A,I_DSK2_PS_BAB,PC_IND_IU3,BE2	96.25 
A,I_DSK2_PS_BAB,PC_IND_IU3,BE3	94.32 
A,I_DSK2_PS_BAB,PC_IND_IU3,BG	74.04 
A,I_DSK2_PS_BAB,PC_IND_IU3,BG3	70.22 
A,I_DSK2_PS_BAB,PC_IND_IU3,BG4	77.48 
A,I_DSK2_PS_BAB,PC_IND_IU3,CH	95.69 
A,I_DSK2_PS_BAB,PC_IND_IU3,CY	91.78 
A,I_DSK2_PS_BAB,PC_IND_IU3,CZ	96.05 
A,I_DSK2_PS_BAB,PC_IND_IU3,DE	93.72 
A,I_DSK2_PS_BAB,PC_IND_IU3,DE1	94.92 
A,I_DSK2_PS_BAB,PC_IND_IU3,DE2	92.59 
A,I_DSK2_PS_BAB,PC_IND_IU3,DE3	95.98 
A,I_DSK2_PS_BAB,PC_IND_IU3,DE4	95.50 
A,I_DSK2_PS_BAB,PC_IND_IU3,DE6	95.18 
A,I_DSK2_PS_BAB,PC_IND_IU3,DE7	91.99 
A,I_DSK2_PS_BAB,PC_IND_IU3,DE8	92.47 
A,I_DSK2_PS_BAB,PC_IND_IU3,DE9	96.03 
A,I_DSK2_PS_BAB,PC_IND_IU3,DEA	93.81 
A,I_DSK2_PS_BAB,PC_IND_IU3,DED	93.07 
A,I_DSK2_PS_BAB,PC_IND_IU3,DEE	86.19 
A,I_DSK2_PS_BAB,PC_IND_IU3,DEF	93.20 
A,I_DSK2_PS_BAB,PC_IND_IU3,DK	98.98 
A,I_DSK2_PS_BAB,PC_IND_IU3,EE	96.36 
A,I_DSK2_PS_BAB,PC_IND_IU3,EL	92.32 
A,I_DSK2_PS_BAB,PC_IND_IU3,EL3	91.13 
A,I_DSK2_PS_BAB,PC_IND_IU3,EL4	94.11 
A,I_DSK2_PS_BAB,PC_IND_IU3,EL5	94.81 
A,I_DSK2_PS_BAB,PC_IND_IU3,EL6	90.42 
A,I_DSK2_PS_BAB,PC_IND_IU3,ES	92.46 
A,I_DSK2_PS_BAB,PC_IND_IU3,ES1	91.87 
A,I_DSK2_PS_BAB,PC_IND_IU3,ES2	92.45 
A,I_DSK2_PS_BAB,PC_IND_IU3,ES3	93.64 
A,I_DSK2_PS_BAB,PC_IND_IU3,ES4	89.95 
A,I_DSK2_PS_BAB,PC_IND_IU3,ES5	93.76 
A,I_DSK2_PS_BAB,PC_IND_IU3,ES6	91.50 
A,I_DSK2_PS_BAB,PC_IND_IU3,ES7	91.57 
A,I_DSK2_PS_BAB,PC_IND_IU3,FI	99.21 
A,I_DSK2_PS_BAB,PC_IND_IU3,FR	95.78 
A,I_DSK2_PS_BAB,PC_IND_IU3,FR1	97.03 u
A,I_DSK2_PS_BAB,PC_IND_IU3,FRB	95.06 u
A,I_DSK2_PS_BAB,PC_IND_IU3,FRC	94.67 u
A,I_DSK2_PS_BAB,PC_IND_IU3,FRD	96.23 u
A,I_DSK2_PS_BAB,PC_IND_IU3,FRE	94.47 u
A,I_DSK2_PS_BAB,PC_IND_IU3,FRF	96.22 u
A,I_DSK2_PS_BAB,PC_IND_IU3,FRG	96.45 u
A,I_DSK2_PS_BAB,PC_IND_IU3,FRH	94.35 u
A,I_DSK2_PS_BAB,PC_IND_IU3,FRI	95.66 u
A,I_DSK2_PS_BAB,PC_IND_IU3,FRJ	95.99 u
A,I_DSK2_PS_BAB,PC_IND_IU3,FRK	96.19 u
A,I_DSK2_PS_BAB,PC_IND_IU3,FRL	96.10 u
A,I_DSK2_PS_BAB,PC_IND_IU3,FRM	95.20 u
A,I_DSK2_PS_BAB,PC_IND_IU3,FRY	89.60 u
A,I_DSK2_PS_BAB,PC_IND_IU3,HR	90.02 
A,I_DSK2_PS_BAB,PC_IND_IU3,HU	89.92 
A,I_DSK2_PS_BAB,PC_IND_IU3,HU1	93.47 
A,I_DSK2_PS_BAB,PC_IND_IU3,HU2	89.09 
A,I_DSK2_PS_BAB,PC_IND_IU3,HU3	87.44 
A,I_DSK2_PS_BAB,PC_IND_IU3,IE	99.15 
A,I_DSK2_PS_BAB,PC_IND_IU3,IT	86.55 
A,I_DSK2_PS_BAB,PC_IND_IU3,ITC	90.05 
A,I_DSK2_PS_BAB,PC_IND_IU3,ITF	80.92 
A,I_DSK2_PS_BAB,PC_IND_IU3,ITG	81.76 
A,I_DSK2_PS_BAB,PC_IND_IU3,ITH	89.41 
A,I_DSK2_PS_BAB,PC_IND_IU3,ITI	87.36 
A,I_DSK2_PS_BAB,PC_IND_IU3,LT	92.72 
A,I_DSK2_PS_BAB,PC_IND_IU3,LU	93.65 
A,I_DSK2_PS_BAB,PC_IND_IU3,LV	94.91 
A,I_DSK2_PS_BAB,PC_IND_IU3,ME	86.24 
A,I_DSK2_PS_BAB,PC_IND_IU3,MK	73.64 
A,I_DSK2_PS_BAB,PC_IND_IU3,MT	92.50 
A,I_DSK2_PS_BAB,PC_IND_IU3,NL	98.78 
A,I_DSK2_PS_BAB,PC_IND_IU3,NL1	98.65 
A,I_DSK2_PS_BAB,PC_IND_IU3,NL2	98.47 
A,I_DSK2_PS_BAB,PC_IND_IU3,NL3	99.20 
A,I_DSK2_PS_BAB,PC_IND_IU3,NL4	98.18 
A,I_DSK2_PS_BAB,PC_IND_IU3,NO	99.40 
A,I_DSK2_PS_BAB,PC_IND_IU3,PL	89.69 
A,I_DSK2_PS_BAB,PC_IND_IU3,PL2	90.81 
A,I_DSK2_PS_BAB,PC_IND_IU3,PL4	86.91 
A,I_DSK2_PS_BAB,PC_IND_IU3,PL5	92.86 
A,I_DSK2_PS_BAB,PC_IND_IU3,PL6	89.89 
A,I_DSK2_PS_BAB,PC_IND_IU3,PL7	88.63 
A,I_DSK2_PS_BAB,PC_IND_IU3,PL8	86.37 
A,I_DSK2_PS_BAB,PC_IND_IU3,PL9	92.63 
A,I_DSK2_PS_BAB,PC_IND_IU3,PT	86.93 
A,I_DSK2_PS_BAB,PC_IND_IU3,PT1	87.11 
A,I_DSK2_PS_BAB,PC_IND_IU3,PT2	82.09 
A,I_DSK2_PS_BAB,PC_IND_IU3,PT3	84.35 
A,I_DSK2_PS_BAB,PC_IND_IU3,RO	72.74 
A,I_DSK2_PS_BAB,PC_IND_IU3,RO1	71.14 
A,I_DSK2_PS_BAB,PC_IND_IU3,RO2	71.05 
A,I_DSK2_PS_BAB,PC_IND_IU3,RO3	77.27 
A,I_DSK2_PS_BAB,PC_IND_IU3,RO4	70.89 
A,I_DSK2_PS_BAB,PC_IND_IU3,RS	86.57 
A,I_DSK2_PS_BAB,PC_IND_IU3,RS1	87.98 
A,I_DSK2_PS_BAB,PC_IND_IU3,RS2	85.00 
A,I_DSK2_PS_BAB,PC_IND_IU3,SE	97.99 
A,I_DSK2_PS_BAB,PC_IND_IU3,SE1	97.90 
A,I_DSK2_PS_BAB,PC_IND_IU3,SE2	98.38 
A,I_DSK2_PS_BAB,PC_IND_IU3,SE3	97.25 
A,I_DSK2_PS_BAB,PC_IND_IU3,SI	88.48 
A,I_DSK2_PS_BAB,PC_IND_IU3,SK	93.08 
A,I_DSK2_PS_BAB,PC_IND_IU3,TR	83.36 
A,I_DSK2_PS_BAB,PC_IND_IU3,TR1	87.27 
A,I_DSK2_PS_BAB,PC_IND_IU3,TR2	82.98 
A,I_DSK2_PS_BAB,PC_IND_IU3,TR3	83.05 
A,I_DSK2_PS_BAB,PC_IND_IU3,TR4	86.96 
A,I_DSK2_PS_BAB,PC_IND_IU3,TR5	86.33 
A,I_DSK2_PS_BAB,PC_IND_IU3,TR6	81.76 
A,I_DSK2_PS_BAB,PC_IND_IU3,TR7	79.75 
A,I_DSK2_PS_BAB,PC_IND_IU3,TR8	76.27 
A,I_DSK2_PS_BAB,PC_IND_IU3,TR9	80.51 
A,I_DSK2_PS_BAB,PC_IND_IU3,TRA	79.78 
A,I_DSK2_PS_BAB,PC_IND_IU3,TRB	82.23 
A,I_DSK2_PS_BAB,PC_IND_IU3,TRC	78.25 
A,I_DSK2_PS_BAB,PC_IND_IU3,XK	86.79 
A,I_DSK2_SF_AB,PC_IND,AL	16.67 
A,I_DSK2_SF_AB,PC_IND,AT	54.02 
A,I_DSK2_SF_AB,PC_IND,AT1	54.24 
A,I_DSK2_SF_AB,PC_IND,AT2	53.49 
A,I_DSK2_SF_AB,PC_IND,AT3	54.04 
A,I_DSK2_SF_AB,PC_IND,BA	22.88 
A,I_DSK2_SF_AB,PC_IND,BE	42.80 
A,I_DSK2_SF_AB,PC_IND,BE1	48.65 
A,I_DSK2_SF_AB,PC_IND,BE2	40.58 
A,I_DSK2_SF_AB,PC_IND,BE3	44.88 
A,I_DSK2_SF_AB,PC_IND,BG	21.16 
A,I_DSK2_SF_AB,PC_IND,BG3	18.38 
A,I_DSK2_SF_AB,PC_IND,BG4	23.71 
A,I_DSK2_SF_AB,PC_IND,CH	70.29 
A,I_DSK2_SF_AB,PC_IND,CY	25.80 
A,I_DSK2_SF_AB,PC_IND,CZ	61.98 
A,I_DSK2_SF_AB,PC_IND,DE	39.38 
A,I_DSK2_SF_AB,PC_IND,DE1	43.01 
A,I_DSK2_SF_AB,PC_IND,DE2	31.96 
A,I_DSK2_SF_AB,PC_IND,DE3	50.39 
A,I_DSK2_SF_AB,PC_IND,DE4	40.02 
A,I_DSK2_SF_AB,PC_IND,DE6	44.17 
A,I_DSK2_SF_AB,PC_IND,DE7	34.61 
A,I_DSK2_SF_AB,PC_IND,DE8	28.88 
A,I_DSK2_SF_AB,PC_IND,DE9	40.21 
A,I_DSK2_SF_AB,PC_IND,DEA	40.47 
A,I_DSK2_SF_AB,PC_IND,DED	46.47 
A,I_DSK2_SF_AB,PC_IND,DEE	38.26 
A,I_DSK2_SF_AB,PC_IND,DEF	41.93 
A,I_DSK2_SF_AB,PC_IND,DK	73.34 
A,I_DSK2_SF_AB,PC_IND,EE	50.76 
A,I_DSK2_SF_AB,PC_IND,EL	41.90 
A,I_DSK2_SF_AB,PC_IND,EL3	38.75 
A,I_DSK2_SF_AB,PC_IND,EL4	43.84 
A,I_DSK2_SF_AB,PC_IND,EL5	49.91 
A,I_DSK2_SF_AB,PC_IND,EL6	36.49 
A,I_DSK2_SF_AB,PC_IND,ES	66.70 
A,I_DSK2_SF_AB,PC_IND,ES1	64.51 
A,I_DSK2_SF_AB,PC_IND,ES2	63.42 
A,I_DSK2_SF_AB,PC_IND,ES3	72.89 
A,I_DSK2_SF_AB,PC_IND,ES4	62.37 
A,I_DSK2_SF_AB,PC_IND,ES5	68.98 
A,I_DSK2_SF_AB,PC_IND,ES6	64.19 
A,I_DSK2_SF_AB,PC_IND,ES7	64.97 
A,I_DSK2_SF_AB,PC_IND,FI	78.29 
A,I_DSK2_SF_AB,PC_IND,FR	52.84 
A,I_DSK2_SF_AB,PC_IND,FR1	55.95 u
A,I_DSK2_SF_AB,PC_IND,FRB	52.65 u
A,I_DSK2_SF_AB,PC_IND,FRC	45.60 u
A,I_DSK2_SF_AB,PC_IND,FRD	55.94 u
A,I_DSK2_SF_AB,PC_IND,FRE	49.58 u
A,I_DSK2_SF_AB,PC_IND,FRF	50.55 u
A,I_DSK2_SF_AB,PC_IND,FRG	52.23 u
A,I_DSK2_SF_AB,PC_IND,FRH	55.10 u
A,I_DSK2_SF_AB,PC_IND,FRI	52.23 u
A,I_DSK2_SF_AB,PC_IND,FRJ	53.26 u
A,I_DSK2_SF_AB,PC_IND,FRK	55.22 u
A,I_DSK2_SF_AB,PC_IND,FRL	52.87 u
A,I_DSK2_SF_AB,PC_IND,FRM	54.58 u
A,I_DSK2_SF_AB,PC_IND,FRY	41.20 u
A,I_DSK2_SF_AB,PC_IND,HR	54.17 
A,I_DSK2_SF_AB,PC_IND,HU	57.82 
A,I_DSK2_SF_AB,PC_IND,HU1	66.89 
A,I_DSK2_SF_AB,PC_IND,HU2	55.53 
A,I_DSK2_SF_AB,PC_IND,HU3	51.99 
A,I_DSK2_SF_AB,PC_IND,IE	66.17 
A,I_DSK2_SF_AB,PC_IND,IT	59.93 
A,I_DSK2_SF_AB,PC_IND,ITC	64.70 
A,I_DSK2_SF_AB,PC_IND,ITF	51.36 
A,I_DSK2_SF_AB,PC_IND,ITG	55.92 
A,I_DSK2_SF_AB,PC_IND,ITH	64.08 
A,I_DSK2_SF_AB,PC_IND,ITI	61.47 
A,I_DSK2_SF_AB,PC_IND,LT	42.40 
A,I_DSK2_SF_AB,PC_IND,LU	39.31 
A,I_DSK2_SF_AB,PC_IND,LV	33.67 
A,I_DSK2_SF_AB,PC_IND,ME	29.48 
A,I_DSK2_SF_AB,PC_IND,MK	21.50 
A,I_DSK2_SF_AB,PC_IND,MT	55.70 
A,I_DSK2_SF_AB,PC_IND,NL	76.71 
A,I_DSK2_SF_AB,PC_IND,NL1	74.65 
A,I_DSK2_SF_AB,PC_IND,NL2	75.56 
A,I_DSK2_SF_AB,PC_IND,NL3	78.83 
A,I_DSK2_SF_AB,PC_IND,NL4	73.95 
A,I_DSK2_SF_AB,PC_IND,NO	70.00 
A,I_DSK2_SF_AB,PC_IND,PL	41.46 
A,I_DSK2_SF_AB,PC_IND,PL2	49.59 
A,I_DSK2_SF_AB,PC_IND,PL4	36.75 
A,I_DSK2_SF_AB,PC_IND,PL5	43.00 
A,I_DSK2_SF_AB,PC_IND,PL6	39.59 
A,I_DSK2_SF_AB,PC_IND,PL7	30.57 
A,I_DSK2_SF_AB,PC_IND,PL8	31.85 
A,I_DSK2_SF_AB,PC_IND,PL9	52.42 
A,I_DSK2_SF_AB,PC_IND,PT	58.64 
A,I_DSK2_SF_AB,PC_IND,PT1	59.12 
A,I_DSK2_SF_AB,PC_IND,PT2	46.50 
A,I_DSK2_SF_AB,PC_IND,PT3	51.99 
A,I_DSK2_SF_AB,PC_IND,RO	24.52 
A,I_DSK2_SF_AB,PC_IND,RO1	23.47 
A,I_DSK2_SF_AB,PC_IND,RO2	24.11 
A,I_DSK2_SF_AB,PC_IND,RO3	29.26 
A,I_DSK2_SF_AB,PC_IND,RO4	19.65 
A,I_DSK2_SF_AB,PC_IND,RS	21.10 
A,I_DSK2_SF_AB,PC_IND,RS1	27.89 
A,I_DSK2_SF_AB,PC_IND,RS2	13.84 
A,I_DSK2_SF_AB,PC_IND,SE	53.98 
A,I_DSK2_SF_AB,PC_IND,SE1	54.95 
A,I_DSK2_SF_AB,PC_IND,SE2	53.58 
A,I_DSK2_SF_AB,PC_IND,SE3	52.62 
A,I_DSK2_SF_AB,PC_IND,SI	29.96 
A,I_DSK2_SF_AB,PC_IND,SK	34.24 
A,I_DSK2_SF_AB,PC_IND,TR	30.60 
A,I_DSK2_SF_AB,PC_IND,TR1	36.93 
A,I_DSK2_SF_AB,PC_IND,TR2	32.30 
A,I_DSK2_SF_AB,PC_IND,TR3	25.24 
A,I_DSK2_SF_AB,PC_IND,TR4	42.04 
A,I_DSK2_SF_AB,PC_IND,TR5	41.17 
A,I_DSK2_SF_AB,PC_IND,TR6	30.88 
A,I_DSK2_SF_AB,PC_IND,TR7	27.24 
A,I_DSK2_SF_AB,PC_IND,TR8	22.35 
A,I_DSK2_SF_AB,PC_IND,TR9	22.77 
A,I_DSK2_SF_AB,PC_IND,TRA	18.86 
A,I_DSK2_SF_AB,PC_IND,TRB	18.66 
A,I_DSK2_SF_AB,PC_IND,TRC	18.17 
A,I_DSK2_SF_AB,PC_IND,XK	18.51 
A,I_DSK2_SF_AB,PC_IND_IU3,AL	19.13 
A,I_DSK2_SF_AB,PC_IND_IU3,AT	56.68 
A,I_DSK2_SF_AB,PC_IND_IU3,AT1	56.08 
A,I_DSK2_SF_AB,PC_IND_IU3,AT2	57.14 
A,I_DSK2_SF_AB,PC_IND_IU3,AT3	57.18 
A,I_DSK2_SF_AB,PC_IND_IU3,BA	25.39 
A,I_DSK2_SF_AB,PC_IND_IU3,BE	44.37 
A,I_DSK2_SF_AB,PC_IND_IU3,BE1	51.47 
A,I_DSK2_SF_AB,PC_IND_IU3,BE2	41.84 
A,I_DSK2_SF_AB,PC_IND_IU3,BE3	46.66 
A,I_DSK2_SF_AB,PC_IND_IU3,BG	24.36 
A,I_DSK2_SF_AB,PC_IND_IU3,BG3	21.39 
A,I_DSK2_SF_AB,PC_IND_IU3,BG4	27.03 
A,I_DSK2_SF_AB,PC_IND_IU3,CH	71.06 
A,I_DSK2_SF_AB,PC_IND_IU3,CY	27.51 
A,I_DSK2_SF_AB,PC_IND_IU3,CZ	65.57 
A,I_DSK2_SF_AB,PC_IND_IU3,DE	41.63 
A,I_DSK2_SF_AB,PC_IND_IU3,DE1	44.83 
A,I_DSK2_SF_AB,PC_IND_IU3,DE2	33.74 
A,I_DSK2_SF_AB,PC_IND_IU3,DE3	54.15 
A,I_DSK2_SF_AB,PC_IND_IU3,DE4	44.27 
A,I_DSK2_SF_AB,PC_IND_IU3,DE6	45.80 
A,I_DSK2_SF_AB,PC_IND_IU3,DE7	36.23 
A,I_DSK2_SF_AB,PC_IND_IU3,DE8	30.86 
A,I_DSK2_SF_AB,PC_IND_IU3,DE9	42.28 
A,I_DSK2_SF_AB,PC_IND_IU3,DEA	42.74 
A,I_DSK2_SF_AB,PC_IND_IU3,DED	48.89 
A,I_DSK2_SF_AB,PC_IND_IU3,DEE	42.56 
A,I_DSK2_SF_AB,PC_IND_IU3,DEF	44.28 
A,I_DSK2_SF_AB,PC_IND_IU3,DK	73.56 
A,I_DSK2_SF_AB,PC_IND_IU3,EE	53.51 
A,I_DSK2_SF_AB,PC_IND_IU3,EL	46.99 
A,I_DSK2_SF_AB,PC_IND_IU3,EL3	41.09 
A,I_DSK2_SF_AB,PC_IND_IU3,EL4	50.90 
A,I_DSK2_SF_AB,PC_IND_IU3,EL5	55.83 
A,I_DSK2_SF_AB,PC_IND_IU3,EL6	44.39 
A,I_DSK2_SF_AB,PC_IND_IU3,ES	69.24 
A,I_DSK2_SF_AB,PC_IND_IU3,ES1	68.51 
A,I_DSK2_SF_AB,PC_IND_IU3,ES2	65.83 
A,I_DSK2_SF_AB,PC_IND_IU3,ES3	74.32 
A,I_DSK2_SF_AB,PC_IND_IU3,ES4	65.55 
A,I_DSK2_SF_AB,PC_IND_IU3,ES5	70.70 
A,I_DSK2_SF_AB,PC_IND_IU3,ES6	67.64 
A,I_DSK2_SF_AB,PC_IND_IU3,ES7	67.42 
A,I_DSK2_SF_AB,PC_IND_IU3,FI	79.83 
A,I_DSK2_SF_AB,PC_IND_IU3,FR	55.63 
A,I_DSK2_SF_AB,PC_IND_IU3,FR1	57.98 u
A,I_DSK2_SF_AB,PC_IND_IU3,FRB	55.16 u
A,I_DSK2_SF_AB,PC_IND_IU3,FRC	49.30 u
A,I_DSK2_SF_AB,PC_IND_IU3,FRD	58.88 u
A,I_DSK2_SF_AB,PC_IND_IU3,FRE	53.03 u
A,I_DSK2_SF_AB,PC_IND_IU3,FRF	53.95 u
A,I_DSK2_SF_AB,PC_IND_IU3,FRG	54.25 u
A,I_DSK2_SF_AB,PC_IND_IU3,FRH	57.81 u
A,I_DSK2_SF_AB,PC_IND_IU3,FRI	54.72 u
A,I_DSK2_SF_AB,PC_IND_IU3,FRJ	56.16 u
A,I_DSK2_SF_AB,PC_IND_IU3,FRK	58.01 u
A,I_DSK2_SF_AB,PC_IND_IU3,FRL	55.19 u
A,I_DSK2_SF_AB,PC_IND_IU3,FRM	59.05 u
A,I_DSK2_SF_AB,PC_IND_IU3,FRY	46.44 u
A,I_DSK2_SF_AB,PC_IND_IU3,HR	63.06 
A,I_DSK2_SF_AB,PC_IND_IU3,HU	62.30 
A,I_DSK2_SF_AB,PC_IND_IU3,HU1	70.26 
A,I_DSK2_SF_AB,PC_IND_IU3,HU2	59.95 
A,I_DSK2_SF_AB,PC_IND_IU3,HU3	57.18 
A,I_DSK2_SF_AB,PC_IND_IU3,IE	66.31 
A,I_DSK2_SF_AB,PC_IND_IU3,IT	66.35 
A,I_DSK2_SF_AB,PC_IND_IU3,ITC	69.64 
A,I_DSK2_SF_AB,PC_IND_IU3,ITF	60.64 
A,I_DSK2_SF_AB,PC_IND_IU3,ITG	64.52 
A,I_DSK2_SF_AB,PC_IND_IU3,ITH	69.27 
A,I_DSK2_SF_AB,PC_IND_IU3,ITI	65.98 
A,I_DSK2_SF_AB,PC_IND_IU3,LT	47.48 
A,I_DSK2_SF_AB,PC_IND_IU3,LU	39.65 
A,I_DSK2_SF_AB,PC_IND_IU3,LV	35.62 
A,I_DSK2_SF_AB,PC_IND_IU3,ME	31.29 
A,I_DSK2_SF_AB,PC_IND_IU3,MK	23.33 
A,I_DSK2_SF_AB,PC_IND_IU3,MT	58.02 
A,I_DSK2_SF_AB,PC_IND_IU3,NL	76.94 
A,I_DSK2_SF_AB,PC_IND_IU3,NL1	74.76 
A,I_DSK2_SF_AB,PC_IND_IU3,NL2	75.73 
A,I_DSK2_SF_AB,PC_IND_IU3,NL3	79.01 
A,I_DSK2_SF_AB,PC_IND_IU3,NL4	74.38 
A,I_DSK2_SF_AB,PC_IND_IU3,NO	70.84 
A,I_DSK2_SF_AB,PC_IND_IU3,PL	46.24 
A,I_DSK2_SF_AB,PC_IND_IU3,PL2	55.04 
A,I_DSK2_SF_AB,PC_IND_IU3,PL4	40.31 
A,I_DSK2_SF_AB,PC_IND_IU3,PL5	45.97 
A,I_DSK2_SF_AB,PC_IND_IU3,PL6	44.44 
A,I_DSK2_SF_AB,PC_IND_IU3,PL7	36.01 
A,I_DSK2_SF_AB,PC_IND_IU3,PL8	36.38 
A,I_DSK2_SF_AB,PC_IND_IU3,PL9	57.50 
A,I_DSK2_SF_AB,PC_IND_IU3,PT	65.56 
A,I_DSK2_SF_AB,PC_IND_IU3,PT1	66.06 
A,I_DSK2_SF_AB,PC_IND_IU3,PT2	52.14 
A,I_DSK2_SF_AB,PC_IND_IU3,PT3	58.86 
A,I_DSK2_SF_AB,PC_IND_IU3,RO	26.32 
A,I_DSK2_SF_AB,PC_IND_IU3,RO1	24.94 
A,I_DSK2_SF_AB,PC_IND_IU3,RO2	26.15 
A,I_DSK2_SF_AB,PC_IND_IU3,RO3	31.34 
A,I_DSK2_SF_AB,PC_IND_IU3,RO4	21.12 
A,I_DSK2_SF_AB,PC_IND_IU3,RS	23.43 
A,I_DSK2_SF_AB,PC_IND_IU3,RS1	30.40 
A,I_DSK2_SF_AB,PC_IND_IU3,RS2	15.68 
A,I_DSK2_SF_AB,PC_IND_IU3,SE	54.94 
A,I_DSK2_SF_AB,PC_IND_IU3,SE1	56.08 
A,I_DSK2_SF_AB,PC_IND_IU3,SE2	54.39 
A,I_DSK2_SF_AB,PC_IND_IU3,SE3	53.57 
A,I_DSK2_SF_AB,PC_IND_IU3,SI	32.72 
A,I_DSK2_SF_AB,PC_IND_IU3,SK	37.02 
A,I_DSK2_SF_AB,PC_IND_IU3,TR	34.08 
A,I_DSK2_SF_AB,PC_IND_IU3,TR1	38.40 
A,I_DSK2_SF_AB,PC_IND_IU3,TR2	36.86 
A,I_DSK2_SF_AB,PC_IND_IU3,TR3	28.46 
A,I_DSK2_SF_AB,PC_IND_IU3,TR4	45.37 
A,I_DSK2_SF_AB,PC_IND_IU3,TR5	45.58 
A,I_DSK2_SF_AB,PC_IND_IU3,TR6	34.60 
A,I_DSK2_SF_AB,PC_IND_IU3,TR7	30.77 
A,I_DSK2_SF_AB,PC_IND_IU3,TR8	25.72 
A,I_DSK2_SF_AB,PC_IND_IU3,TR9	26.84 
A,I_DSK2_SF_AB,PC_IND_IU3,TRA	22.39 
A,I_DSK2_SF_AB,PC_IND_IU3,TRB	23.73 
A,I_DSK2_SF_AB,PC_IND_IU3,TRC	20.98 
A,I_DSK2_SF_AB,PC_IND_IU3,XK	18.80 
A,I_DSK2_SF_B,PC_IND,AL	25.90 
A,I_DSK2_SF_B,PC_IND,AT	22.40 
A,I_DSK2_SF_B,PC_IND,AT1	23.11 
A,I_DSK2_SF_B,PC_IND,AT2	22.08 
A,I_DSK2_SF_B,PC_IND,AT3	21.71 
A,I_DSK2_SF_B,PC_IND,BA	26.17 
A,I_DSK2_SF_B,PC_IND,BE	27.61 
A,I_DSK2_SF_B,PC_IND,BE1	23.93 
A,I_DSK2_SF_B,PC_IND,BE2	28.21 
A,I_DSK2_SF_B,PC_IND,BE3	27.77 
A,I_DSK2_SF_B,PC_IND,BG	33.95 
A,I_DSK2_SF_B,PC_IND,BG3	32.44 
A,I_DSK2_SF_B,PC_IND,BG4	35.34 
A,I_DSK2_SF_B,PC_IND,CH	18.88 
A,I_DSK2_SF_B,PC_IND,CY	40.63 
A,I_DSK2_SF_B,PC_IND,CZ	23.79 
A,I_DSK2_SF_B,PC_IND,DE	33.85 
A,I_DSK2_SF_B,PC_IND,DE1	36.04 
A,I_DSK2_SF_B,PC_IND,DE2	29.85 
A,I_DSK2_SF_B,PC_IND,DE3	28.43 
A,I_DSK2_SF_B,PC_IND,DE4	33.78 
A,I_DSK2_SF_B,PC_IND,DE6	28.46 
A,I_DSK2_SF_B,PC_IND,DE7	32.94 
A,I_DSK2_SF_B,PC_IND,DE8	36.22 
A,I_DSK2_SF_B,PC_IND,DE9	36.08 
A,I_DSK2_SF_B,PC_IND,DEA	36.31 
A,I_DSK2_SF_B,PC_IND,DED	32.22 
A,I_DSK2_SF_B,PC_IND,DEE	28.69 
A,I_DSK2_SF_B,PC_IND,DEF	34.95 
A,I_DSK2_SF_B,PC_IND,DK	17.27 
A,I_DSK2_SF_B,PC_IND,EE	24.19 
A,I_DSK2_SF_B,PC_IND,EL	28.16 
A,I_DSK2_SF_B,PC_IND,EL3	39.15 
A,I_DSK2_SF_B,PC_IND,EL4	18.96 
A,I_DSK2_SF_B,PC_IND,EL5	19.39 
A,I_DSK2_SF_B,PC_IND,EL6	25.51 
A,I_DSK2_SF_B,PC_IND,ES	14.51 
A,I_DSK2_SF_B,PC_IND,ES1	13.31 
A,I_DSK2_SF_B,PC_IND,ES2	17.43 
A,I_DSK2_SF_B,PC_IND,ES3	12.91 
A,I_DSK2_SF_B,PC_IND,ES4	14.57 
A,I_DSK2_SF_B,PC_IND,ES5	14.44 
A,I_DSK2_SF_B,PC_IND,ES6	14.47 
A,I_DSK2_SF_B,PC_IND,ES7	16.38 
A,I_DSK2_SF_B,PC_IND,FI	14.06 
A,I_DSK2_SF_B,PC_IND,FR	25.06 
A,I_DSK2_SF_B,PC_IND,FR1	24.55 u
A,I_DSK2_SF_B,PC_IND,FRB	23.23 u
A,I_DSK2_SF_B,PC_IND,FRC	26.27 u
A,I_DSK2_SF_B,PC_IND,FRD	20.78 u
A,I_DSK2_SF_B,PC_IND,FRE	25.67 u
A,I_DSK2_SF_B,PC_IND,FRF	24.30 u
A,I_DSK2_SF_B,PC_IND,FRG	26.90 u
A,I_DSK2_SF_B,PC_IND,FRH	25.08 u
A,I_DSK2_SF_B,PC_IND,FRI	26.82 u
A,I_DSK2_SF_B,PC_IND,FRJ	25.55 u
A,I_DSK2_SF_B,PC_IND,FRK	25.25 u
A,I_DSK2_SF_B,PC_IND,FRL	26.87 u
A,I_DSK2_SF_B,PC_IND,FRM	24.67 u
A,I_DSK2_SF_B,PC_IND,FRY	20.02 u
A,I_DSK2_SF_B,PC_IND,HR	16.50 
A,I_DSK2_SF_B,PC_IND,HU	22.19 
A,I_DSK2_SF_B,PC_IND,HU1	18.70 
A,I_DSK2_SF_B,PC_IND,HU2	24.56 
A,I_DSK2_SF_B,PC_IND,HU3	23.26 
A,I_DSK2_SF_B,PC_IND,IE	22.29 
A,I_DSK2_SF_B,PC_IND,IT	13.48 
A,I_DSK2_SF_B,PC_IND,ITC	13.88 
A,I_DSK2_SF_B,PC_IND,ITF	13.46 
A,I_DSK2_SF_B,PC_IND,ITG	12.08 
A,I_DSK2_SF_B,PC_IND,ITH	13.61 
A,I_DSK2_SF_B,PC_IND,ITI	13.58 
A,I_DSK2_SF_B,PC_IND,LT	21.91 
A,I_DSK2_SF_B,PC_IND,LU	32.57 
A,I_DSK2_SF_B,PC_IND,LV	30.14 
A,I_DSK2_SF_B,PC_IND,ME	21.65 
A,I_DSK2_SF_B,PC_IND,MK	36.90 
A,I_DSK2_SF_B,PC_IND,MT	21.88 
A,I_DSK2_SF_B,PC_IND,NL	15.55 
A,I_DSK2_SF_B,PC_IND,NL1	16.87 
A,I_DSK2_SF_B,PC_IND,NL2	16.76 
A,I_DSK2_SF_B,PC_IND,NL3	14.15 
A,I_DSK2_SF_B,PC_IND,NL4	16.93 
A,I_DSK2_SF_B,PC_IND,NO	20.05 
A,I_DSK2_SF_B,PC_IND,PL	22.61 
A,I_DSK2_SF_B,PC_IND,PL2	20.02 
A,I_DSK2_SF_B,PC_IND,PL4	21.99 
A,I_DSK2_SF_B,PC_IND,PL5	25.55 
A,I_DSK2_SF_B,PC_IND,PL6	24.93 
A,I_DSK2_SF_B,PC_IND,PL7	28.28 
A,I_DSK2_SF_B,PC_IND,PL8	21.11 
A,I_DSK2_SF_B,PC_IND,PL9	20.96 
A,I_DSK2_SF_B,PC_IND,PT	17.87 
A,I_DSK2_SF_B,PC_IND,PT1	17.67 
A,I_DSK2_SF_B,PC_IND,PT2	24.68 
A,I_DSK2_SF_B,PC_IND,PT3	19.27 
A,I_DSK2_SF_B,PC_IND,RO	28.10 
A,I_DSK2_SF_B,PC_IND,RO1	28.46 
A,I_DSK2_SF_B,PC_IND,RO2	26.99 
A,I_DSK2_SF_B,PC_IND,RO3	27.50 
A,I_DSK2_SF_B,PC_IND,RO4	30.21 
A,I_DSK2_SF_B,PC_IND,RS	27.01 
A,I_DSK2_SF_B,PC_IND,RS1	25.02 
A,I_DSK2_SF_B,PC_IND,RS2	29.12 
A,I_DSK2_SF_B,PC_IND,SE	26.58 
A,I_DSK2_SF_B,PC_IND,SE1	25.50 
A,I_DSK2_SF_B,PC_IND,SE2	27.87 
A,I_DSK2_SF_B,PC_IND,SE3	25.99 
A,I_DSK2_SF_B,PC_IND,SI	26.19 
A,I_DSK2_SF_B,PC_IND,SK	31.81 
A,I_DSK2_SF_B,PC_IND,TR	24.08 
A,I_DSK2_SF_B,PC_IND,TR1	25.17 
A,I_DSK2_SF_B,PC_IND,TR2	25.35 
A,I_DSK2_SF_B,PC_IND,TR3	25.65 
A,I_DSK2_SF_B,PC_IND,TR4	25.82 
A,I_DSK2_SF_B,PC_IND,TR5	26.09 
A,I_DSK2_SF_B,PC_IND,TR6	22.63 
A,I_DSK2_SF_B,PC_IND,TR7	20.40 
A,I_DSK2_SF_B,PC_IND,TR8	23.23 
A,I_DSK2_SF_B,PC_IND,TR9	21.01 
A,I_DSK2_SF_B,PC_IND,TRA	15.27 
A,I_DSK2_SF_B,PC_IND,TRB	19.31 
A,I_DSK2_SF_B,PC_IND,TRC	24.49 
A,I_DSK2_SF_B,PC_IND,XK	78.51 
A,I_DSK2_SF_B,PC_IND_IU3,AL	29.70 
A,I_DSK2_SF_B,PC_IND_IU3,AT	23.51 
A,I_DSK2_SF_B,PC_IND_IU3,AT1	23.90 
A,I_DSK2_SF_B,PC_IND_IU3,AT2	23.59 
A,I_DSK2_SF_B,PC_IND_IU3,AT3	22.97 
A,I_DSK2_SF_B,PC_IND_IU3,BA	29.04 
A,I_DSK2_SF_B,PC_IND_IU3,BE	28.62 
A,I_DSK2_SF_B,PC_IND_IU3,BE1	25.31 
A,I_DSK2_SF_B,PC_IND_IU3,BE2	29.09 
A,I_DSK2_SF_B,PC_IND_IU3,BE3	28.87 
A,I_DSK2_SF_B,PC_IND_IU3,BG	39.10 
A,I_DSK2_SF_B,PC_IND_IU3,BG3	37.76 
A,I_DSK2_SF_B,PC_IND_IU3,BG4	40.30 
A,I_DSK2_SF_B,PC_IND_IU3,CH	19.08 
A,I_DSK2_SF_B,PC_IND_IU3,CY	43.32 
A,I_DSK2_SF_B,PC_IND_IU3,CZ	25.17 
A,I_DSK2_SF_B,PC_IND_IU3,DE	35.78 
A,I_DSK2_SF_B,PC_IND_IU3,DE1	37.57 
A,I_DSK2_SF_B,PC_IND_IU3,DE2	31.52 
A,I_DSK2_SF_B,PC_IND_IU3,DE3	30.55 
A,I_DSK2_SF_B,PC_IND_IU3,DE4	37.37 
A,I_DSK2_SF_B,PC_IND_IU3,DE6	29.50 
A,I_DSK2_SF_B,PC_IND_IU3,DE7	34.49 
A,I_DSK2_SF_B,PC_IND_IU3,DE8	38.71 
A,I_DSK2_SF_B,PC_IND_IU3,DE9	37.93 
A,I_DSK2_SF_B,PC_IND_IU3,DEA	38.34 
A,I_DSK2_SF_B,PC_IND_IU3,DED	33.89 
A,I_DSK2_SF_B,PC_IND_IU3,DEE	31.92 
A,I_DSK2_SF_B,PC_IND_IU3,DEF	36.91 
A,I_DSK2_SF_B,PC_IND_IU3,DK	17.32 
A,I_DSK2_SF_B,PC_IND_IU3,EE	25.50 
A,I_DSK2_SF_B,PC_IND_IU3,EL	31.58 
A,I_DSK2_SF_B,PC_IND_IU3,EL3	41.51 
A,I_DSK2_SF_B,PC_IND_IU3,EL4	22.02 
A,I_DSK2_SF_B,PC_IND_IU3,EL5	21.69 
A,I_DSK2_SF_B,PC_IND_IU3,EL6	31.03 
A,I_DSK2_SF_B,PC_IND_IU3,ES	15.06 
A,I_DSK2_SF_B,PC_IND_IU3,ES1	14.14 
A,I_DSK2_SF_B,PC_IND_IU3,ES2	18.09 
A,I_DSK2_SF_B,PC_IND_IU3,ES3	13.16 
A,I_DSK2_SF_B,PC_IND_IU3,ES4	15.32 
A,I_DSK2_SF_B,PC_IND_IU3,ES5	14.80 
A,I_DSK2_SF_B,PC_IND_IU3,ES6	15.25 
A,I_DSK2_SF_B,PC_IND_IU3,ES7	17.00 
A,I_DSK2_SF_B,PC_IND_IU3,FI	14.34 
A,I_DSK2_SF_B,PC_IND_IU3,FR	26.38 
A,I_DSK2_SF_B,PC_IND_IU3,FR1	25.44 u
A,I_DSK2_SF_B,PC_IND_IU3,FRB	24.33 u
A,I_DSK2_SF_B,PC_IND_IU3,FRC	28.40 u
A,I_DSK2_SF_B,PC_IND_IU3,FRD	21.87 u
A,I_DSK2_SF_B,PC_IND_IU3,FRE	27.45 u
A,I_DSK2_SF_B,PC_IND_IU3,FRF	25.93 u
A,I_DSK2_SF_B,PC_IND_IU3,FRG	27.94 u
A,I_DSK2_SF_B,PC_IND_IU3,FRH	26.32 u
A,I_DSK2_SF_B,PC_IND_IU3,FRI	28.10 u
A,I_DSK2_SF_B,PC_IND_IU3,FRJ	26.94 u
A,I_DSK2_SF_B,PC_IND_IU3,FRK	26.52 u
A,I_DSK2_SF_B,PC_IND_IU3,FRL	28.05 u
A,I_DSK2_SF_B,PC_IND_IU3,FRM	26.69 u
A,I_DSK2_SF_B,PC_IND_IU3,FRY	22.57 u
A,I_DSK2_SF_B,PC_IND_IU3,HR	19.21 
A,I_DSK2_SF_B,PC_IND_IU3,HU	23.91 
A,I_DSK2_SF_B,PC_IND_IU3,HU1	19.64 
A,I_DSK2_SF_B,PC_IND_IU3,HU2	26.52 
A,I_DSK2_SF_B,PC_IND_IU3,HU3	25.59 
A,I_DSK2_SF_B,PC_IND_IU3,IE	22.34 
A,I_DSK2_SF_B,PC_IND_IU3,IT	14.92 
A,I_DSK2_SF_B,PC_IND_IU3,ITC	14.94 
A,I_DSK2_SF_B,PC_IND_IU3,ITF	15.89 
A,I_DSK2_SF_B,PC_IND_IU3,ITG	13.93 
A,I_DSK2_SF_B,PC_IND_IU3,ITH	14.71 
A,I_DSK2_SF_B,PC_IND_IU3,ITI	14.58 
A,I_DSK2_SF_B,PC_IND_IU3,LT	24.54 
A,I_DSK2_SF_B,PC_IND_IU3,LU	32.86 
A,I_DSK2_SF_B,PC_IND_IU3,LV	31.88 
A,I_DSK2_SF_B,PC_IND_IU3,ME	22.98 
A,I_DSK2_SF_B,PC_IND_IU3,MK	40.04 
A,I_DSK2_SF_B,PC_IND_IU3,MT	22.79 
A,I_DSK2_SF_B,PC_IND_IU3,NL	15.60 
A,I_DSK2_SF_B,PC_IND_IU3,NL1	16.89 
A,I_DSK2_SF_B,PC_IND_IU3,NL2	16.80 
A,I_DSK2_SF_B,PC_IND_IU3,NL3	14.19 
A,I_DSK2_SF_B,PC_IND_IU3,NL4	17.03 
A,I_DSK2_SF_B,PC_IND_IU3,NO	20.29 
A,I_DSK2_SF_B,PC_IND_IU3,PL	25.22 
A,I_DSK2_SF_B,PC_IND_IU3,PL2	22.22 
A,I_DSK2_SF_B,PC_IND_IU3,PL4	24.12 
A,I_DSK2_SF_B,PC_IND_IU3,PL5	27.32 
A,I_DSK2_SF_B,PC_IND_IU3,PL6	27.99 
A,I_DSK2_SF_B,PC_IND_IU3,PL7	33.30 
A,I_DSK2_SF_B,PC_IND_IU3,PL8	24.11 
A,I_DSK2_SF_B,PC_IND_IU3,PL9	22.99 
A,I_DSK2_SF_B,PC_IND_IU3,PT	19.98 
A,I_DSK2_SF_B,PC_IND_IU3,PT1	19.74 
A,I_DSK2_SF_B,PC_IND_IU3,PT2	27.68 
A,I_DSK2_SF_B,PC_IND_IU3,PT3	21.81 
A,I_DSK2_SF_B,PC_IND_IU3,RO	30.17 
A,I_DSK2_SF_B,PC_IND_IU3,RO1	30.25 
A,I_DSK2_SF_B,PC_IND_IU3,RO2	29.28 
A,I_DSK2_SF_B,PC_IND_IU3,RO3	29.45 
A,I_DSK2_SF_B,PC_IND_IU3,RO4	32.48 
A,I_DSK2_SF_B,PC_IND_IU3,RS	29.99 
A,I_DSK2_SF_B,PC_IND_IU3,RS1	27.28 
A,I_DSK2_SF_B,PC_IND_IU3,RS2	33.01 
A,I_DSK2_SF_B,PC_IND_IU3,SE	27.05 
A,I_DSK2_SF_B,PC_IND_IU3,SE1	26.02 
A,I_DSK2_SF_B,PC_IND_IU3,SE2	28.29 
A,I_DSK2_SF_B,PC_IND_IU3,SE3	26.45 
A,I_DSK2_SF_B,PC_IND_IU3,SI	28.60 
A,I_DSK2_SF_B,PC_IND_IU3,SK	34.39 
A,I_DSK2_SF_B,PC_IND_IU3,TR	26.83 
A,I_DSK2_SF_B,PC_IND_IU3,TR1	26.18 
A,I_DSK2_SF_B,PC_IND_IU3,TR2	28.93 
A,I_DSK2_SF_B,PC_IND_IU3,TR3	28.92 
A,I_DSK2_SF_B,PC_IND_IU3,TR4	27.87 
A,I_DSK2_SF_B,PC_IND_IU3,TR5	28.89 
A,I_DSK2_SF_B,PC_IND_IU3,TR6	25.35 
A,I_DSK2_SF_B,PC_IND_IU3,TR7	23.05 
A,I_DSK2_SF_B,PC_IND_IU3,TR8	26.73 
A,I_DSK2_SF_B,PC_IND_IU3,TR9	24.76 
A,I_DSK2_SF_B,PC_IND_IU3,TRA	18.14 
A,I_DSK2_SF_B,PC_IND_IU3,TRB	24.56 
A,I_DSK2_SF_B,PC_IND_IU3,TRC	28.27 
A,I_DSK2_SF_B,PC_IND_IU3,XK	79.73 
A,I_DSK2_SF_BAB,PC_IND,AL	42.57 
A,I_DSK2_SF_BAB,PC_IND,AT	76.42 
A,I_DSK2_SF_BAB,PC_IND,AT1	77.35 
A,I_DSK2_SF_BAB,PC_IND,AT2	75.58 
A,I_DSK2_SF_BAB,PC_IND,AT3	75.75 
A,I_DSK2_SF_BAB,PC_IND,BA	49.05 
A,I_DSK2_SF_BAB,PC_IND,BE	70.41 
A,I_DSK2_SF_BAB,PC_IND,BE1	72.58 
A,I_DSK2_SF_BAB,PC_IND,BE2	68.78 
A,I_DSK2_SF_BAB,PC_IND,BE3	72.65 
A,I_DSK2_SF_BAB,PC_IND,BG	55.11 
A,I_DSK2_SF_BAB,PC_IND,BG3	50.82 
A,I_DSK2_SF_BAB,PC_IND,BG4	59.05 
A,I_DSK2_SF_BAB,PC_IND,CH	89.16 
A,I_DSK2_SF_BAB,PC_IND,CY	66.43 
A,I_DSK2_SF_BAB,PC_IND,CZ	85.77 
A,I_DSK2_SF_BAB,PC_IND,DE	73.22 
A,I_DSK2_SF_BAB,PC_IND,DE1	79.06 
A,I_DSK2_SF_BAB,PC_IND,DE2	61.81 
A,I_DSK2_SF_BAB,PC_IND,DE3	78.82 
A,I_DSK2_SF_BAB,PC_IND,DE4	73.80 
A,I_DSK2_SF_BAB,PC_IND,DE6	72.63 
A,I_DSK2_SF_BAB,PC_IND,DE7	67.55 
A,I_DSK2_SF_BAB,PC_IND,DE8	65.10 
A,I_DSK2_SF_BAB,PC_IND,DE9	76.29 
A,I_DSK2_SF_BAB,PC_IND,DEA	76.78 
A,I_DSK2_SF_BAB,PC_IND,DED	78.69 
A,I_DSK2_SF_BAB,PC_IND,DEE	66.95 
A,I_DSK2_SF_BAB,PC_IND,DEF	76.88 
A,I_DSK2_SF_BAB,PC_IND,DK	90.61 
A,I_DSK2_SF_BAB,PC_IND,EE	74.96 
A,I_DSK2_SF_BAB,PC_IND,EL	70.05 
A,I_DSK2_SF_BAB,PC_IND,EL3	77.90 
A,I_DSK2_SF_BAB,PC_IND,EL4	62.80 
A,I_DSK2_SF_BAB,PC_IND,EL5	69.30 
A,I_DSK2_SF_BAB,PC_IND,EL6	62.00 
A,I_DSK2_SF_BAB,PC_IND,ES	81.21 
A,I_DSK2_SF_BAB,PC_IND,ES1	77.83 
A,I_DSK2_SF_BAB,PC_IND,ES2	80.84 
A,I_DSK2_SF_BAB,PC_IND,ES3	85.80 
A,I_DSK2_SF_BAB,PC_IND,ES4	76.94 
A,I_DSK2_SF_BAB,PC_IND,ES5	83.41 
A,I_DSK2_SF_BAB,PC_IND,ES6	78.66 
A,I_DSK2_SF_BAB,PC_IND,ES7	81.35 
A,I_DSK2_SF_BAB,PC_IND,FI	92.35 
A,I_DSK2_SF_BAB,PC_IND,FR	77.90 
A,I_DSK2_SF_BAB,PC_IND,FR1	80.50 u
A,I_DSK2_SF_BAB,PC_IND,FRB	75.88 u
A,I_DSK2_SF_BAB,PC_IND,FRC	71.87 u
A,I_DSK2_SF_BAB,PC_IND,FRD	76.72 u
A,I_DSK2_SF_BAB,PC_IND,FRE	75.25 u
A,I_DSK2_SF_BAB,PC_IND,FRF	74.85 u
A,I_DSK2_SF_BAB,PC_IND,FRG	79.13 u
A,I_DSK2_SF_BAB,PC_IND,FRH	80.18 u
A,I_DSK2_SF_BAB,PC_IND,FRI	79.05 u
A,I_DSK2_SF_BAB,PC_IND,FRJ	78.82 u
A,I_DSK2_SF_BAB,PC_IND,FRK	80.47 u
A,I_DSK2_SF_BAB,PC_IND,FRL	79.73 u
A,I_DSK2_SF_BAB,PC_IND,FRM	79.25 u
A,I_DSK2_SF_BAB,PC_IND,FRY	61.23 u
A,I_DSK2_SF_BAB,PC_IND,HR	70.67 
A,I_DSK2_SF_BAB,PC_IND,HU	80.01 
A,I_DSK2_SF_BAB,PC_IND,HU1	85.59 
A,I_DSK2_SF_BAB,PC_IND,HU2	80.09 
A,I_DSK2_SF_BAB,PC_IND,HU3	75.25 
A,I_DSK2_SF_BAB,PC_IND,IE	88.46 
A,I_DSK2_SF_BAB,PC_IND,IT	73.41 
A,I_DSK2_SF_BAB,PC_IND,ITC	78.58 
A,I_DSK2_SF_BAB,PC_IND,ITF	64.82 
A,I_DSK2_SF_BAB,PC_IND,ITG	68.00 
A,I_DSK2_SF_BAB,PC_IND,ITH	77.68 
A,I_DSK2_SF_BAB,PC_IND,ITI	75.05 
A,I_DSK2_SF_BAB,PC_IND,LT	64.31 
A,I_DSK2_SF_BAB,PC_IND,LU	71.88 
A,I_DSK2_SF_BAB,PC_IND,LV	63.81 
A,I_DSK2_SF_BAB,PC_IND,ME	51.14 
A,I_DSK2_SF_BAB,PC_IND,MK	58.39 
A,I_DSK2_SF_BAB,PC_IND,MT	77.59 
A,I_DSK2_SF_BAB,PC_IND,NL	92.26 
A,I_DSK2_SF_BAB,PC_IND,NL1	91.52 
A,I_DSK2_SF_BAB,PC_IND,NL2	92.32 
A,I_DSK2_SF_BAB,PC_IND,NL3	92.99 
A,I_DSK2_SF_BAB,PC_IND,NL4	90.88 
A,I_DSK2_SF_BAB,PC_IND,NO	90.05 
A,I_DSK2_SF_BAB,PC_IND,PL	64.07 
A,I_DSK2_SF_BAB,PC_IND,PL2	69.62 
A,I_DSK2_SF_BAB,PC_IND,PL4	58.74 
A,I_DSK2_SF_BAB,PC_IND,PL5	68.55 
A,I_DSK2_SF_BAB,PC_IND,PL6	64.52 
A,I_DSK2_SF_BAB,PC_IND,PL7	58.85 
A,I_DSK2_SF_BAB,PC_IND,PL8	52.96 
A,I_DSK2_SF_BAB,PC_IND,PL9	73.38 
A,I_DSK2_SF_BAB,PC_IND,PT	76.52 
A,I_DSK2_SF_BAB,PC_IND,PT1	76.79 
A,I_DSK2_SF_BAB,PC_IND,PT2	71.18 
A,I_DSK2_SF_BAB,PC_IND,PT3	71.26 
A,I_DSK2_SF_BAB,PC_IND,RO	52.62 
A,I_DSK2_SF_BAB,PC_IND,RO1	51.93 
A,I_DSK2_SF_BAB,PC_IND,RO2	51.10 
A,I_DSK2_SF_BAB,PC_IND,RO3	56.75 
A,I_DSK2_SF_BAB,PC_IND,RO4	49.86 
A,I_DSK2_SF_BAB,PC_IND,RS	48.10 
A,I_DSK2_SF_BAB,PC_IND,RS1	52.91 
A,I_DSK2_SF_BAB,PC_IND,RS2	42.96 
A,I_DSK2_SF_BAB,PC_IND,SE	80.56 
A,I_DSK2_SF_BAB,PC_IND,SE1	80.45 
A,I_DSK2_SF_BAB,PC_IND,SE2	81.45 
A,I_DSK2_SF_BAB,PC_IND,SE3	78.61 
A,I_DSK2_SF_BAB,PC_IND,SI	56.16 
A,I_DSK2_SF_BAB,PC_IND,SK	66.05 
A,I_DSK2_SF_BAB,PC_IND,TR	54.68 
A,I_DSK2_SF_BAB,PC_IND,TR1	62.10 
A,I_DSK2_SF_BAB,PC_IND,TR2	57.65 
A,I_DSK2_SF_BAB,PC_IND,TR3	50.88 
A,I_DSK2_SF_BAB,PC_IND,TR4	67.87 
A,I_DSK2_SF_BAB,PC_IND,TR5	67.27 
A,I_DSK2_SF_BAB,PC_IND,TR6	53.51 
A,I_DSK2_SF_BAB,PC_IND,TR7	47.64 
A,I_DSK2_SF_BAB,PC_IND,TR8	45.58 
A,I_DSK2_SF_BAB,PC_IND,TR9	43.77 
A,I_DSK2_SF_BAB,PC_IND,TRA	34.13 
A,I_DSK2_SF_BAB,PC_IND,TRB	37.97 
A,I_DSK2_SF_BAB,PC_IND,TRC	42.66 
A,I_DSK2_SF_BAB,PC_IND,XK	97.02 
A,I_DSK2_SF_BAB,PC_IND_IU3,AL	48.83 
A,I_DSK2_SF_BAB,PC_IND_IU3,AT	80.19 
A,I_DSK2_SF_BAB,PC_IND_IU3,AT1	79.98 
A,I_DSK2_SF_BAB,PC_IND_IU3,AT2	80.72 
A,I_DSK2_SF_BAB,PC_IND_IU3,AT3	80.15 
A,I_DSK2_SF_BAB,PC_IND_IU3,BA	54.44 
A,I_DSK2_SF_BAB,PC_IND_IU3,BE	72.99 
A,I_DSK2_SF_BAB,PC_IND_IU3,BE1	76.79 
A,I_DSK2_SF_BAB,PC_IND_IU3,BE2	70.93 
A,I_DSK2_SF_BAB,PC_IND_IU3,BE3	75.54 
A,I_DSK2_SF_BAB,PC_IND_IU3,BG	63.46 
A,I_DSK2_SF_BAB,PC_IND_IU3,BG3	59.15 
A,I_DSK2_SF_BAB,PC_IND_IU3,BG4	67.33 
A,I_DSK2_SF_BAB,PC_IND_IU3,CH	90.14 
A,I_DSK2_SF_BAB,PC_IND_IU3,CY	70.83 
A,I_DSK2_SF_BAB,PC_IND_IU3,CZ	90.74 
A,I_DSK2_SF_BAB,PC_IND_IU3,DE	77.42 
A,I_DSK2_SF_BAB,PC_IND_IU3,DE1	82.40 
A,I_DSK2_SF_BAB,PC_IND_IU3,DE2	65.25 
A,I_DSK2_SF_BAB,PC_IND_IU3,DE3	84.70 
A,I_DSK2_SF_BAB,PC_IND_IU3,DE4	81.64 
A,I_DSK2_SF_BAB,PC_IND_IU3,DE6	75.30 
A,I_DSK2_SF_BAB,PC_IND_IU3,DE7	70.72 
A,I_DSK2_SF_BAB,PC_IND_IU3,DE8	69.56 
A,I_DSK2_SF_BAB,PC_IND_IU3,DE9	80.21 
A,I_DSK2_SF_BAB,PC_IND_IU3,DEA	81.08 
A,I_DSK2_SF_BAB,PC_IND_IU3,DED	82.78 
A,I_DSK2_SF_BAB,PC_IND_IU3,DEE	74.47 
A,I_DSK2_SF_BAB,PC_IND_IU3,DEF	81.18 
A,I_DSK2_SF_BAB,PC_IND_IU3,DK	90.88 
A,I_DSK2_SF_BAB,PC_IND_IU3,EE	79.02 
A,I_DSK2_SF_BAB,PC_IND_IU3,EL	78.58 
A,I_DSK2_SF_BAB,PC_IND_IU3,EL3	82.60 
A,I_DSK2_SF_BAB,PC_IND_IU3,EL4	72.92 
A,I_DSK2_SF_BAB,PC_IND_IU3,EL5	77.52 
A,I_DSK2_SF_BAB,PC_IND_IU3,EL6	75.43 
A,I_DSK2_SF_BAB,PC_IND_IU3,ES	84.30 
A,I_DSK2_SF_BAB,PC_IND_IU3,ES1	82.64 
A,I_DSK2_SF_BAB,PC_IND_IU3,ES2	83.91 
A,I_DSK2_SF_BAB,PC_IND_IU3,ES3	87.49 
A,I_DSK2_SF_BAB,PC_IND_IU3,ES4	80.87 
A,I_DSK2_SF_BAB,PC_IND_IU3,ES5	85.49 
A,I_DSK2_SF_BAB,PC_IND_IU3,ES6	82.89 
A,I_DSK2_SF_BAB,PC_IND_IU3,ES7	84.42 
A,I_DSK2_SF_BAB,PC_IND_IU3,FI	94.16 
A,I_DSK2_SF_BAB,PC_IND_IU3,FR	82.02 
A,I_DSK2_SF_BAB,PC_IND_IU3,FR1	83.42 u
A,I_DSK2_SF_BAB,PC_IND_IU3,FRB	79.49 u
A,I_DSK2_SF_BAB,PC_IND_IU3,FRC	77.71 u
A,I_DSK2_SF_BAB,PC_IND_IU3,FRD	80.75 u
A,I_DSK2_SF_BAB,PC_IND_IU3,FRE	80.48 u
A,I_DSK2_SF_BAB,PC_IND_IU3,FRF	79.88 u
A,I_DSK2_SF_BAB,PC_IND_IU3,FRG	82.20 u
A,I_DSK2_SF_BAB,PC_IND_IU3,FRH	84.13 u
A,I_DSK2_SF_BAB,PC_IND_IU3,FRI	82.81 u
A,I_DSK2_SF_BAB,PC_IND_IU3,FRJ	83.10 u
A,I_DSK2_SF_BAB,PC_IND_IU3,FRK	84.53 u
A,I_DSK2_SF_BAB,PC_IND_IU3,FRL	83.24 u
A,I_DSK2_SF_BAB,PC_IND_IU3,FRM	85.74 u
A,I_DSK2_SF_BAB,PC_IND_IU3,FRY	69.00 u
A,I_DSK2_SF_BAB,PC_IND_IU3,HR	82.27 
A,I_DSK2_SF_BAB,PC_IND_IU3,HU	86.22 
A,I_DSK2_SF_BAB,PC_IND_IU3,HU1	89.90 
A,I_DSK2_SF_BAB,PC_IND_IU3,HU2	86.46 
A,I_DSK2_SF_BAB,PC_IND_IU3,HU3	82.77 
A,I_DSK2_SF_BAB,PC_IND_IU3,IE	88.66 
A,I_DSK2_SF_BAB,PC_IND_IU3,IT	81.27 
A,I_DSK2_SF_BAB,PC_IND_IU3,ITC	84.58 
A,I_DSK2_SF_BAB,PC_IND_IU3,ITF	76.53 
A,I_DSK2_SF_BAB,PC_IND_IU3,ITG	78.45 
A,I_DSK2_SF_BAB,PC_IND_IU3,ITH	83.98 
A,I_DSK2_SF_BAB,PC_IND_IU3,ITI	80.56 
A,I_DSK2_SF_BAB,PC_IND_IU3,LT	72.02 
A,I_DSK2_SF_BAB,PC_IND_IU3,LU	72.51 
A,I_DSK2_SF_BAB,PC_IND_IU3,LV	67.50 
A,I_DSK2_SF_BAB,PC_IND_IU3,ME	54.27 
A,I_DSK2_SF_BAB,PC_IND_IU3,MK	63.37 
A,I_DSK2_SF_BAB,PC_IND_IU3,MT	80.81 
A,I_DSK2_SF_BAB,PC_IND_IU3,NL	92.53 
A,I_DSK2_SF_BAB,PC_IND_IU3,NL1	91.65 
A,I_DSK2_SF_BAB,PC_IND_IU3,NL2	92.53 
A,I_DSK2_SF_BAB,PC_IND_IU3,NL3	93.20 
A,I_DSK2_SF_BAB,PC_IND_IU3,NL4	91.41 
A,I_DSK2_SF_BAB,PC_IND_IU3,NO	91.13 
A,I_DSK2_SF_BAB,PC_IND_IU3,PL	71.46 
A,I_DSK2_SF_BAB,PC_IND_IU3,PL2	77.26 
A,I_DSK2_SF_BAB,PC_IND_IU3,PL4	64.44 
A,I_DSK2_SF_BAB,PC_IND_IU3,PL5	73.29 
A,I_DSK2_SF_BAB,PC_IND_IU3,PL6	72.43 
A,I_DSK2_SF_BAB,PC_IND_IU3,PL7	69.31 
A,I_DSK2_SF_BAB,PC_IND_IU3,PL8	60.50 
A,I_DSK2_SF_BAB,PC_IND_IU3,PL9	80.49 
A,I_DSK2_SF_BAB,PC_IND_IU3,PT	85.54 
A,I_DSK2_SF_BAB,PC_IND_IU3,PT1	85.81 
A,I_DSK2_SF_BAB,PC_IND_IU3,PT2	79.81 
A,I_DSK2_SF_BAB,PC_IND_IU3,PT3	80.68 
A,I_DSK2_SF_BAB,PC_IND_IU3,RO	56.49 
A,I_DSK2_SF_BAB,PC_IND_IU3,RO1	55.19 
A,I_DSK2_SF_BAB,PC_IND_IU3,RO2	55.42 
A,I_DSK2_SF_BAB,PC_IND_IU3,RO3	60.79 
A,I_DSK2_SF_BAB,PC_IND_IU3,RO4	53.60 
A,I_DSK2_SF_BAB,PC_IND_IU3,RS	53.42 
A,I_DSK2_SF_BAB,PC_IND_IU3,RS1	57.68 
A,I_DSK2_SF_BAB,PC_IND_IU3,RS2	48.69 
A,I_DSK2_SF_BAB,PC_IND_IU3,SE	81.99 
A,I_DSK2_SF_BAB,PC_IND_IU3,SE1	82.10 
A,I_DSK2_SF_BAB,PC_IND_IU3,SE2	82.68 
A,I_DSK2_SF_BAB,PC_IND_IU3,SE3	80.02 
A,I_DSK2_SF_BAB,PC_IND_IU3,SI	61.33 
A,I_DSK2_SF_BAB,PC_IND_IU3,SK	71.41 
A,I_DSK2_SF_BAB,PC_IND_IU3,TR	60.91 
A,I_DSK2_SF_BAB,PC_IND_IU3,TR1	64.58 
A,I_DSK2_SF_BAB,PC_IND_IU3,TR2	65.79 
A,I_DSK2_SF_BAB,PC_IND_IU3,TR3	57.38 
A,I_DSK2_SF_BAB,PC_IND_IU3,TR4	73.23 
A,I_DSK2_SF_BAB,PC_IND_IU3,TR5	74.47 
A,I_DSK2_SF_BAB,PC_IND_IU3,TR6	59.96 
A,I_DSK2_SF_BAB,PC_IND_IU3,TR7	53.81 
A,I_DSK2_SF_BAB,PC_IND_IU3,TR8	52.45 
A,I_DSK2_SF_BAB,PC_IND_IU3,TR9	51.60 
A,I_DSK2_SF_BAB,PC_IND_IU3,TRA	40.54 
A,I_DSK2_SF_BAB,PC_IND_IU3,TRB	48.29 
A,I_DSK2_SF_BAB,PC_IND_IU3,TRC	49.24 
A,I_DSK2_SF_BAB,PC_IND_IU3,XK	98.53 
A,I_DSK2_X,PC_IND,AL	3.22 
A,I_DSK2_X,PC_IND,AT	1.50 
A,I_DSK2_X,PC_IND,AT1	1.19 
A,I_DSK2_X,PC_IND,AT2	2.12 
A,I_DSK2_X,PC_IND,AT3	1.55 
A,I_DSK2_X,PC_IND,BA	4.49 
A,I_DSK2_X,PC_IND,BE	2.11 
A,I_DSK2_X,PC_IND,BE1	3.78 
A,I_DSK2_X,PC_IND,BE2	1.31 
A,I_DSK2_X,PC_IND,BE3	3.00 
A,I_DSK2_X,PC_IND,BG	6.65 
A,I_DSK2_X,PC_IND,BG3	7.16 
A,I_DSK2_X,PC_IND,BG4	6.18 
A,I_DSK2_X,PC_IND,CH	1.26 
A,I_DSK2_X,PC_IND,CY	1.68 
A,I_DSK2_X,PC_IND,CZ	1.05 
A,I_DSK2_X,PC_IND,DE	1.66 
A,I_DSK2_X,PC_IND,DE2	2.51 
A,I_DSK2_X,PC_IND,DE3	1.08 
A,I_DSK2_X,PC_IND,DE4	1.09 
A,I_DSK2_X,PC_IND,DE6	1.37 
A,I_DSK2_X,PC_IND,DE7	3.16 
A,I_DSK2_X,PC_IND,DE8	1.89 u
A,I_DSK2_X,PC_IND,DE9	0.63 
A,I_DSK2_X,PC_IND,DEA	1.21 
A,I_DSK2_X,PC_IND,DED	2.51 
A,I_DSK2_X,PC_IND,DEE	1.49 
A,I_DSK2_X,PC_IND,DEF	0.98 
A,I_DSK2_X,PC_IND,DK	0.67 
A,I_DSK2_X,PC_IND,EE	2.16 
A,I_DSK2_X,PC_IND,EL	1.68 
A,I_DSK2_X,PC_IND,EL3	1.87 
A,I_DSK2_X,PC_IND,EL4	1.63 
A,I_DSK2_X,PC_IND,EL5	1.24 
A,I_DSK2_X,PC_IND,EL6	1.90 
A,I_DSK2_X,PC_IND,ES	1.91 
A,I_DSK2_X,PC_IND,ES1	2.60 
A,I_DSK2_X,PC_IND,ES2	1.86 
A,I_DSK2_X,PC_IND,ES3	0.81 
A,I_DSK2_X,PC_IND,ES4	2.42 
A,I_DSK2_X,PC_IND,ES5	1.52 
A,I_DSK2_X,PC_IND,ES6	2.52 
A,I_DSK2_X,PC_IND,ES7	2.68 
A,I_DSK2_X,PC_IND,FI	0.33 
A,I_DSK2_X,PC_IND,FR	1.79 
A,I_DSK2_X,PC_IND,FR1	1.28 u
A,I_DSK2_X,PC_IND,FRB	1.53 u
A,I_DSK2_X,PC_IND,FRC	2.39 u
A,I_DSK2_X,PC_IND,FRD	1.33 u
A,I_DSK2_X,PC_IND,FRE	2.10 u
A,I_DSK2_X,PC_IND,FRF	2.05 u
A,I_DSK2_X,PC_IND,FRG	1.76 u
A,I_DSK2_X,PC_IND,FRH	1.80 u
A,I_DSK2_X,PC_IND,FRI	2.05 u
A,I_DSK2_X,PC_IND,FRJ	2.11 u
A,I_DSK2_X,PC_IND,FRK	1.02 u
A,I_DSK2_X,PC_IND,FRL	1.61 u
A,I_DSK2_X,PC_IND,FRM	3.18 u
A,I_DSK2_X,PC_IND,FRY	5.51 u
A,I_DSK2_X,PC_IND,HR	0.57 
A,I_DSK2_X,PC_IND,HU	2.75 
A,I_DSK2_X,PC_IND,HU1	1.63 
A,I_DSK2_X,PC_IND,HU2	2.96 
A,I_DSK2_X,PC_IND,HU3	3.52 
A,I_DSK2_X,PC_IND,IE	0.12 
A,I_DSK2_X,PC_IND,IT	4.54 
A,I_DSK2_X,PC_IND,ITC	3.15 
A,I_DSK2_X,PC_IND,ITF	6.38 
A,I_DSK2_X,PC_IND,ITG	5.40 
A,I_DSK2_X,PC_IND,ITH	3.35 
A,I_DSK2_X,PC_IND,ITI	4.99 
A,I_DSK2_X,PC_IND,LT	2.43 
A,I_DSK2_X,PC_IND,LU	3.02 
A,I_DSK2_X,PC_IND,LV	2.35 
A,I_DSK2_X,PC_IND,ME	0.19 
A,I_DSK2_X,PC_IND,MK	8.16 
A,I_DSK2_X,PC_IND,MT	2.60 
A,I_DSK2_X,PC_IND,NL	0.27 
A,I_DSK2_X,PC_IND,NL1	0 
A,I_DSK2_X,PC_IND,NL2	0.53 
A,I_DSK2_X,PC_IND,NL3	0.11 
A,I_DSK2_X,PC_IND,NL4	0.50 
A,I_DSK2_X,PC_IND,NO	0.38 
A,I_DSK2_X,PC_IND,PL	3.27 
A,I_DSK2_X,PC_IND,PL2	2.33 
A,I_DSK2_X,PC_IND,PL4	4.15 
A,I_DSK2_X,PC_IND,PL5	2.60 
A,I_DSK2_X,PC_IND,PL6	3.21 
A,I_DSK2_X,PC_IND,PL7	3.05 
A,I_DSK2_X,PC_IND,PL8	4.03 
A,I_DSK2_X,PC_IND,PL9	3.50 
A,I_DSK2_X,PC_IND,PT	2.69 
A,I_DSK2_X,PC_IND,PT1	2.61 
A,I_DSK2_X,PC_IND,PT2	4.20 
A,I_DSK2_X,PC_IND,PT3	4.11 
A,I_DSK2_X,PC_IND,RO	8.98 
A,I_DSK2_X,PC_IND,RO1	11.27 
A,I_DSK2_X,PC_IND,RO2	11.45 
A,I_DSK2_X,PC_IND,RO3	4.41 
A,I_DSK2_X,PC_IND,RO4	8.72 
A,I_DSK2_X,PC_IND,RS	2.04 
A,I_DSK2_X,PC_IND,RS1	1.17 
A,I_DSK2_X,PC_IND,RS2	2.96 
A,I_DSK2_X,PC_IND,SE	0.91 
A,I_DSK2_X,PC_IND,SE1	0.92 
A,I_DSK2_X,PC_IND,SE2	0.72 
A,I_DSK2_X,PC_IND,SE3	1.35 
A,I_DSK2_X,PC_IND,SI	2.50 
A,I_DSK2_X,PC_IND,SK	2.45 
A,I_DSK2_X,PC_IND,TR	6.60 
A,I_DSK2_X,PC_IND,TR1	5.05 
A,I_DSK2_X,PC_IND,TR2	6.82 
A,I_DSK2_X,PC_IND,TR3	6.01 
A,I_DSK2_X,PC_IND,TR4	4.96 
A,I_DSK2_X,PC_IND,TR5	4.87 
A,I_DSK2_X,PC_IND,TR6	7.86 
A,I_DSK2_X,PC_IND,TR7	7.83 
A,I_DSK2_X,PC_IND,TR8	9.22 
A,I_DSK2_X,PC_IND,TR9	10.04 
A,I_DSK2_X,PC_IND,TRA	11.20 
A,I_DSK2_X,PC_IND,TRB	6.04 
A,I_DSK2_X,PC_IND,TRC	8.24 
A,I_DSK2_X,PC_IND_IU3,AL	3.70 
A,I_DSK2_X,PC_IND_IU3,AT	1.58 
A,I_DSK2_X,PC_IND_IU3,AT1	1.23 
A,I_DSK2_X,PC_IND_IU3,AT2	2.27 
A,I_DSK2_X,PC_IND_IU3,AT3	1.64 
A,I_DSK2_X,PC_IND_IU3,BA	4.98 
A,I_DSK2_X,PC_IND_IU3,BE	2.18 
A,I_DSK2_X,PC_IND_IU3,BE1	4.00 
A,I_DSK2_X,PC_IND_IU3,BE2	1.35 
A,I_DSK2_X,PC_IND_IU3,BE3	3.11 
A,I_DSK2_X,PC_IND_IU3,BG	7.66 
A,I_DSK2_X,PC_IND_IU3,BG3	8.33 
A,I_DSK2_X,PC_IND_IU3,BG4	7.04 
A,I_DSK2_X,PC_IND_IU3,CH	1.27 
A,I_DSK2_X,PC_IND_IU3,CY	1.79 
A,I_DSK2_X,PC_IND_IU3,CZ	1.11 
A,I_DSK2_X,PC_IND_IU3,DE	1.75 
A,I_DSK2_X,PC_IND_IU3,DE2	2.65 
A,I_DSK2_X,PC_IND_IU3,DE3	1.16 
A,I_DSK2_X,PC_IND_IU3,DE4	1.20 
A,I_DSK2_X,PC_IND_IU3,DE6	1.42 
A,I_DSK2_X,PC_IND_IU3,DE7	3.31 
A,I_DSK2_X,PC_IND_IU3,DE8	2.02 u
A,I_DSK2_X,PC_IND_IU3,DE9	0.66 
A,I_DSK2_X,PC_IND_IU3,DEA	1.28 
A,I_DSK2_X,PC_IND_IU3,DED	2.64 
A,I_DSK2_X,PC_IND_IU3,DEE	1.66 
A,I_DSK2_X,PC_IND_IU3,DEF	1.03 
A,I_DSK2_X,PC_IND_IU3,DK	0.68 
A,I_DSK2_X,PC_IND_IU3,EE	2.28 
A,I_DSK2_X,PC_IND_IU3,EL	1.88 
A,I_DSK2_X,PC_IND_IU3,EL3	1.99 
A,I_DSK2_X,PC_IND_IU3,EL4	1.90 
A,I_DSK2_X,PC_IND_IU3,EL5	1.39 
A,I_DSK2_X,PC_IND_IU3,EL6	2.32 
A,I_DSK2_X,PC_IND_IU3,ES	1.98 
A,I_DSK2_X,PC_IND_IU3,ES1	2.76 
A,I_DSK2_X,PC_IND_IU3,ES2	1.93 
A,I_DSK2_X,PC_IND_IU3,ES3	0.83 
A,I_DSK2_X,PC_IND_IU3,ES4	2.55 
A,I_DSK2_X,PC_IND_IU3,ES5	1.55 
A,I_DSK2_X,PC_IND_IU3,ES6	2.65 
A,I_DSK2_X,PC_IND_IU3,ES7	2.78 
A,I_DSK2_X,PC_IND_IU3,FI	0.33 
A,I_DSK2_X,PC_IND_IU3,FR	1.88 
A,I_DSK2_X,PC_IND_IU3,FR1	1.32 u
A,I_DSK2_X,PC_IND_IU3,FRB	1.61 u
A,I_DSK2_X,PC_IND_IU3,FRC	2.58 u
A,I_DSK2_X,PC_IND_IU3,FRD	1.40 u
A,I_DSK2_X,PC_IND_IU3,FRE	2.25 u
A,I_DSK2_X,PC_IND_IU3,FRF	2.19 u
A,I_DSK2_X,PC_IND_IU3,FRG	1.82 u
A,I_DSK2_X,PC_IND_IU3,FRH	1.89 u
A,I_DSK2_X,PC_IND_IU3,FRI	2.15 u
A,I_DSK2_X,PC_IND_IU3,FRJ	2.23 u
A,I_DSK2_X,PC_IND_IU3,FRK	1.08 u
A,I_DSK2_X,PC_IND_IU3,FRL	1.68 u
A,I_DSK2_X,PC_IND_IU3,FRM	3.44 u
A,I_DSK2_X,PC_IND_IU3,FRY	6.21 u
A,I_DSK2_X,PC_IND_IU3,HR	0.67 
A,I_DSK2_X,PC_IND_IU3,HU	2.96 
A,I_DSK2_X,PC_IND_IU3,HU1	1.72 
A,I_DSK2_X,PC_IND_IU3,HU2	3.19 
A,I_DSK2_X,PC_IND_IU3,HU3	3.87 
A,I_DSK2_X,PC_IND_IU3,IE	0.12 
A,I_DSK2_X,PC_IND_IU3,IT	5.02 
A,I_DSK2_X,PC_IND_IU3,ITC	3.39 
A,I_DSK2_X,PC_IND_IU3,ITF	7.53 
A,I_DSK2_X,PC_IND_IU3,ITG	6.23 
A,I_DSK2_X,PC_IND_IU3,ITH	3.62 
A,I_DSK2_X,PC_IND_IU3,ITI	5.36 
A,I_DSK2_X,PC_IND_IU3,LT	2.72 
A,I_DSK2_X,PC_IND_IU3,LU	3.04 
A,I_DSK2_X,PC_IND_IU3,LV	2.48 
A,I_DSK2_X,PC_IND_IU3,ME	0.20 
A,I_DSK2_X,PC_IND_IU3,MK	8.86 
A,I_DSK2_X,PC_IND_IU3,MT	2.71 
A,I_DSK2_X,PC_IND_IU3,NL	0.27 
A,I_DSK2_X,PC_IND_IU3,NL1	0 
A,I_DSK2_X,PC_IND_IU3,NL2	0.53 
A,I_DSK2_X,PC_IND_IU3,NL3	0.11 
A,I_DSK2_X,PC_IND_IU3,NL4	0.50 
A,I_DSK2_X,PC_IND_IU3,NO	0.38 
A,I_DSK2_X,PC_IND_IU3,PL	3.64 
A,I_DSK2_X,PC_IND_IU3,PL2	2.58 
A,I_DSK2_X,PC_IND_IU3,PL4	4.55 
A,I_DSK2_X,PC_IND_IU3,PL5	2.78 
A,I_DSK2_X,PC_IND_IU3,PL6	3.60 
A,I_DSK2_X,PC_IND_IU3,PL7	3.59 
A,I_DSK2_X,PC_IND_IU3,PL8	4.61 
A,I_DSK2_X,PC_IND_IU3,PL9	3.84 
A,I_DSK2_X,PC_IND_IU3,PT	3.01 
A,I_DSK2_X,PC_IND_IU3,PT1	2.92 
A,I_DSK2_X,PC_IND_IU3,PT2	4.71 
A,I_DSK2_X,PC_IND_IU3,PT3	4.66 
A,I_DSK2_X,PC_IND_IU3,RO	9.64 
A,I_DSK2_X,PC_IND_IU3,RO1	11.98 
A,I_DSK2_X,PC_IND_IU3,RO2	12.42 
A,I_DSK2_X,PC_IND_IU3,RO3	4.73 
A,I_DSK2_X,PC_IND_IU3,RO4	9.37 
A,I_DSK2_X,PC_IND_IU3,RS	2.26 
A,I_DSK2_X,PC_IND_IU3,RS1	1.28 
A,I_DSK2_X,PC_IND_IU3,RS2	3.36 
A,I_DSK2_X,PC_IND_IU3,SE	0.93 
A,I_DSK2_X,PC_IND_IU3,SE1	0.94 
A,I_DSK2_X,PC_IND_IU3,SE2	0.74 
A,I_DSK2_X,PC_IND_IU3,SE3	1.38 
A,I_DSK2_X,PC_IND_IU3,SI	2.73 
A,I_DSK2_X,PC_IND_IU3,SK	2.65 
A,I_DSK2_X,PC_IND_IU3,TR	7.35 
A,I_DSK2_X,PC_IND_IU3,TR1	5.25 
A,I_DSK2_X,PC_IND_IU3,TR2	7.79 
A,I_DSK2_X,PC_IND_IU3,TR3	6.77 
A,I_DSK2_X,PC_IND_IU3,TR4	5.35 
A,I_DSK2_X,PC_IND_IU3,TR5	5.39 
A,I_DSK2_X,PC_IND_IU3,TR6	8.81 
A,I_DSK2_X,PC_IND_IU3,TR7	8.84 
A,I_DSK2_X,PC_IND_IU3,TR8	10.61 
A,I_DSK2_X,PC_IND_IU3,TR9	11.83 
A,I_DSK2_X,PC_IND_IU3,TRA	13.31 
A,I_DSK2_X,PC_IND_IU3,TRB	7.68 
A,I_DSK2_X,PC_IND_IU3,TRC	9.51 
